emdb_id,f1_score,kde_value,mean_value
0257,0.8788453884378271,1.9118158004709962,0.45222762
0257,0.8788453884378271,1.916226193671656,0.45222762
0257,0.8788453884378271,1.920387051803368,0.45222762
0257,0.8788453884378271,1.9242972691863027,0.45222762
0257,0.8788453884378271,1.9279558524654807,0.45222762
0257,0.8788453884378271,1.9313619211768625,0.45222762
0257,0.8788453884378271,1.9345147082276033,0.45222762
0257,0.8788453884378271,1.9374135602899758,0.45222762
0257,0.8788453884378271,1.9400579381087564,0.45222762
0257,0.8788453884378271,1.9424474167217602,0.45222762
0257,0.8788453884378271,1.944581685593467,0.45222762
0257,0.8788453884378271,1.9464605486616413,0.45222762
0257,0.8788453884378271,1.9480839242970203,0.45222762
0257,0.8788453884378271,1.9494518451762661,0.45222762
0257,0.8788453884378271,1.950564458068351,0.45222762
0257,0.8788453884378271,1.9514220235347448,0.45222762
0257,0.8788453884378271,1.9520249155438658,0.45222762
0257,0.8788453884378271,1.9523736210002203,0.45222762
0257,0.8788453884378271,1.9524687391889597,0.45222762
0257,0.8788453884378271,1.9523109811364165,0.45222762
0257,0.8788453884378271,1.9519011688875112,0.45222762
0257,0.8788453884378271,1.9512402347008686,0.45222762
0257,0.8788453884378271,1.9503292201625493,0.45222762
0257,0.8788453884378271,1.9491692752195149,0.45222762
0257,0.8788453884378271,1.9477616571339296,0.45222762
0257,0.8788453884378271,1.9461077293594222,0.45222762
0257,0.8788453884378271,1.9442089603407546,0.45222762
0257,0.8788453884378271,1.942066922238071,0.45222762
0257,0.8788453884378271,1.9396832895773124,0.45222762
0257,0.8788453884378271,1.9370598378282673,0.45222762
0257,0.8788453884378271,1.9341984419117415,0.45222762
0257,0.8788453884378271,1.9311010746376773,0.45222762
0257,0.8788453884378271,1.9277698050758085,0.45222762
0257,0.8788453884378271,1.9242067968606653,0.45222762
0257,0.8788453884378271,1.9204143064327812,0.45222762
0257,0.8788453884378271,1.9163946812180168,0.45222762
0257,0.8788453884378271,1.9121503577469667,0.45222762
0257,0.8788453884378271,1.9076838597163817,0.45222762
0257,0.8788453884378271,1.9029977959948763,0.45222762
0257,0.8788453884378271,1.8980948585747615,0.45222762
0257,0.8788453884378271,1.8929778204723804,0.45222762
0257,0.8788453884378271,1.8876495335790957,0.45222762
0257,0.8788453884378271,1.8821129264651186,0.45222762
0257,0.8788453884378271,1.8763710021384952,0.45222762
0257,0.8788453884378271,1.87042683576163,0.45222762
0257,0.8788453884378271,1.8642835723275966,0.45222762
0257,0.8788453884378271,1.8579444242986374,0.45222762
0257,0.8788453884378271,1.8514126692093094,0.45222762
0257,0.8788453884378271,1.8446916472366257,0.45222762
0257,0.8788453884378271,1.837784758739672,0.45222762
0257,0.8788453884378271,1.8306954617711575,0.45222762
0257,0.8788453884378271,1.823427269563359,0.45222762
0257,0.8788453884378271,1.8159837479909264,0.45222762
0257,0.8788453884378271,1.808368513013019,0.45222762
0257,0.8788453884378271,1.8005852280973669,0.45222762
0257,0.8788453884378271,1.7926376016285797,0.45222762
0257,0.8788453884378271,1.7845293843033407,0.45222762
0257,0.8788453884378271,1.7762643665148408,0.45222762
0257,0.8788453884378271,1.7678463757290142,0.45222762
0257,0.8788453884378271,1.7592792738550374,0.45222762
0257,0.8788453884378271,1.7505669546123885,0.45222762
0257,0.8788453884378271,1.7417133408971572,0.45222762
0257,0.8788453884378271,1.7327223821497135,0.45222762
0257,0.8788453884378271,1.72359805172639,0.45222762
0257,0.8788453884378271,1.7143443442772965,0.45222762
0257,0.8788453884378271,1.704965273132808,0.45222762
0257,0.8788453884378271,1.6954648677008615,0.45222762
0257,0.8788453884378271,1.6858471708774074,0.45222762
0257,0.8788453884378271,1.6761162364722286,0.45222762
0257,0.8788453884378271,1.666276126652347,0.45222762
0257,0.8788453884378271,1.656330909405029,0.45222762
0257,0.8788453884378271,1.6462846560227604,0.45222762
0257,0.8788453884378271,1.63614143861195,0.45222762
0257,0.8788453884378271,1.625905327627634,0.45222762
0257,0.8788453884378271,1.6155803894359146,0.45222762
0257,0.8788453884378271,1.6051706839063062,0.45222762
0257,0.8788453884378271,1.5946802620355884,0.45222762
0257,0.8788453884378271,1.5841131636051837,0.45222762
0257,0.8788453884378271,1.5734734148736937,0.45222762
0257,0.8788453884378271,1.562765026306324,0.45222762
0257,0.8788453884378271,1.5519919903428023,0.45222762
0257,0.8788453884378271,1.541158279205491,0.45222762
0257,0.8788453884378271,1.530267842749003,0.45222762
0257,0.8788453884378271,1.5193246063529444,0.45222762
0257,0.8788453884378271,1.5083324688591075,0.45222762
0257,0.8788453884378271,1.4972953005544225,0.45222762
0257,0.8788453884378271,1.486216941200996,0.45222762
0257,0.8788453884378271,1.4751011981143196,0.45222762
0257,0.8788453884378271,1.463951844290895,0.45222762
0257,0.8788453884378271,1.4527726165862649,0.45222762
0257,0.8788453884378271,1.4415672139444353,0.45222762
0257,0.8788453884378271,1.4303392956796617,0.45222762
0257,0.8788453884378271,1.4190924798114566,0.45222762
0257,0.8788453884378271,1.4078303414535256,0.45222762
0257,0.8788453884378271,1.3965564112574609,0.45222762
0257,0.8788453884378271,1.3852741739117802,0.45222762
0257,0.8788453884378271,1.3739870666968974,0.45222762
0257,0.8788453884378271,1.3626984780966018,0.45222762
0257,0.8788453884378271,1.3514117464664208,0.45222762
0257,0.8788453884378271,1.340130158759269,0.45222762
0257,0.8788453884378271,1.328856949308757,0.45222762
0257,0.8788453884378271,1.3175952986703512,0.45222762
0257,0.8788453884378271,1.3063483325205585,0.45222762
0257,0.8788453884378271,1.2951191206143535,0.45222762
0257,0.8788453884378271,1.2839106758007848,0.45222762
0257,0.8788453884378271,1.2727259530968436,0.45222762
0257,0.8788453884378271,1.2615678488194957,0.45222762
0257,0.8788453884378271,1.2504391997757618,0.45222762
0257,0.8788453884378271,1.2393427825106211,0.45222762
0257,0.8788453884378271,1.2282813126125995,0.45222762
0257,0.8788453884378271,1.2172574440765844,0.45222762
0257,0.8788453884378271,1.2062737687236709,0.45222762
0257,0.8788453884378271,1.1953328156775056,0.45222762
0257,0.8788453884378271,1.1844370508967366,0.45222762
0257,0.8788453884378271,1.1735888767630103,0.45222762
0257,0.8788453884378271,1.1627906317239944,0.45222762
0257,0.8788453884378271,1.1520445899907807,0.45222762
0257,0.8788453884378271,1.1413529612889948,0.45222762
0257,0.8788453884378271,1.1307178906629403,0.45222762
0257,0.8788453884378271,1.120141458332037,0.45222762
0257,0.8788453884378271,1.1096256795986945,0.45222762
0257,0.8788453884378271,1.099172504806861,0.45222762
0257,0.8788453884378271,1.0887838193503394,0.45222762
0257,0.8788453884378271,1.0784614437299798,0.45222762
0257,0.8788453884378271,1.0682071336587784,0.45222762
0257,0.8788453884378271,1.058022580213943,0.45222762
0257,0.8788453884378271,1.0479094100349104,0.45222762
0257,0.8788453884378271,1.0378691855662365,0.45222762
0257,0.8788453884378271,1.027903405344374,0.45222762
0257,0.8788453884378271,1.0180135043271343,0.45222762
0257,0.8788453884378271,1.0082008542648744,0.45222762
0257,0.8788453884378271,0.9984667641120889,0.45222762
0257,0.8788453884378271,0.9888124804784092,0.45222762
0257,0.8788453884378271,0.9792391881177461,0.45222762
0257,0.8788453884378271,0.9697480104543827,0.45222762
0257,0.8788453884378271,0.9603400101448485,0.45222762
0257,0.8788453884378271,0.9510161896743374,0.45222762
0257,0.8788453884378271,0.9417774919864262,0.45222762
0257,0.8788453884378271,0.9326248011448218,0.45222762
0257,0.8788453884378271,0.9235589430259751,0.45222762
0257,0.8788453884378271,0.9145806860412017,0.45222762
0257,0.8788453884378271,0.9056907418871006,0.45222762
0257,0.8788453884378271,0.8968897663229963,0.45222762
0257,0.8788453884378271,0.8881783599741401,0.45222762
0257,0.8788453884378271,0.8795570691593594,0.45222762
0257,0.8788453884378271,0.8710263867419737,0.45222762
0257,0.8788453884378271,0.8625867530026178,0.45222762
0257,0.8788453884378271,0.854238556532777,0.45222762
0257,0.8788453884378271,0.8459821351477536,0.45222762
0257,0.8788453884378271,0.837817776817826,0.45222762
0257,0.8788453884378271,0.8297457206163561,0.45222762
0257,0.8788453884378271,0.8217661576836159,0.45222762
0257,0.8788453884378271,0.8138792322051334,0.45222762
0257,0.8788453884378271,0.8060850424033289,0.45222762
0257,0.8788453884378271,0.7983836415412436,0.45222762
0257,0.8788453884378271,0.7907750389372362,0.45222762
0257,0.8788453884378271,0.7832592009894229,0.45222762
0257,0.8788453884378271,0.7758360522087359,0.45222762
0257,0.8788453884378271,0.768505476259513,0.45222762
0257,0.8788453884378271,0.7612673170064493,0.45222762
0257,0.8788453884378271,0.7541213795668351,0.45222762
0257,0.8788453884378271,0.7470674313670833,0.45222762
0257,0.8788453884378271,0.7401052032023826,0.45222762
0257,0.8788453884378271,0.733234390298532,0.45222762
0257,0.8788453884378271,0.726454653374953,0.45222762
0257,0.8788453884378271,0.7197656197078366,0.45222762
0257,0.8788453884378271,0.7131668841925418,0.45222762
0257,0.8788453884378271,0.7066580104042839,0.45222762
0257,0.8788453884378271,0.7002385316561883,0.45222762
0257,0.8788453884378271,0.6939079520538617,0.45222762
0257,0.8788453884378271,0.6876657475456069,0.45222762
0257,0.8788453884378271,0.6815113669674538,0.45222762
0257,0.8788453884378271,0.675444233082215,0.45222762
0257,0.8788453884378271,0.669463743611757,0.45222762
0257,0.8788453884378271,0.6635692722618072,0.45222762
0257,0.8788453884378271,0.6577601697384865,0.45222762
0257,0.8788453884378271,0.6520357647559336,0.45222762
0257,0.8788453884378271,0.6463953650343527,0.45222762
0257,0.8788453884378271,0.6408382582878169,0.45222762
0257,0.8788453884378271,0.6353637132012234,0.45222762
0257,0.8788453884378271,0.6299709803958484,0.45222762
0257,0.8788453884378271,0.6246592933828871,0.45222762
0257,0.8788453884378271,0.6194278695045135,0.45222762
0257,0.8788453884378271,0.6142759108619078,0.45222762
0257,0.8788453884378271,0.609202605229808,0.45222762
0257,0.8788453884378271,0.604207126957116,0.45222762
0257,0.8788453884378271,0.599288637853164,0.45222762
0257,0.8788453884378271,0.5944462880592097,0.45222762
0257,0.8788453884378271,0.589679216904837,0.45222762
0257,0.8788453884378271,0.5849865537488832,0.45222762
0257,0.8788453884378271,0.5803674188045949,0.45222762
0257,0.8788453884378271,0.5758209239487105,0.45222762
0257,0.8788453884378271,0.5713461735142291,0.45222762
0257,0.8788453884378271,0.5669422650665767,0.45222762
0257,0.8788453884378271,0.562608290163005,0.45222762
0257,0.8788453884378271,0.5583433350949982,0.45222762
0257,0.8788453884378271,0.5541464816134982,0.45222762
0257,0.8788453884378271,0.5500168076368759,0.45222762
0257,0.8788453884378271,0.545953387941418,0.45222762
0257,0.8788453884378271,0.5419552948343219,0.45222762
0257,0.8788453884378271,0.5380215988090438,0.45222762
0257,0.8788453884378271,0.5341513691829828,0.45222762
0257,0.8788453884378271,0.5303436747174346,0.45222762
0257,0.8788453884378271,0.5265975842198177,0.45222762
0257,0.8788453884378271,0.5229121671281154,0.45222762
0257,0.8788453884378271,0.5192864940776278,0.45222762
0257,0.8788453884378271,0.5157196374499889,0.45222762
0257,0.8788453884378271,0.5122106719045512,0.45222762
0257,0.8788453884378271,0.5087586748921732,0.45222762
0257,0.8788453884378271,0.5053627271515104,0.45222762
0257,0.8788453884378271,0.5020219131879045,0.45222762
0257,0.8788453884378271,0.4987353217349627,0.45222762
0257,0.8788453884378271,0.4955020461989938,0.45222762
0257,0.8788453884378271,0.4923211850863997,0.45222762
0257,0.8788453884378271,0.4891918424142019,0.45222762
0257,0.8788453884378271,0.4861131281038652,0.45222762
0257,0.8788453884378271,0.4830841583585786,0.45222762
0257,0.8788453884378271,0.4801040560242102,0.45222762
0257,0.8788453884378271,0.4771719509341079,0.45222762
0257,0.8788453884378271,0.47428698023797355,0.45222762
0257,0.8788453884378271,0.4714482887150337,0.45222762
0257,0.8788453884378271,0.46865502907169315,0.45222762
0257,0.8788453884378271,0.465906362223971,0.45222762
0257,0.8788453884378271,0.46320145756491743,0.45222762
0257,0.8788453884378271,0.46053949321726895,0.45222762
0257,0.8788453884378271,0.4579196562716116,0.45222762
0257,0.8788453884378271,0.4553411430103081,0.45222762
0257,0.8788453884378271,0.45280315911746327,0.45222762
0257,0.8788453884378271,0.4503049198751823,0.45222762
0257,0.8788453884378271,0.44784565034643503,0.45222762
0257,0.8788453884378271,0.44542458554478714,0.45222762
0257,0.8788453884378271,0.4430409705912716,0.45222762
0257,0.8788453884378271,0.4406940608587299,0.45222762
0257,0.8788453884378271,0.43838312210387304,0.45222762
0257,0.8788453884378271,0.43610743058738477,0.45222762
0257,0.8788453884378271,0.4338662731823538,0.45222762
0257,0.8788453884378271,0.43165894747133776,0.45222762
0257,0.8788453884378271,0.4294847618323372,0.45222762
0257,0.8788453884378271,0.4273430355140203,0.45222762
0257,0.8788453884378271,0.42523309870044856,0.45222762
0257,0.8788453884378271,0.4231542925656433,0.45222762
0257,0.8788453884378271,0.4211059693182734,0.45222762
0257,0.8788453884378271,0.4190874922367612,0.45222762
0257,0.8788453884378271,0.4170982356951084,0.45222762
0257,0.8788453884378271,0.4151375851797457,0.45222762
0257,0.8788453884378271,0.4132049372976732,0.45222762
0257,0.8788453884378271,0.4112996997762251,0.45222762
0257,0.8788453884378271,0.40942129145470185,0.45222762
0257,0.8788453884378271,0.4075691422682005,0.45222762
0257,0.8788453884378271,0.40574269322388634,0.45222762
0257,0.8788453884378271,0.4039413963700214,0.45222762
0257,0.8788453884378271,0.40216471475801124,0.45222762
0257,0.8788453884378271,0.4004121223977439,0.45222762
0257,0.8788453884378271,0.39868310420648956,0.45222762
0257,0.8788453884378271,0.3969771559516462,0.45222762
0257,0.8788453884378271,0.3952937841875713,0.45222762
0257,0.8788453884378271,0.39363250618676615,0.45222762
0257,0.8788453884378271,0.3919928498656734,0.45222762
0257,0.8788453884378271,0.3903743537053425,0.45222762
0257,0.8788453884378271,0.3887765666671795,0.45222762
0257,0.8788453884378271,0.38719904810406114,0.45222762
0257,0.8788453884378271,0.38564136766701673,0.45222762
0257,0.8788453884378271,0.3841031052077316,0.45222762
0257,0.8788453884378271,0.3825838506770927,0.45222762
0257,0.8788453884378271,0.38108320401998247,0.45222762
0257,0.8788453884378271,0.37960077506655726,0.45222762
0257,0.8788453884378271,0.3781361834202182,0.45222762
0257,0.8788453884378271,0.3766890583424703,0.45222762
0257,0.8788453884378271,0.3752590386348713,0.45222762
0257,0.8788453884378271,0.3738457725182896,0.45222762
0257,0.8788453884378271,0.3724489175096243,0.45222762
0257,0.8788453884378271,0.3710681402962015,0.45222762
0257,0.8788453884378271,0.3697031166080152,0.45222762
0257,0.8788453884378271,0.36835353108799307,0.45222762
0257,0.8788453884378271,0.3670190771604517,0.45222762
0257,0.8788453884378271,0.3656994568979007,0.45222762
0257,0.8788453884378271,0.3643943808863722,0.45222762
0257,0.8788453884378271,0.36310356808942423,0.45222762
0257,0.8788453884378271,0.36182674571094114,0.45222762
0257,0.8788453884378271,0.36056364905691424,0.45222762
0257,0.8788453884378271,0.35931402139633145,0.45222762
0257,0.8788453884378271,0.3580776138212832,0.45222762
0257,0.8788453884378271,0.35685418510644323,0.45222762
0257,0.8788453884378271,0.35564350156805247,0.45222762
0257,0.8788453884378271,0.35444533692248664,0.45222762
0257,0.8788453884378271,0.35325947214458536,0.45222762
0257,0.8788453884378271,0.35208569532577305,0.45222762
0257,0.8788453884378271,0.35092380153217334,0.45222762
0257,0.8788453884378271,0.3497735926627298,0.45222762
0257,0.8788453884378271,0.34863487730748244,0.45222762
0257,0.8788453884378271,0.34750747060608417,0.45222762
0257,0.8788453884378271,0.34639119410663627,0.45222762
0257,0.8788453884378271,0.345285875624938,0.45222762
0257,0.8788453884378271,0.3441913491042191,0.45222762
0257,0.8788453884378271,0.3431074544754538,0.45222762
0257,0.8788453884378271,0.3420340375183044,0.45222762
0257,0.8788453884378271,0.3409709497227849,0.45222762
0257,0.8788453884378271,0.3399180481516986,0.45222762
0257,0.8788453884378271,0.3388751953039225,0.45222762
0257,0.8788453884378271,0.337842258978579,0.45222762
0257,0.8788453884378271,0.3368191121401806,0.45222762
0257,0.8788453884378271,0.3358056327847718,0.45222762
0257,0.8788453884378271,0.33480170380713964,0.45222762
0257,0.8788453884378271,0.33380721286912013,0.45222762
0257,0.8788453884378271,0.3328220522690634,0.45222762
0257,0.8788453884378271,0.33184611881250065,0.45222762
0257,0.8788453884378271,0.3308793136840058,0.45222762
0257,0.8788453884378271,0.3299215423203743,0.45222762
0257,0.8788453884378271,0.32897271428505465,0.45222762
0257,0.8788453884378271,0.32803274314395026,0.45222762
0257,0.8788453884378271,0.3271015463425509,0.45222762
0257,0.8788453884378271,0.3261790450844755,0.45222762
0257,0.8788453884378271,0.325265164211411,0.45222762
0257,0.8788453884378271,0.32435983208449337,0.45222762
0257,0.8788453884378271,0.32346298046714683,0.45222762
0257,0.8788453884378271,0.32257454440938765,0.45222762
0257,0.8788453884378271,0.32169446213362946,0.45222762
0257,0.8788453884378271,0.3208226749219901,0.45222762
0257,0.8788453884378271,0.3199591270051283,0.45222762
0257,0.8788453884378271,0.319103765452599,0.45222762
0257,0.8788453884378271,0.3182565400647699,0.45222762
0257,0.8788453884378271,0.3174174032662849,0.45222762
0257,0.8788453884378271,0.31658631000109017,0.45222762
0257,0.8788453884378271,0.3157632176290357,0.45222762
0257,0.8788453884378271,0.31494808582404854,0.45222762
0257,0.8788453884378271,0.31414087647389555,0.45222762
0257,0.8788453884378271,0.3133415535815248,0.45222762
0257,0.8788453884378271,0.31255008316800686,0.45222762
0257,0.8788453884378271,0.3117664331770501,0.45222762
0257,0.8788453884378271,0.31099057338114267,0.45222762
0257,0.8788453884378271,0.3102224752892527,0.45222762
0257,0.8788453884378271,0.3094621120561535,0.45222762
0257,0.8788453884378271,0.3087094583933219,0.45222762
0257,0.8788453884378271,0.307964490481453,0.45222762
0257,0.8788453884378271,0.30722718588455267,0.45222762
0257,0.8788453884378271,0.30649752346562475,0.45222762
0257,0.8788453884378271,0.3057754833039526,0.45222762
0257,0.8788453884378271,0.3050610466139623,0.45222762
0257,0.8788453884378271,0.3043541956656718,0.45222762
0257,0.8788453884378271,0.3036549137067233,0.45222762
0257,0.8788453884378271,0.3029631848859852,0.45222762
0257,0.8788453884378271,0.30227899417873927,0.45222762
0257,0.8788453884378271,0.30160232731342684,0.45222762
0257,0.8788453884378271,0.3009331706999619,0.45222762
0257,0.8788453884378271,0.3002715113596147,0.45222762
0257,0.8788453884378271,0.29961733685644126,0.45222762
0257,0.8788453884378271,0.2989706352302711,0.45222762
0257,0.8788453884378271,0.298331394931248,0.45222762
0257,0.8788453884378271,0.2976996047558888,0.45222762
0257,0.8788453884378271,0.29707525378472843,0.45222762
0257,0.8788453884378271,0.29645833132144794,0.45222762
0257,0.8788453884378271,0.29584882683356556,0.45222762
0257,0.8788453884378271,0.295246729894647,0.45222762
0257,0.8788453884378271,0.2946520301280157,0.45222762
0257,0.8788453884378271,0.2940647171520131,0.45222762
0257,0.8788453884378271,0.2934847805267444,0.45222762
0257,0.8788453884378271,0.29291220970233256,0.45222762
0257,0.8788453884378271,0.2923469939686881,0.45222762
0257,0.8788453884378271,0.2917891224067689,0.45222762
0257,0.8788453884378271,0.29123858384132895,0.45222762
0257,0.8788453884378271,0.2906953667951626,0.45222762
0257,0.8788453884378271,0.29015945944483,0.45222762
0257,0.8788453884378271,0.28963084957786583,0.45222762
0257,0.8788453884378271,0.289109524551456,0.45222762
0257,0.8788453884378271,0.28859547125259866,0.45222762
0257,0.8788453884378271,0.2880886760597192,0.45222762
0257,0.8788453884378271,0.28758912480575705,0.45222762
0257,0.8788453884378271,0.28709680274270394,0.45222762
0257,0.8788453884378271,0.2866116945076079,0.45222762
0257,0.8788453884378271,0.2861337840900108,0.45222762
0257,0.8788453884378271,0.28566305480084614,0.45222762
0257,0.8788453884378271,0.2851994892427692,0.45222762
0257,0.8788453884378271,0.28474306928192783,0.45222762
0257,0.8788453884378271,0.2842937760211599,0.45222762
0257,0.8788453884378271,0.2838515897746294,0.45222762
0257,0.8788453884378271,0.2834164900438618,0.45222762
0257,0.8788453884378271,0.2829884554952288,0.45222762
0257,0.8788453884378271,0.2825674639388154,0.45222762
0257,0.8788453884378271,0.28215349230871334,0.45222762
0257,0.8788453884378271,0.28174651664470046,0.45222762
0257,0.8788453884378271,0.2813465120753329,0.45222762
0257,0.8788453884378271,0.280953452802411,0.45222762
0257,0.8788453884378271,0.2805673120868436,0.45222762
0257,0.8788453884378271,0.2801880622358688,0.45222762
0257,0.8788453884378271,0.27981567459166806,0.45222762
0257,0.8788453884378271,0.2794501195213306,0.45222762
0257,0.8788453884378271,0.2790913664081722,0.45222762
0257,0.8788453884378271,0.2787393836444126,0.45222762
0257,0.8788453884378271,0.27839413862518303,0.45222762
0257,0.8788453884378271,0.278055597743872,0.45222762
0257,0.8788453884378271,0.2777237263887945,0.45222762
0257,0.8788453884378271,0.27739848894116403,0.45222762
0257,0.8788453884378271,0.27707984877439124,0.45222762
0257,0.8788453884378271,0.2767677682546578,0.45222762
0257,0.8788453884378271,0.276462208742779,0.45222762
0257,0.8788453884378271,0.27616313059734615,0.45222762
0257,0.8788453884378271,0.2758704931791215,0.45222762
0257,0.8788453884378271,0.27558425485669,0.45222762
0257,0.8788453884378271,0.27530437301335203,0.45222762
0257,0.8788453884378271,0.2750308040552198,0.45222762
0257,0.8788453884378271,0.2747635034205557,0.45222762
0257,0.8788453884378271,0.2745024255902785,0.45222762
0257,0.8788453884378271,0.27424752409967773,0.45222762
0257,0.8788453884378271,0.2739987515512686,0.45222762
0257,0.8788453884378271,0.27375605962882577,0.45222762
0257,0.8788453884378271,0.27351939911252626,0.45222762
0257,0.8788453884378271,0.27328871989523373,0.45222762
0257,0.8788453884378271,0.27306397099987073,0.45222762
0257,0.8788453884378271,0.272845100597869,0.45222762
0257,0.8788453884378271,0.272632056028696,0.45222762
0257,0.8788453884378271,0.27242478382042157,0.45222762
0257,0.8788453884378271,0.2722232297113043,0.45222762
0257,0.8788453884378271,0.27202733867238815,0.45222762
0257,0.8788453884378271,0.2718370549310771,0.45222762
0257,0.8788453884378271,0.27165232199567363,0.45222762
0257,0.8788453884378271,0.27147308268085385,0.45222762
0257,0.8788453884378271,0.27129927913406193,0.45222762
0257,0.8788453884378271,0.27113085286278926,0.45222762
0257,0.8788453884378271,0.27096774476272684,0.45222762
0257,0.8788453884378271,0.27080989514676335,0.45222762
0257,0.8788453884378271,0.27065724377478456,0.45222762
0257,0.8788453884378271,0.2705097298842862,0.45222762
0257,0.8788453884378271,0.2703672922217353,0.45222762
0257,0.8788453884378271,0.27022986907467555,0.45222762
0257,0.8788453884378271,0.2700973983045384,0.45222762
0257,0.8788453884378271,0.26996981738013776,0.45222762
0257,0.8788453884378271,0.26984706341182274,0.45222762
0257,0.8788453884378271,0.2697290731862413,0.45222762
0257,0.8788453884378271,0.26961578320171,0.45222762
0257,0.8788453884378271,0.2695071297041398,0.45222762
0257,0.8788453884378271,0.26940304872349485,0.45222762
0257,0.8788453884378271,0.26930347611076055,0.45222762
0257,0.8788453884378271,0.2692083475753697,0.45222762
0257,0.8788453884378271,0.2691175987230741,0.45222762
0257,0.8788453884378271,0.2690311650942241,0.45222762
0257,0.8788453884378271,0.2689489822024137,0.45222762
0257,0.8788453884378271,0.26887098557347194,0.45222762
0257,0.8788453884378271,0.26879711078475915,0.45222762
0257,0.8788453884378271,0.2687272935047395,0.45222762
0257,0.8788453884378271,0.268661469532784,0.45222762
0257,0.8788453884378271,0.26859957483919367,0.45222762
0257,0.8788453884378271,0.26854154560537674,0.45222762
0257,0.8788453884378271,0.2684873182641841,0.45222762
0257,0.8788453884378271,0.26843682954032355,0.45222762
0257,0.8788453884378271,0.26839001649086874,0.45222762
0257,0.8788453884378271,0.2683468165457665,0.45222762
0257,0.8788453884378271,0.26830716754838774,0.45222762
0257,0.8788453884378271,0.2682710077959993,0.45222762
0257,0.8788453884378271,0.2682382760801973,0.45222762
0257,0.8788453884378271,0.26820891172721417,0.45222762
0257,0.8788453884378271,0.2681828546380974,0.45222762
0257,0.8788453884378271,0.2681600453287155,0.45222762
0257,0.8788453884378271,0.2681404249695465,0.45222762
0257,0.8788453884378271,0.26812393542523444,0.45222762
0257,0.8788453884378271,0.268110519293859,0.45222762
0257,0.8788453884378271,0.26810011994591115,0.45222762
0257,0.8788453884378271,0.26809268156291166,0.45222762
0257,0.8788453884378271,0.2680881491756608,0.45222762
0257,0.8788453884378271,0.26808646870208136,0.45222762
0257,0.8788453884378271,0.26808758698461593,0.45222762
0257,0.8788453884378271,0.26809145182716126,0.45222762
0257,0.8788453884378271,0.2680980120314945,0.45222762
0257,0.8788453884378271,0.268107217433156,0.45222762
0257,0.8788453884378271,0.26811901893679696,0.45222762
0257,0.8788453884378271,0.26813336855089637,0.45222762
0257,0.8788453884378271,0.2681502194218896,0.45222762
0257,0.8788453884378271,0.2681695258676193,0.45222762
0257,0.8788453884378271,0.26819124341012857,0.45222762
0257,0.8788453884378271,0.26821532880773724,0.45222762
0257,0.8788453884378271,0.2682417400863891,0.45222762
0257,0.8788453884378271,0.26827043657024013,0.45222762
0257,0.8788453884378271,0.2683013789114667,0.45222762
0257,0.8788453884378271,0.26833452911927236,0.45222762
0257,0.8788453884378271,0.26836985058805535,0.45222762
0257,0.8788453884378271,0.26840730812473074,0.45222762
0257,0.8788453884378271,0.2684468679751821,0.45222762
0257,0.8788453884378271,0.2684884978498076,0.45222762
0257,0.8788453884378271,0.26853216694817633,0.45222762
0257,0.8788453884378271,0.2685778459827258,0.45222762
0257,0.8788453884378271,0.26862550720153394,0.45222762
0257,0.8788453884378271,0.26867512441010183,0.45222762
0257,0.8788453884378271,0.2687266729921839,0.45222762
0257,0.8788453884378271,0.2687801299295884,0.45222762
0257,0.8788453884378271,0.2688354738210012,0.45222762
0257,0.8788453884378271,0.2688926848997627,0.45222762
0257,0.8788453884378271,0.2689517450506232,0.45222762
0257,0.8788453884378271,0.2690126378254487,0.45222762
0257,0.8788453884378271,0.2690753484578772,0.45222762
0257,0.8788453884378271,0.2691398638769156,0.45222762
0257,0.8788453884378271,0.26920617271946157,0.45222762
0257,0.8788453884378271,0.2692742653417469,0.45222762
0257,0.8788453884378271,0.269344133829721,0.45222762
0257,0.8788453884378271,0.2694157720083282,0.45222762
0257,0.8788453884378271,0.26948917544971485,0.45222762
0257,0.8788453884378271,0.2695643414803423,0.45222762
0257,0.8788453884378271,0.2696412691870111,0.45222762
0257,0.8788453884378271,0.26971995942180643,0.45222762
0257,0.8788453884378271,0.26980041480594713,0.45222762
0257,0.8788453884378271,0.26988263973256676,0.45222762
0257,0.8788453884378271,0.2699666403684024,0.45222762
0257,0.8788453884378271,0.27005242465441875,0.45222762
0257,0.8788453884378271,0.2701400023053661,0.45222762
0257,0.8788453884378271,0.27022938480828174,0.45222762
0257,0.8788453884378271,0.27032058541993076,0.45222762
0257,0.8788453884378271,0.2704136191632178,0.45222762
0257,0.8788453884378271,0.27050850282256217,0.45222762
0257,0.8788453884378271,0.2706052549382555,0.45222762
0257,0.8788453884378271,0.27070389579981935,0.45222762
0257,0.8788453884378271,0.2708044474383466,0.45222762
0257,0.8788453884378271,0.2709069336179103,0.45222762
0257,0.8788453884378271,0.2710113798259607,0.45222762
0257,0.8788453884378271,0.27111781326280954,0.45222762
0257,0.8788453884378271,0.2712262628301723,0.45222762
0257,0.8788453884378271,0.27133675911880406,0.45222762
0257,0.8788453884378271,0.27144933439524116,0.45222762
0257,0.8788453884378271,0.2715640225876743,0.45222762
0257,0.8788453884378271,0.27168085927097774,0.45222762
0257,0.8788453884378271,0.2717998816508888,0.45222762
0257,0.8788453884378271,0.2719211285474032,0.45222762
0257,0.8788453884378271,0.27204464037738396,0.45222762
0257,0.8788453884378271,0.2721704591363893,0.45222762
0257,0.8788453884378271,0.2722986283797949,0.45222762
0257,0.8788453884378271,0.27242919320317793,0.45222762
0257,0.8788453884378271,0.27256220022204564,0.45222762
0257,0.8788453884378271,0.2726976975508702,0.45222762
0257,0.8788453884378271,0.2728357347815241,0.45222762
0257,0.8788453884378271,0.27297636296108835,0.45222762
0257,0.8788453884378271,0.2731196345690907,0.45222762
0257,0.8788453884378271,0.27326560349420514,0.45222762
0257,0.8788453884378271,0.27341432501040863,0.45222762
0257,0.8788453884378271,0.27356585575266207,0.45222762
0257,0.8788453884378271,0.2737202536921269,0.45222762
0257,0.8788453884378271,0.2738775781109438,0.45222762
0257,0.8788453884378271,0.27403788957660763,0.45222762
0257,0.8788453884378271,0.27420124991597583,0.45222762
0257,0.8788453884378271,0.2743677221889203,0.45222762
0257,0.8788453884378271,0.27453737066168055,0.45222762
0257,0.8788453884378271,0.27471026077992206,0.45222762
0257,0.8788453884378271,0.2748864591415562,0.45222762
0257,0.8788453884378271,0.2750660334693144,0.45222762
0257,0.8788453884378271,0.2752490525831602,0.45222762
0257,0.8788453884378271,0.27543558637251797,0.45222762
0257,0.8788453884378271,0.2756257057683819,0.45222762
0257,0.8788453884378271,0.2758194827153262,0.45222762
0257,0.8788453884378271,0.27601699014343456,0.45222762
0257,0.8788453884378271,0.27621830194020475,0.45222762
0257,0.8788453884378271,0.2764234929224403,0.45222762
0257,0.8788453884378271,0.2766326388081455,0.45222762
0257,0.8788453884378271,0.27684581618850285,0.45222762
0257,0.8788453884378271,0.27706310249989724,0.45222762
0257,0.8788453884378271,0.2772845759960705,0.45222762
0257,0.8788453884378271,0.2775103157204032,0.45222762
0257,0.8788453884378271,0.2777404014783732,0.45222762
0257,0.8788453884378271,0.27797491381017897,0.45222762
0257,0.8788453884378271,0.27821393396363,0.45222762
0257,0.8788453884378271,0.27845754386723887,0.45222762
0257,0.8788453884378271,0.2787058261036308,0.45222762
0257,0.8788453884378271,0.2789588638832175,0.45222762
0257,0.8788453884378271,0.2792167410182279,0.45222762
0257,0.8788453884378271,0.2794795418970779,0.45222762
0257,0.8788453884378271,0.2797473514591204,0.45222762
0257,0.8788453884378271,0.2800202551698046,0.45222762
0257,0.8788453884378271,0.2802983389962525,0.45222762
0257,0.8788453884378271,0.28058168938329153,0.45222762
0257,0.8788453884378271,0.28087039322996804,0.45222762
0257,0.8788453884378271,0.2811645378665335,0.45222762
0257,0.8788453884378271,0.2814642110319763,0.45222762
0257,0.8788453884378271,0.28176950085206653,0.45222762
0257,0.8788453884378271,0.28208049581798456,0.45222762
0257,0.8788453884378271,0.28239728476550463,0.45222762
0257,0.8788453884378271,0.2827199568547941,0.45222762
0257,0.8788453884378271,0.2830486015508168,0.45222762
0257,0.8788453884378271,0.28338330860438793,0.45222762
0257,0.8788453884378271,0.2837241680338663,0.45222762
0257,0.8788453884378271,0.2840712701075238,0.45222762
0257,0.8788453884378271,0.2844247053265963,0.45222762
0257,0.8788453884378271,0.28478456440904826,0.45222762
0257,0.8788453884378271,0.28515093827403665,0.45222762
0257,0.8788453884378271,0.2855239180271152,0.45222762
0257,0.8788453884378271,0.28590359494619305,0.45222762
0257,0.8788453884378271,0.28629006046822914,0.45222762
0257,0.8788453884378271,0.28668340617672594,0.45222762
0257,0.8788453884378271,0.28708372378997,0.45222762
0257,0.8788453884378271,0.28749110515011816,0.45222762
0257,0.8788453884378271,0.28790564221302944,0.45222762
0257,0.8788453884378271,0.2883274270389653,0.45222762
0257,0.8788453884378271,0.28875655178407456,0.45222762
0257,0.8788453884378271,0.289193108692753,0.45222762
0257,0.8788453884378271,0.28963719009080596,0.45222762
0257,0.8788453884378271,0.2900888883794868,0.45222762
0257,0.8788453884378271,0.2905482960303945,0.45222762
0257,0.8788453884378271,0.2910155055812301,0.45222762
0257,0.8788453884378271,0.29149060963241646,0.45222762
0257,0.8788453884378271,0.2919737008446311,0.45222762
0257,0.8788453884378271,0.2924648719371715,0.45222762
0257,0.8788453884378271,0.292964215687265,0.45222762
0257,0.8788453884378271,0.2934718249302273,0.45222762
0257,0.8788453884378271,0.29398779256054464,0.45222762
0257,0.8788453884378271,0.2945122115338543,0.45222762
0257,0.8788453884378271,0.2950451748698223,0.45222762
0257,0.8788453884378271,0.29558677565593394,0.45222762
0257,0.8788453884378271,0.29613710705220014,0.45222762
0257,0.8788453884378271,0.2966962622967598,0.45222762
0257,0.8788453884378271,0.29726433471241653,0.45222762
0257,0.8788453884378271,0.2978414177140839,0.45222762
0257,0.8788453884378271,0.29842760481713565,0.45222762
0257,0.8788453884378271,0.29902298964668617,0.45222762
0257,0.8788453884378271,0.2996276659477827,0.45222762
0257,0.8788453884378271,0.3002417275965277,0.45222762
0257,0.8788453884378271,0.30086526861207047,0.45222762
0257,0.8788453884378271,0.30149838316960903,0.45222762
0257,0.8788453884378271,0.3021411656141753,0.45222762
0257,0.8788453884378271,0.30279371047547005,0.45222762
0257,0.8788453884378271,0.3034561124835061,0.45222762
0257,0.8788453884378271,0.30412846658518683,0.45222762
0257,0.8788453884378271,0.3048108679618627,0.45222762
0257,0.8788453884378271,0.30550341204767023,0.45222762
0257,0.8788453884378271,0.3062061945488409,0.45222762
0257,0.8788453884378271,0.30691931146393153,0.45222762
0257,0.8788453884378271,0.3076428591049166,0.45222762
0257,0.8788453884378271,0.3083769341191299,0.45222762
0257,0.8788453884378271,0.3091216335121595,0.45222762
0257,0.8788453884378271,0.30987705467158316,0.45222762
0257,0.8788453884378271,0.3106432953916057,0.45222762
0257,0.8788453884378271,0.31142045389857775,0.45222762
0257,0.8788453884378271,0.3122086288773062,0.45222762
0257,0.8788453884378271,0.313007919498284,0.45222762
0257,0.8788453884378271,0.3138184254457776,0.45222762
0257,0.8788453884378271,0.31464024694673615,0.45222762
0257,0.8788453884378271,0.3154734848005409,0.45222762
0257,0.8788453884378271,0.31631824040959616,0.45222762
0257,0.8788453884378271,0.3171746158107371,0.45222762
0257,0.8788453884378271,0.31804271370745124,0.45222762
0257,0.8788453884378271,0.3189226375029001,0.45222762
0257,0.8788453884378271,0.31981449133373957,0.45222762
0257,0.8788453884378271,0.32071838010478093,0.45222762
0257,0.8788453884378271,0.3216344095243169,0.45222762
0257,0.8788453884378271,0.32256268614028927,0.45222762
0257,0.8788453884378271,0.3235033173771945,0.45222762
0257,0.8788453884378271,0.32445641157374583,0.45222762
0257,0.8788453884378271,0.32542207802123857,0.45222762
0257,0.8788453884378271,0.32640042700263916,0.45222762
0257,0.8788453884378271,0.32739156983238443,0.45222762
0257,0.8788453884378271,0.3283956188968636,0.45222762
0257,0.8788453884378271,0.32941268769556203,0.45222762
0257,0.8788453884378271,0.33044289088288537,0.45222762
0257,0.8788453884378271,0.33148634431058094,0.45222762
0257,0.8788453884378271,0.33254316507083787,0.45222762
0257,0.8788453884378271,0.3336134715399289,0.45222762
0257,0.8788453884378271,0.3346973834224815,0.45222762
0257,0.8788453884378271,0.3357950217962858,0.45222762
0257,0.8788453884378271,0.3369065091576595,0.45222762
0257,0.8788453884378271,0.3380319694673193,0.45222762
0257,0.8788453884378271,0.33917152819675345,0.45222762
0257,0.8788453884378271,0.3403253123750794,0.45222762
0257,0.8788453884378271,0.3414934506363132,0.45222762
0257,0.8788453884378271,0.3426760732671023,0.45222762
0257,0.8788453884378271,0.34387331225481826,0.45222762
0257,0.8788453884378271,0.345085301336025,0.45222762
0257,0.8788453884378271,0.34631217604527903,0.45222762
0257,0.8788453884378271,0.347554073764232,0.45222762
0257,0.8788453884378271,0.3488111337710008,0.45222762
0257,0.8788453884378271,0.35008349728977795,0.45222762
0257,0.8788453884378271,0.3513713075406319,0.45222762
0257,0.8788453884378271,0.3526747097894761,0.45222762
0257,0.8788453884378271,0.35399385139818157,0.45222762
0257,0.8788453884378271,0.3553288818747317,0.45222762
0257,0.8788453884378271,0.35667995292345317,0.45222762
0257,0.8788453884378271,0.35804721849526067,0.45222762
0257,0.8788453884378271,0.3594308348378154,0.45222762
0257,0.8788453884378271,0.3608309605456346,0.45222762
0257,0.8788453884378271,0.3622477566100443,0.45222762
0257,0.8788453884378271,0.36368138646895337,0.45222762
0257,0.8788453884378271,0.3651320160563911,0.45222762
0257,0.8788453884378271,0.3665998138517585,0.45222762
0257,0.8788453884378271,0.368084950928731,0.45222762
0257,0.8788453884378271,0.3695876010037651,0.45222762
0257,0.8788453884378271,0.37110794048415363,0.45222762
0257,0.8788453884378271,0.3726461485155569,0.45222762
0257,0.8788453884378271,0.3742024070289601,0.45222762
0257,0.8788453884378271,0.37577690078698894,0.45222762
0257,0.8788453884378271,0.37736981742952924,0.45222762
0257,0.8788453884378271,0.378981347518548,0.45222762
0257,0.8788453884378271,0.3806116845821016,0.45222762
0257,0.8788453884378271,0.38226102515742577,0.45222762
0257,0.8788453884378271,0.38392956883302254,0.45222762
0257,0.8788453884378271,0.38561751828970836,0.45222762
0257,0.8788453884378271,0.3873250793405193,0.45222762
0257,0.8788453884378271,0.3890524609694038,0.45222762
0257,0.8788453884378271,0.3907998753686249,0.45222762
0257,0.8788453884378271,0.39256753797477867,0.45222762
0257,0.8788453884378271,0.3943556675033631,0.45222762
0257,0.8788453884378271,0.39616448598180054,0.45222762
0257,0.8788453884378271,0.39799421878082575,0.45222762
0257,0.8788453884378271,0.3998450946441535,0.45222762
0257,0.8788453884378271,0.4017173457163389,0.45222762
0257,0.8788453884378271,0.4036112075687214,0.45222762
0257,0.8788453884378271,0.40552691922338907,0.45222762
0257,0.8788453884378271,0.4074647231750319,0.45222762
0257,0.8788453884378271,0.4094248654106027,0.45222762
0257,0.8788453884378271,0.41140759542669775,0.45222762
0257,0.8788453884378271,0.4134131662445429,0.45222762
0257,0.8788453884378271,0.4154418344224583,0.45222762
0257,0.8788453884378271,0.41749386006577194,0.45222762
0257,0.8788453884378271,0.4195695068339818,0.45222762
0257,0.8788453884378271,0.42166904194513904,0.45222762
0257,0.8788453884378271,0.42379273617729063,0.45222762
0257,0.8788453884378271,0.42594086386691266,0.45222762
0257,0.8788453884378271,0.42811370290419387,0.45222762
0257,0.8788453884378271,0.43031153472506767,0.45222762
0257,0.8788453884378271,0.4325346442998914,0.45222762
0257,0.8788453884378271,0.4347833201186466,0.45222762
0257,0.8788453884378271,0.4370578541725485,0.45222762
0257,0.8788453884378271,0.43935854193195006,0.45222762
0257,0.8788453884378271,0.4416856823204313,0.45222762
0257,0.8788453884378271,0.44403957768495533,0.45222762
0257,0.8788453884378271,0.44642053376195723,0.45222762
0257,0.8788453884378271,0.44882885963929126,0.45222762
0257,0.8788453884378271,0.4512648677138641,0.45222762
0257,0.8788453884378271,0.4537288736448922,0.45222762
0257,0.8788453884378271,0.4562211963026115,0.45222762
0257,0.8788453884378271,0.4587421577123891,0.45222762
0257,0.8788453884378271,0.46129208299403335,0.45222762
0257,0.8788453884378271,0.4638713002962924,0.45222762
0257,0.8788453884378271,0.4664801407263139,0.45222762
0257,0.8788453884378271,0.4691189382740492,0.45222762
0257,0.8788453884378271,0.4717880297314176,0.45222762
0257,0.8788453884378271,0.4744877546061604,0.45222762
0257,0.8788453884378271,0.4772184550302418,0.45222762
0257,0.8788453884378271,0.47998047566272417,0.45222762
0257,0.8788453884378271,0.4827741635869662,0.45222762
0257,0.8788453884378271,0.4855998682020641,0.45222762
0257,0.8788453884378271,0.4884579411084323,0.45222762
0257,0.8788453884378271,0.4913487359873869,0.45222762
0257,0.8788453884378271,0.49427260847467946,0.45222762
0257,0.8788453884378271,0.49722991602784755,0.45222762
0257,0.8788453884378271,0.5002210177872849,0.45222762
0257,0.8788453884378271,0.5032462744309641,0.45222762
0257,0.8788453884378271,0.5063060480226902,0.45222762
0257,0.8788453884378271,0.5094007018538178,0.45222762
0257,0.8788453884378271,0.5125306002783351,0.45222762
0257,0.8788453884378271,0.5156961085412534,0.45222762
0257,0.8788453884378271,0.5188975926001892,0.45222762
0257,0.8788453884378271,0.5221354189400975,0.45222762
0257,0.8788453884378271,0.5254099543810714,0.45222762
0257,0.8788453884378271,0.5287215658791581,0.45222762
0257,0.8788453884378271,0.5320706203201058,0.45222762
0257,0.8788453884378271,0.5354574843060007,0.45222762
0257,0.8788453884378271,0.5388825239347458,0.45222762
0257,0.8788453884378271,0.5423461045723361,0.45222762
0257,0.8788453884378271,0.5458485906178678,0.45222762
0257,0.8788453884378271,0.549390345261279,0.45222762
0257,0.8788453884378271,0.5529717302337628,0.45222762
0257,0.8788453884378271,0.5565931055508687,0.45222762
0257,0.8788453884378271,0.5602548292482109,0.45222762
0257,0.8788453884378271,0.5639572571098368,0.45222762
0257,0.8788453884378271,0.567700742389228,0.45222762
0257,0.8788453884378271,0.5714856355229226,0.45222762
0257,0.8788453884378271,0.5753122838367798,0.45222762
0257,0.8788453884378271,0.5791810312449154,0.45222762
0257,0.8788453884378271,0.5830922179413088,0.45222762
0257,0.8788453884378271,0.5870461800841291,0.45222762
0257,0.8788453884378271,0.5910432494728223,0.45222762
0257,0.8788453884378271,0.5950837532179898,0.45222762
0257,0.8788453884378271,0.5991680134041389,0.45222762
0257,0.8788453884378271,0.6032963467453425,0.45222762
0257,0.8788453884378271,0.6074690642339076,0.45222762
0257,0.8788453884378271,0.6116864707821077,0.45222762
0257,0.8788453884378271,0.6159488648570958,0.45222762
0257,0.8788453884378271,0.6202565381090828,0.45222762
0257,0.8788453884378271,0.6246097749928832,0.45222762
0257,0.8788453884378271,0.6290088523829638,0.45222762
0257,0.8788453884378271,0.6334540391821323,0.45222762
0257,0.8788453884378271,0.6379455959239285,0.45222762
0257,0.8788453884378271,0.6424837743690155,0.45222762
0257,0.8788453884378271,0.6470688170955566,0.45222762
0257,0.8788453884378271,0.6517009570838491,0.45222762
0257,0.8788453884378271,0.6563804172954035,0.45222762
0257,0.8788453884378271,0.6611074102465844,0.45222762
0257,0.8788453884378271,0.6658821375770486,0.45222762
0257,0.8788453884378271,0.6707047896132282,0.45222762
0257,0.8788453884378271,0.6755755449270052,0.45222762
0257,0.8788453884378271,0.6804945698898497,0.45222762
0257,0.8788453884378271,0.6854620182226964,0.45222762
0257,0.8788453884378271,0.6904780305417018,0.45222762
0257,0.8788453884378271,0.6955427339002892,0.45222762
0257,0.8788453884378271,0.7006562413276269,0.45222762
0257,0.8788453884378271,0.7058186513639104,0.45222762
0257,0.8788453884378271,0.711030047592703,0.45222762
0257,0.8788453884378271,0.7162904981706419,0.45222762
0257,0.8788453884378271,0.7216000553548442,0.45222762
0257,0.8788453884378271,0.7269587550283195,0.45222762
0257,0.8788453884378271,0.7323666162237676,0.45222762
0257,0.8788453884378271,0.7378236406460316,0.45222762
0257,0.8788453884378271,0.74332981219366,0.45222762
0257,0.8788453884378271,0.7488850964798768,0.45222762
0257,0.8788453884378271,0.7544894403533738,0.45222762
0257,0.8788453884378271,0.7601427714193042,0.45222762
0257,0.8788453884378271,0.7658449975608607,0.45222762
0257,0.8788453884378271,0.7715960064619147,0.45222762
0257,0.8788453884378271,0.7773956651310223,0.45222762
0257,0.8788453884378271,0.7832438194273593,0.45222762
0257,0.8788453884378271,0.7891402935888825,0.45222762
0257,0.8788453884378271,0.7950848897633016,0.45222762
0257,0.8788453884378271,0.8010773875422107,0.45222762
0257,0.8788453884378271,0.8071175434989024,0.45222762
0257,0.8788453884378271,0.8132050907303189,0.45222762
0257,0.8788453884378271,0.8193397384036083,0.45222762
0257,0.8788453884378271,0.8255211713078033,0.45222762
0257,0.8788453884378271,0.8317490494110907,0.45222762
0257,0.8788453884378271,0.8380230074241946,0.45222762
0257,0.8788453884378271,0.8443426543703241,0.45222762
0257,0.8788453884378271,0.8507075731623295,0.45222762
0257,0.8788453884378271,0.8571173201874215,0.45222762
0257,0.8788453884378271,0.8635714249000983,0.45222762
0257,0.8788453884378271,0.8700693894237662,0.45222762
0257,0.8788453884378271,0.8766106881615975,0.45222762
0257,0.8788453884378271,0.8831947674171583,0.45222762
0257,0.8788453884378271,0.8898210450253308,0.45222762
0257,0.8788453884378271,0.8964889099941293,0.45222762
0257,0.8788453884378271,0.9031977221578834,0.45222762
0257,0.8788453884378271,0.9099468118424004,0.45222762
0257,0.8788453884378271,0.9167354795426138,0.45222762
0257,0.8788453884378271,0.9235629956132867,0.45222762
0257,0.8788453884378271,0.9304285999733316,0.45222762
0257,0.8788453884378271,0.9373315018242537,0.45222762
0257,0.8788453884378271,0.9442708793833245,0.45222762
0257,0.8788453884378271,0.9512458796319945,0.45222762
0257,0.8788453884378271,0.9582556180800796,0.45222762
0257,0.8788453884378271,0.965299178546299,0.45222762
0257,0.8788453884378271,0.972375612955692,0.45222762
0257,0.8788453884378271,0.9794839411544002,0.45222762
0257,0.8788453884378271,0.9866231507424408,0.45222762
0257,0.8788453884378271,0.9937921969248668,0.45222762
0257,0.8788453884378271,1.0009900023819467,0.45222762
0257,0.8788453884378271,1.008215457158797,0.45222762
0257,0.8788453884378271,1.0154674185750237,0.45222762
0257,0.8788453884378271,1.022744711154755,0.45222762
0257,0.8788453884378271,1.0300461265777392,0.45222762
0257,0.8788453884378271,1.0373704236517811,0.45222762
0257,0.8788453884378271,1.0447163283070842,0.45222762
0257,0.8788453884378271,1.0520825336129456,0.45222762
0257,0.8788453884378271,1.0594676998172194,0.45222762
0257,0.8788453884378271,1.0668704544089662,0.45222762
0257,0.8788453884378271,1.0742893922046877,0.45222762
0257,0.8788453884378271,1.0817230754586338,0.45222762
0257,0.8788453884378271,1.089170033997418,0.45222762
0257,0.8788453884378271,1.0966287653794229,0.45222762
0257,0.8788453884378271,1.1040977350792909,0.45222762
0257,0.8788453884378271,1.1115753766978462,0.45222762
0257,0.8788453884378271,1.1190600921977252,0.45222762
0257,0.8788453884378271,1.1265502521650927,0.45222762
0257,0.8788453884378271,1.1340441960976015,0.45222762
0257,0.8788453884378271,1.1415402327189512,0.45222762
0257,0.8788453884378271,1.14903664032023,0.45222762
0257,0.8788453884378271,1.1565316671282326,0.45222762
0257,0.8788453884378271,1.1640235317009717,0.45222762
0257,0.8788453884378271,1.171510423350602,0.45222762
0257,0.8788453884378271,1.1789905025937197,0.45222762
0257,0.8788453884378271,1.1864619016293927,0.45222762
0257,0.8788453884378271,1.1939227248448343,0.45222762
0257,0.8788453884378271,1.201371049348846,0.45222762
0257,0.8788453884378271,1.2088049255331128,0.45222762
0257,0.8788453884378271,1.2162223776612995,0.45222762
0257,0.8788453884378271,1.2236214044859501,0.45222762
0257,0.8788453884378271,1.2309999798932192,0.45222762
0257,0.8788453884378271,1.2383560535752687,0.45222762
0257,0.8788453884378271,1.245687551730312,0.45222762
0257,0.8788453884378271,1.2529923777901149,0.45222762
0257,0.8788453884378271,1.2602684131749344,0.45222762
0257,0.8788453884378271,1.2675135180754804,0.45222762
0257,0.8788453884378271,1.2747255322619624,0.45222762
0257,0.8788453884378271,1.2819022759197733,0.45222762
0257,0.8788453884378271,1.2890415505116444,0.45222762
0257,0.8788453884378271,1.2961411396659204,0.45222762
0257,0.8788453884378271,1.3031988100907026,0.45222762
0257,0.8788453884378271,1.310212312513363,0.45222762
0257,0.8788453884378271,1.3171793826451976,0.45222762
0257,0.8788453884378271,1.3240977421706555,0.45222762
0257,0.8788453884378271,1.3309650997608,0.45222762
0257,0.8788453884378271,1.3377791521104638,0.45222762
0257,0.8788453884378271,1.3445375849985595,0.45222762
0257,0.8788453884378271,1.3512380743710848,0.45222762
0257,0.8788453884378271,1.3578782874462012,0.45222762
0257,0.8788453884378271,1.3644558838407264,0.45222762
0257,0.8788453884378271,1.3709685167175103,0.45222762
0257,0.8788453884378271,1.3774138339530027,0.45222762
0257,0.8788453884378271,1.383789479324245,0.45222762
0257,0.8788453884378271,1.3900930937146672,0.45222762
0257,0.8788453884378271,1.3963223163378784,0.45222762
0257,0.8788453884378271,1.402474785978706,0.45222762
0257,0.8788453884378271,1.408548142250646,0.45222762
0257,0.8788453884378271,1.4145400268689206,0.45222762
0257,0.8788453884378271,1.4204480849383043,0.45222762
0257,0.8788453884378271,1.4262699662547758,0.45222762
0257,0.8788453884378271,1.4320033266200958,0.45222762
0257,0.8788453884378271,1.4376458291684922,0.45222762
0257,0.8788453884378271,1.4431951457042982,0.45222762
0257,0.8788453884378271,1.4486489580497537,0.45222762
0257,0.8788453884378271,1.454004959401851,0.45222762
0257,0.8788453884378271,1.4592608556972315,0.45222762
0257,0.8788453884378271,1.4644143669841085,0.45222762
0257,0.8788453884378271,1.4694632288001799,0.45222762
0257,0.8788453884378271,1.474405193555306,0.45222762
0257,0.8788453884378271,1.479238031918103,0.45222762
0257,0.8788453884378271,1.4839595342050818,0.45222762
0257,0.8788453884378271,1.4885675117713684,0.45222762
0257,0.8788453884378271,1.4930597984018152,0.45222762
0257,0.8788453884378271,1.4974342517013215,0.45222762
0257,0.8788453884378271,1.5016887544831958,0.45222762
0257,0.8788453884378271,1.5058212161544933,0.45222762
0257,0.8788453884378271,1.5098295740969152,0.45222762
0257,0.8788453884378271,1.5137117950422874,0.45222762
0257,0.8788453884378271,1.5174658764413183,0.45222762
0257,0.8788453884378271,1.5210898478244337,0.45222762
0257,0.8788453884378271,1.5245817721534765,0.45222762
0257,0.8788453884378271,1.5279397471630447,0.45222762
0257,0.8788453884378271,1.5311619066902742,0.45222762
0257,0.8788453884378271,1.5342464219918632,0.45222762
0257,0.8788453884378271,1.5371915030470367,0.45222762
0257,0.8788453884378271,1.5399953998453295,0.45222762
0257,0.8788453884378271,1.5426564036579289,0.45222762
0257,0.8788453884378271,1.5451728482913518,0.45222762
0257,0.8788453884378271,1.5475431113223437,0.45222762
0257,0.8788453884378271,1.5497656153127004,0.45222762
0257,0.8788453884378271,1.551838829002881,0.45222762
0257,0.8788453884378271,1.5537612684832625,0.45222762
0257,0.8788453884378271,1.5555314983418538,0.45222762
0257,0.8788453884378271,1.557148132787272,0.45222762
0257,0.8788453884378271,1.5586098367460128,0.45222762
0257,0.8788453884378271,1.5599153269326715,0.45222762
0257,0.8788453884378271,1.5610633728922336,0.45222762
0257,0.8788453884378271,1.5620527980132193,0.45222762
0257,0.8788453884378271,1.5628824805106962,0.45222762
0257,0.8788453884378271,1.5635513543781308,0.45222762
0257,0.8788453884378271,1.5640584103069957,0.45222762
0257,0.8788453884378271,1.5644026965732747,0.45222762
0257,0.8788453884378271,1.5645833198897399,0.45222762
0257,0.8788453884378271,1.5645994462232815,0.45222762
0257,0.8788453884378271,1.564450301576153,0.45222762
0257,0.8788453884378271,1.5641351727305106,0.45222762
0257,0.8788453884378271,1.5636534079551572,0.45222762
0257,0.8788453884378271,1.5630044176738618,0.45222762
0257,0.8788453884378271,1.5621876750944435,0.45222762
0257,0.8788453884378271,1.5612027167977693,0.45222762
0257,0.8788453884378271,1.5600491432861618,0.45222762
0257,0.8788453884378271,1.5587266194903326,0.45222762
0257,0.8788453884378271,1.5572348752343441,0.45222762
0257,0.8788453884378271,1.555573705658027,0.45222762
0257,0.8788453884378271,1.5537429715961386,0.45222762
0257,0.8788453884378271,1.5517425999139485,0.45222762
0257,0.8788453884378271,1.5495725837986574,0.45222762
0257,0.8788453884378271,1.5472329830062173,0.45222762
0257,0.8788453884378271,1.544723924063239,0.45222762
0257,0.8788453884378271,1.5420456004235494,0.45222762
0257,0.8788453884378271,1.5391982725791806,0.45222762
0257,0.8788453884378271,1.5361822681254638,0.45222762
0257,0.8788453884378271,1.5329979817800596,0.45222762
0257,0.8788453884378271,1.5296458753557234,0.45222762
0257,0.8788453884378271,1.526126477686711,0.45222762
0257,0.8788453884378271,1.5224403845087116,0.45222762
0257,0.8788453884378271,1.5185882582923302,0.45222762
0257,0.8788453884378271,1.5145708280300227,0.45222762
0257,0.8788453884378271,1.510388888976732,0.45222762
0257,0.8788453884378271,1.506043302344096,0.45222762
0257,0.8788453884378271,1.5015349949485721,0.45222762
0257,0.8788453884378271,1.4968649588135754,0.45222762
0257,0.8788453884378271,1.4920342507259021,0.45222762
0257,0.8788453884378271,1.4870439917467477,0.45222762
0257,0.8788453884378271,1.4818953666775685,0.45222762
0257,0.8788453884378271,1.4765896234813425,0.45222762
0257,0.8788453884378271,1.4711280726593878,0.45222762
0257,0.8788453884378271,1.4655120865845417,0.45222762
0257,0.8788453884378271,1.4597430987908726,0.45222762
0257,0.8788453884378271,1.4538226032207806,0.45222762
0257,0.8788453884378271,1.4477521534298292,0.45222762
0257,0.8788453884378271,1.4415333617501653,0.45222762
0257,0.8788453884378271,1.4351678984130931,0.45222762
0257,0.8788453884378271,1.4286574906315386,0.45222762
0257,0.8788453884378271,1.4220039216431977,0.45222762
0257,0.8788453884378271,1.4152090297151299,0.45222762
0257,0.8788453884378271,1.408274707110736,0.45222762
0257,0.8788453884378271,1.401202899019881,0.45222762
0257,0.8788453884378271,1.3939956024531073,0.45222762
0257,0.8788453884378271,1.3866548651010038,0.45222762
0257,0.8788453884378271,1.3791827841595299,0.45222762
0257,0.8788453884378271,1.3715815051224576,0.45222762
0257,0.8788453884378271,1.3638532205419465,0.45222762
0257,0.8788453884378271,1.356000168758274,0.45222762
0257,0.8788453884378271,1.3480246325999417,0.45222762
0257,0.8788453884378271,1.3399289380551622,0.45222762
0257,0.8788453884378271,1.3317154529160136,0.45222762
0257,0.8788453884378271,1.323386585396396,0.45222762
0257,0.8788453884378271,1.314944782724997,0.45222762
0257,0.8788453884378271,1.3063925297145154,0.45222762
0257,0.8788453884378271,1.2977323473084188,0.45222762
0257,0.8788453884378271,1.2889667911064875,0.45222762
0257,0.8788453884378271,1.2800984498704622,0.45222762
0257,0.8788453884378271,1.271129944011097,0.45222762
0257,0.8788453884378271,1.2620639240579037,0.45222762
4032,0.6501596143066799,2.255255425662754,0.36157855
4032,0.6501596143066799,2.267862496927177,0.36157855
4032,0.6501596143066799,2.280158180872274,0.36157855
4032,0.6501596143066799,2.2921375149083474,0.36157855
4032,0.6501596143066799,2.303795694129128,0.36157855
4032,0.6501596143066799,2.315128075046725,0.36157855
4032,0.6501596143066799,2.326130179183479,0.36157855
4032,0.6501596143066799,2.336797696516697,0.36157855
4032,0.6501596143066799,2.347126488772217,0.36157855
4032,0.6501596143066799,2.3571125925632495,0.36157855
4032,0.6501596143066799,2.366752222370583,0.36157855
4032,0.6501596143066799,2.376041773361258,0.36157855
4032,0.6501596143066799,2.3849778240422537,0.36157855
4032,0.6501596143066799,2.393557138746402,0.36157855
4032,0.6501596143066799,2.401776669947877,0.36157855
4032,0.6501596143066799,2.409633560404688,0.36157855
4032,0.6501596143066799,2.4171251451261218,0.36157855
4032,0.6501596143066799,2.424248953162844,0.36157855
4032,0.6501596143066799,2.4310027092182063,0.36157855
4032,0.6501596143066799,2.4373843350790145,0.36157855
4032,0.6501596143066799,2.443391950864585,0.36157855
4032,0.6501596143066799,2.4490238760928964,0.36157855
4032,0.6501596143066799,2.4542786305632096,0.36157855
4032,0.6501596143066799,2.4591549350543884,0.36157855
4032,0.6501596143066799,2.4636517118388146,0.36157855
4032,0.6501596143066799,2.4677680850115413,0.36157855
4032,0.6501596143066799,2.471503380635098,0.36157855
4032,0.6501596143066799,2.4748571267001207,0.36157855
4032,0.6501596143066799,2.4778290529026847,0.36157855
4032,0.6501596143066799,2.4804190902388705,0.36157855
4032,0.6501596143066799,2.4826273704180806,0.36157855
4032,0.6501596143066799,2.4844542250960386,0.36157855
4032,0.6501596143066799,2.485900184929343,0.36157855
4032,0.6501596143066799,2.486965978453174,0.36157855
4032,0.6501596143066799,2.4876525307842705,0.36157855
4032,0.6501596143066799,2.4879609621513796,0.36157855
4032,0.6501596143066799,2.4878925862555765,0.36157855
4032,0.6501596143066799,2.487448908463204,0.36157855
4032,0.6501596143066799,2.4866316238341386,0.36157855
4032,0.6501596143066799,2.485442614988646,0.36157855
4032,0.6501596143066799,2.48388394981582,0.36157855
4032,0.6501596143066799,2.481957879027347,0.36157855
4032,0.6501596143066799,2.479666833559799,0.36157855
4032,0.6501596143066799,2.477013421829702,0.36157855
4032,0.6501596143066799,2.4740004268449405,0.36157855
4032,0.6501596143066799,2.4706308031768516,0.36157855
4032,0.6501596143066799,2.4669076737972198,0.36157855
4032,0.6501596143066799,2.4628343267844213,0.36157855
4032,0.6501596143066799,2.4584142119036083,0.36157855
4032,0.6501596143066799,2.4536509370651833,0.36157855
4032,0.6501596143066799,2.4485482646667456,0.36157855
4032,0.6501596143066799,2.443110107823137,0.36157855
4032,0.6501596143066799,2.4373405264897925,0.36157855
4032,0.6501596143066799,2.4312437234843536,0.36157855
4032,0.6501596143066799,2.4248240404119215,0.36157855
4032,0.6501596143066799,2.418085953498986,0.36157855
4032,0.6501596143066799,2.411034069341663,0.36157855
4032,0.6501596143066799,2.4036731205734037,0.36157855
4032,0.6501596143066799,2.396007961457769,0.36157855
4032,0.6501596143066799,2.388043563411793,0.36157855
4032,0.6501596143066799,2.37978501046538,0.36157855
4032,0.6501596143066799,2.371237494662448,0.36157855
4032,0.6501596143066799,2.3624063114092304,0.36157855
4032,0.6501596143066799,2.353296854775493,0.36157855
4032,0.6501596143066799,2.3439146127542605,0.36157855
4032,0.6501596143066799,2.334265162485529,0.36157855
4032,0.6501596143066799,2.324354165449679,0.36157855
4032,0.6501596143066799,2.3141873626360656,0.36157855
4032,0.6501596143066799,2.3037705696923156,0.36157855
4032,0.6501596143066799,2.293109672059974,0.36157855
4032,0.6501596143066799,2.2822106201016603,0.36157855
4032,0.6501596143066799,2.2710794242253933,0.36157855
4032,0.6501596143066799,2.259722150011258,0.36157855
4032,0.6501596143066799,2.2481449133457385,0.36157855
4032,0.6501596143066799,2.2363538755688794,0.36157855
4032,0.6501596143066799,2.224355238639353,0.36157855
4032,0.6501596143066799,2.212155240322516,0.36157855
4032,0.6501596143066799,2.1997601494063064,0.36157855
4032,0.6501596143066799,2.187176260949835,0.36157855
4032,0.6501596143066799,2.174409891569343,0.36157855
4032,0.6501596143066799,2.1614673747661635,0.36157855
4032,0.6501596143066799,2.148355056301164,0.36157855
4032,0.6501596143066799,2.1350792896200037,0.36157855
4032,0.6501596143066799,2.1216464313334464,0.36157855
4032,0.6501596143066799,2.108062836756819,0.36157855
4032,0.6501596143066799,2.0943348555126304,0.36157855
4032,0.6501596143066799,2.0804688272000678,0.36157855
4032,0.6501596143066799,2.0664710771351564,0.36157855
4032,0.6501596143066799,2.0523479121650996,0.36157855
4032,0.6501596143066799,2.0381056165600615,0.36157855
4032,0.6501596143066799,2.0237504479858623,0.36157855
4032,0.6501596143066799,2.009288633560403,0.36157855
4032,0.6501596143066799,1.9947263659968915,0.36157855
4032,0.6501596143066799,1.9800697998366872,0.36157855
4032,0.6501596143066799,1.965325047774152,0.36157855
4032,0.6501596143066799,1.9504981770761993,0.36157855
4032,0.6501596143066799,1.9355952060986603,0.36157855
4032,0.6501596143066799,1.9206221009016484,0.36157855
4032,0.6501596143066799,1.9055847719658432,0.36157855
4032,0.6501596143066799,1.8904890710115811,0.36157855
4032,0.6501596143066799,1.8753407879222586,0.36157855
4032,0.6501596143066799,1.860145647773601,0.36157855
4032,0.6501596143066799,1.8449093079701029,0.36157855
4032,0.6501596143066799,1.8296373554898013,0.36157855
4032,0.6501596143066799,1.8143353042382653,0.36157855
4032,0.6501596143066799,1.7990085925128627,0.36157855
4032,0.6501596143066799,1.7836625805776996,0.36157855
4032,0.6501596143066799,1.7683025483500463,0.36157855
4032,0.6501596143066799,1.7529336931983892,0.36157855
4032,0.6501596143066799,1.737561127852546,0.36157855
4032,0.6501596143066799,1.7221898784256673,0.36157855
4032,0.6501596143066799,1.7068248825484174,0.36157855
4032,0.6501596143066799,1.6914709876147698,0.36157855
4032,0.6501596143066799,1.6761329491393662,0.36157855
4032,0.6501596143066799,1.6608154292257697,0.36157855
4032,0.6501596143066799,1.6455229951451658,0.36157855
4032,0.6501596143066799,1.6302601180246945,0.36157855
4032,0.6501596143066799,1.61503117164456,0.36157855
4032,0.6501596143066799,1.5998404313430246,0.36157855
4032,0.6501596143066799,1.584692073028146,0.36157855
4032,0.6501596143066799,1.5695901722950851,0.36157855
4032,0.6501596143066799,1.5545387036476983,0.36157855
4032,0.6501596143066799,1.5395415398229468,0.36157855
4032,0.6501596143066799,1.5246024512167704,0.36157855
4032,0.6501596143066799,1.5097251054096936,0.36157855
4032,0.6501596143066799,1.4949130667905257,0.36157855
4032,0.6501596143066799,1.4801697962764628,0.36157855
4032,0.6501596143066799,1.4654986511276196,0.36157855
4032,0.6501596143066799,1.4509028848542447,0.36157855
4032,0.6501596143066799,1.4363856472144045,0.36157855
4032,0.6501596143066799,1.4219499843003578,0.36157855
4032,0.6501596143066799,1.4075988387112357,0.36157855
4032,0.6501596143066799,1.393335049810064,0.36157855
4032,0.6501596143066799,1.379161354062797,0.36157855
4032,0.6501596143066799,1.365080385457113,0.36157855
4032,0.6501596143066799,1.3510946759986535,0.36157855
4032,0.6501596143066799,1.3372066562824085,0.36157855
4032,0.6501596143066799,1.3234186561367762,0.36157855
4032,0.6501596143066799,1.309732905337931,0.36157855
4032,0.6501596143066799,1.2961515343920809,0.36157855
4032,0.6501596143066799,1.282676575383075,0.36157855
4032,0.6501596143066799,1.269309962882997,0.36157855
4032,0.6501596143066799,1.2560535349231,0.36157855
4032,0.6501596143066799,1.2429090340227613,0.36157855
4032,0.6501596143066799,1.2298781082737489,0.36157855
4032,0.6501596143066799,1.2169623124775142,0.36157855
4032,0.6501596143066799,1.2041631093327994,0.36157855
4032,0.6501596143066799,1.1914818706711947,0.36157855
4032,0.6501596143066799,1.1789198787381017,0.36157855
4032,0.6501596143066799,1.166478327516626,0.36157855
4032,0.6501596143066799,1.1541583240919444,0.36157855
4032,0.6501596143066799,1.1419608900537146,0.36157855
4032,0.6501596143066799,1.1298869629340804,0.36157855
4032,0.6501596143066799,1.1179373976788889,0.36157855
4032,0.6501596143066799,1.1061129681497526,0.36157855
4032,0.6501596143066799,1.0944143686546204,0.36157855
4032,0.6501596143066799,1.082842215504537,0.36157855
4032,0.6501596143066799,1.0713970485943145,0.36157855
4032,0.6501596143066799,1.0600793330049125,0.36157855
4032,0.6501596143066799,1.0488894606252928,0.36157855
4032,0.6501596143066799,1.0378277517916208,0.36157855
4032,0.6501596143066799,1.0268944569416683,0.36157855
4032,0.6501596143066799,1.0160897582824133,0.36157855
4032,0.6501596143066799,1.0054137714687068,0.36157855
4032,0.6501596143066799,0.9948665472911715,0.36157855
4032,0.6501596143066799,0.9844480733712834,0.36157855
4032,0.6501596143066799,0.9741582758618237,0.36157855
4032,0.6501596143066799,0.9639970211508511,0.36157855
4032,0.6501596143066799,0.9539641175674624,0.36157855
4032,0.6501596143066799,0.9440593170875488,0.36157855
4032,0.6501596143066799,0.9342823170379659,0.36157855
4032,0.6501596143066799,0.9246327617974205,0.36157855
4032,0.6501596143066799,0.915110244492576,0.36157855
4032,0.6501596143066799,0.9057143086878673,0.36157855
4032,0.6501596143066799,0.8964444500675096,0.36157855
4032,0.6501596143066799,0.8873001181084377,0.36157855
4032,0.6501596143066799,0.8782807177426744,0.36157855
4032,0.6501596143066799,0.8693856110079963,0.36157855
4032,0.6501596143066799,0.8606141186855587,0.36157855
4032,0.6501596143066799,0.8519655219233736,0.36157855
4032,0.6501596143066799,0.8434390638444795,0.36157855
4032,0.6501596143066799,0.8350339511387681,0.36157855
4032,0.6501596143066799,0.826749355637445,0.36157855
4032,0.6501596143066799,0.8185844158691568,0.36157855
4032,0.6501596143066799,0.8105382385968983,0.36157855
4032,0.6501596143066799,0.802609900334826,0.36157855
4032,0.6501596143066799,0.7947984488442036,0.36157855
4032,0.6501596143066799,0.7871029046076985,0.36157855
4032,0.6501596143066799,0.7795222622813263,0.36157855
4032,0.6501596143066799,0.7720554921234287,0.36157855
4032,0.6501596143066799,0.7647015414000409,0.36157855
4032,0.6501596143066799,0.7574593357660845,0.36157855
4032,0.6501596143066799,0.7503277806219136,0.36157855
4032,0.6501596143066799,0.7433057624446889,0.36157855
4032,0.6501596143066799,0.7363921500942127,0.36157855
4032,0.6501596143066799,0.7295857960927973,0.36157855
4032,0.6501596143066799,0.722885537878825,0.36157855
4032,0.6501596143066799,0.7162901990337491,0.36157855
4032,0.6501596143066799,0.7097985904821957,0.36157855
4032,0.6501596143066799,0.703409511665008,0.36157855
4032,0.6501596143066799,0.6971217516850066,0.36157855
4032,0.6501596143066799,0.6909340904253184,0.36157855
4032,0.6501596143066799,0.6848452996401708,0.36157855
4032,0.6501596143066799,0.6788541440180293,0.36157855
4032,0.6501596143066799,0.6729593822170682,0.36157855
4032,0.6501596143066799,0.6671597678729176,0.36157855
4032,0.6501596143066799,0.6614540505786937,0.36157855
4032,0.6501596143066799,0.6558409768373604,0.36157855
4032,0.6501596143066799,0.6503192909864589,0.36157855
4032,0.6501596143066799,0.6448877360953079,0.36157855
4032,0.6501596143066799,0.6395450548347825,0.36157855
4032,0.6501596143066799,0.6342899903197894,0.36157855
4032,0.6501596143066799,0.629121286924591,0.36157855
4032,0.6501596143066799,0.6240376910711883,0.36157855
4032,0.6501596143066799,0.6190379519908984,0.36157855
4032,0.6501596143066799,0.6141208224593963,0.36157855
4032,0.6501596143066799,0.6092850595054156,0.36157855
4032,0.6501596143066799,0.6045294250933728,0.36157855
4032,0.6501596143066799,0.5998526867801499,0.36157855
4032,0.6501596143066799,0.5952536183463834,0.36157855
4032,0.6501596143066799,0.5907310004024433,0.36157855
4032,0.6501596143066799,0.5862836209694952,0.36157855
4032,0.6501596143066799,0.5819102760359436,0.36157855
4032,0.6501596143066799,0.5776097700895272,0.36157855
4032,0.6501596143066799,0.5733809166254789,0.36157855
4032,0.6501596143066799,0.5692225386310497,0.36157855
4032,0.6501596143066799,0.5651334690467412,0.36157855
4032,0.6501596143066799,0.5611125512046842,0.36157855
4032,0.6501596143066799,0.5571586392444047,0.36157855
4032,0.6501596143066799,0.5532705985064692,0.36157855
4032,0.6501596143066799,0.5494473059043353,0.36157855
4032,0.6501596143066799,0.5456876502748018,0.36157855
4032,0.6501596143066799,0.5419905327074268,0.36157855
4032,0.6501596143066799,0.5383548668533691,0.36157855
4032,0.6501596143066799,0.534779579213956,0.36157855
4032,0.6501596143066799,0.5312636094094747,0.36157855
4032,0.6501596143066799,0.5278059104285202,0.36157855
4032,0.6501596143066799,0.5244054488583157,0.36157855
4032,0.6501596143066799,0.5210612050964512,0.36157855
4032,0.6501596143066799,0.5177721735443785,0.36157855
4032,0.6501596143066799,0.5145373627831183,0.36157855
4032,0.6501596143066799,0.5113557957315878,0.36157855
4032,0.6501596143066799,0.5082265097879005,0.36157855
4032,0.6501596143066799,0.505148556954112,0.36157855
4032,0.6501596143066799,0.502121003944766,0.36157855
4032,0.6501596143066799,0.4991429322796733,0.36157855
4032,0.6501596143066799,0.4962134383613118,0.36157855
4032,0.6501596143066799,0.49333163353723664,0.36157855
4032,0.6501596143066799,0.4904966441479444,0.36157855
4032,0.6501596143066799,0.487707611560521,0.36157855
4032,0.6501596143066799,0.4849636921885338,0.36157855
4032,0.6501596143066799,0.48226405749852025,0.36157855
4032,0.6501596143066799,0.4796078940034602,0.36157855
4032,0.6501596143066799,0.4769944032436608,0.36157855
4032,0.6501596143066799,0.474422801755395,0.36157855
4032,0.6501596143066799,0.47189232102768164,0.36157855
4032,0.6501596143066799,0.4694022074476227,0.36157855
4032,0.6501596143066799,0.4669517222346314,0.36157855
4032,0.6501596143066799,0.4645401413639434,0.36157855
4032,0.6501596143066799,0.4621667554797869,0.36157855
4032,0.6501596143066799,0.4598308697985602,0.36157855
4032,0.6501596143066799,0.45753180400241217,0.36157855
4032,0.6501596143066799,0.4552688921235527,0.36157855
4032,0.6501596143066799,0.45304148241966913,0.36157855
4032,0.6501596143066799,0.4508489372408012,0.36157855
4032,0.6501596143066799,0.4486906328880374,0.36157855
4032,0.6501596143066799,0.4465659594643462,0.36157855
4032,0.6501596143066799,0.4444743207179347,0.36157855
4032,0.6501596143066799,0.44241513387843806,0.36157855
4032,0.6501596143066799,0.4403878294862988,0.36157855
4032,0.6501596143066799,0.43839185121566093,0.36157855
4032,0.6501596143066799,0.43642665569112465,0.36157855
4032,0.6501596143066799,0.4344917122986669,0.36157855
4032,0.6501596143066799,0.43258650299108553,0.36157855
4032,0.6501596143066799,0.4307105220882551,0.36157855
4032,0.6501596143066799,0.42886327607253877,0.36157855
4032,0.6501596143066799,0.4270442833796543,0.36157855
4032,0.6501596143066799,0.4252530741853362,0.36157855
4032,0.6501596143066799,0.4234891901880428,0.36157855
4032,0.6501596143066799,0.42175218438808826,0.36157855
4032,0.6501596143066799,0.4200416208634445,0.36157855
4032,0.6501596143066799,0.418357074542534,0.36157855
4032,0.6501596143066799,0.41669813097431396,0.36157855
4032,0.6501596143066799,0.41506438609592233,0.36157855
4032,0.6501596143066799,0.4134554459982009,0.36157855
4032,0.6501596143066799,0.41187092668935205,0.36157855
4032,0.6501596143066799,0.4103104538570241,0.36157855
4032,0.6501596143066799,0.40877366262910714,0.36157855
4032,0.6501596143066799,0.40726019733350316,0.36157855
4032,0.6501596143066799,0.4057697112571299,0.36157855
4032,0.6501596143066799,0.40430186640444216,0.36157855
4032,0.6501596143066799,0.4028563332557381,0.36157855
4032,0.6501596143066799,0.40143279052546255,0.36157855
4032,0.6501596143066799,0.4000309249208225,0.36157855
4032,0.6501596143066799,0.39865043090090296,0.36157855
4032,0.6501596143066799,0.39729101043657766,0.36157855
4032,0.6501596143066799,0.395952372771418,0.36157855
4032,0.6501596143066799,0.394634234183861,0.36157855
4032,0.6501596143066799,0.3933363177508379,0.36157855
4032,0.6501596143066799,0.3920583531131302,0.36157855
4032,0.6501596143066799,0.39080007624262325,0.36157855
4032,0.6501596143066799,0.3895612292117194,0.36157855
4032,0.6501596143066799,0.3883415599650916,0.36157855
4032,0.6501596143066799,0.3871408220939978,0.36157855
4032,0.6501596143066799,0.38595877461335426,0.36157855
4032,0.6501596143066799,0.3847951817417454,0.36157855
4032,0.6501596143066799,0.3836498126845965,0.36157855
4032,0.6501596143066799,0.3825224414206572,0.36157855
4032,0.6501596143066799,0.3814128464919774,0.36157855
4032,0.6501596143066799,0.38032081079758484,0.36157855
4032,0.6501596143066799,0.3792461213909796,0.36157855
4032,0.6501596143066799,0.3781885692816434,0.36157855
4032,0.6501596143066799,0.3771479492406867,0.36157855
4032,0.6501596143066799,0.37612405961082235,0.36157855
4032,0.6501596143066799,0.37511670212075593,0.36157855
4032,0.6501596143066799,0.3741256817041731,0.36157855
4032,0.6501596143066799,0.3731508063234195,0.36157855
4032,0.6501596143066799,0.3721918867980302,0.36157855
4032,0.6501596143066799,0.3712487366381678,0.36157855
4032,0.6501596143066799,0.3703211718831339,0.36157855
4032,0.6501596143066799,0.36940901094502726,0.36157855
4032,0.6501596143066799,0.36851207445764494,0.36157855
4032,0.6501596143066799,0.36763018513070855,0.36157855
4032,0.6501596143066799,0.366763167609503,0.36157855
4032,0.6501596143066799,0.36591084834000587,0.36157855
4032,0.6501596143066799,0.3650730554395584,0.36157855
4032,0.6501596143066799,0.3642496185731342,0.36157855
4032,0.6501596143066799,0.36344036883528297,0.36157855
4032,0.6501596143066799,0.36264513863775677,0.36157855
4032,0.6501596143066799,0.36186376160286504,0.36157855
4032,0.6501596143066799,0.3610960724626138,0.36157855
4032,0.6501596143066799,0.36034190696362245,0.36157855
4032,0.6501596143066799,0.3596011017778118,0.36157855
4032,0.6501596143066799,0.3588734944189294,0.36157855
4032,0.6501596143066799,0.3581589231648535,0.36157855
4032,0.6501596143066799,0.35745722698569854,0.36157855
4032,0.6501596143066799,0.35676824547769026,0.36157855
4032,0.6501596143066799,0.3560918188028071,0.36157855
4032,0.6501596143066799,0.3554277876341156,0.36157855
4032,0.6501596143066799,0.3547759931068295,0.36157855
4032,0.6501596143066799,0.3541362767749665,0.36157855
4032,0.6501596143066799,0.35350848057362383,0.36157855
4032,0.6501596143066799,0.35289244678677045,0.36157855
4032,0.6501596143066799,0.3522880180204928,0.36157855
4032,0.6501596143066799,0.3516950371816471,0.36157855
4032,0.6501596143066799,0.3511133474618172,0.36157855
4032,0.6501596143066799,0.35054279232649127,0.36157855
4032,0.6501596143066799,0.34998321550938566,0.36157855
4032,0.6501596143066799,0.34943446101179315,0.36157855
4032,0.6501596143066799,0.3488963731068684,0.36157855
4032,0.6501596143066799,0.34836879634874746,0.36157855
4032,0.6501596143066799,0.3478515755863539,0.36157855
4032,0.6501596143066799,0.347344555981806,0.36157855
4032,0.6501596143066799,0.3468475830332843,0.36157855
4032,0.6501596143066799,0.34636050260222345,0.36157855
4032,0.6501596143066799,0.3458831609446927,0.36157855
4032,0.6501596143066799,0.34541540474684856,0.36157855
4032,0.6501596143066799,0.34495708116427015,0.36157855
4032,0.6501596143066799,0.344508037865066,0.36157855
4032,0.6501596143066799,0.3440681230765774,0.36157855
4032,0.6501596143066799,0.34363718563554213,0.36157855
4032,0.6501596143066799,0.343215075041523,0.36157855
4032,0.6501596143066799,0.34280164151347375,0.36157855
4032,0.6501596143066799,0.3423967360492531,0.36157855
4032,0.6501596143066799,0.3420002104879218,0.36157855
4032,0.6501596143066799,0.34161191757465337,0.36157855
4032,0.6501596143066799,0.3412317110280842,0.36157855
4032,0.6501596143066799,0.34085944560991516,0.36157855
4032,0.6501596143066799,0.34049497719660815,0.36157855
4032,0.6501596143066799,0.3401381628529693,0.36157855
4032,0.6501596143066799,0.3397888609074639,0.36157855
4032,0.6501596143066799,0.33944693102906986,0.36157855
4032,0.6501596143066799,0.3391122343054801,0.36157855
4032,0.6501596143066799,0.33878463332248226,0.36157855
4032,0.6501596143066799,0.3384639922443345,0.36157855
4032,0.6501596143066799,0.33815017689494026,0.36157855
4032,0.6501596143066799,0.33784305483965316,0.36157855
4032,0.6501596143066799,0.3375424954675278,0.36157855
4032,0.6501596143066799,0.3372483700738286,0.36157855
4032,0.6501596143066799,0.33696055194262675,0.36157855
4032,0.6501596143066799,0.336678916429316,0.36157855
4032,0.6501596143066799,0.3364033410428342,0.36157855
4032,0.6501596143066799,0.33613370552746413,0.36157855
4032,0.6501596143066799,0.33586989194401534,0.36157855
4032,0.6501596143066799,0.33561178475022746,0.36157855
4032,0.6501596143066799,0.33535927088022255,0.36157855
4032,0.6501596143066799,0.33511223982284083,0.36157855
4032,0.6501596143066799,0.3348705836987223,0.36157855
4032,0.6501596143066799,0.33463419733595096,0.36157855
4032,0.6501596143066799,0.3344029783441356,0.36157855
4032,0.6501596143066799,0.3341768271867517,0.36157855
4032,0.6501596143066799,0.33395564725161314,0.36157855
4032,0.6501596143066799,0.3337393449193607,0.36157855
4032,0.6501596143066799,0.33352782962977306,0.36157855
4032,0.6501596143066799,0.3333210139458347,0.36157855
4032,0.6501596143066799,0.3331188136153863,0.36157855
4032,0.6501596143066799,0.33292114763027286,0.36157855
4032,0.6501596143066799,0.33272793828283365,0.36157855
4032,0.6501596143066799,0.3325391112196883,0.36157855
4032,0.6501596143066799,0.3323545954926342,0.36157855
4032,0.6501596143066799,0.33217432360663507,0.36157855
4032,0.6501596143066799,0.33199823156474934,0.36157855
4032,0.6501596143066799,0.3318262589099512,0.36157855
4032,0.6501596143066799,0.33165834876372596,0.36157855
4032,0.6501596143066799,0.3314944478614106,0.36157855
4032,0.6501596143066799,0.33133450658417324,0.36157855
4032,0.6501596143066799,0.33117847898757724,0.36157855
4032,0.6501596143066799,0.33102632282669897,0.36157855
4032,0.6501596143066799,0.3308779995776936,0.36157855
4032,0.6501596143066799,0.3307334744558486,0.36157855
4032,0.6501596143066799,0.3305927164299936,0.36157855
4032,0.6501596143066799,0.33045569823330817,0.36157855
4032,0.6501596143066799,0.33032239637046423,0.36157855
4032,0.6501596143066799,0.330192791121104,0.36157855
4032,0.6501596143066799,0.33006686653961603,0.36157855
4032,0.6501596143066799,0.32994461045123924,0.36157855
4032,0.6501596143066799,0.32982601444446247,0.36157855
4032,0.6501596143066799,0.3297110738597394,0.36157855
4032,0.6501596143066799,0.3295997877745285,0.36157855
4032,0.6501596143066799,0.32949215898467626,0.36157855
4032,0.6501596143066799,0.3293881939821707,0.36157855
4032,0.6501596143066799,0.329287902929284,0.36157855
4032,0.6501596143066799,0.3291912996291529,0.36157855
4032,0.6501596143066799,0.3290984014928168,0.36157855
4032,0.6501596143066799,0.32900922950279166,0.36157855
4032,0.6501596143066799,0.3289238081731914,0.36157855
4032,0.6501596143066799,0.3288421655064869,0.36157855
4032,0.6501596143066799,0.32876433294694163,0.36157855
4032,0.6501596143066799,0.3286903453308058,0.36157855
4032,0.6501596143066799,0.32862024083330715,0.36157855
4032,0.6501596143066799,0.3285540609125729,0.36157855
4032,0.6501596143066799,0.3284918502504937,0.36157855
4032,0.6501596143066799,0.32843365669066116,0.36157855
4032,0.6501596143066799,0.32837953117343227,0.36157855
4032,0.6501596143066799,0.32832952766825857,0.36157855
4032,0.6501596143066799,0.32828370310330934,0.36157855
4032,0.6501596143066799,0.32824211729253683,0.36157855
4032,0.6501596143066799,0.32820483286027363,0.36157855
4032,0.6501596143066799,0.32817191516343486,0.36157855
4032,0.6501596143066799,0.3281434322114946,0.36157855
4032,0.6501596143066799,0.32811945458425584,0.36157855
4032,0.6501596143066799,0.32810005534762127,0.36157855
4032,0.6501596143066799,0.3280853099674025,0.36157855
4032,0.6501596143066799,0.3280752962213196,0.36157855
4032,0.6501596143066799,0.3280700941092947,0.36157855
4032,0.6501596143066799,0.3280697857621584,0.36157855
4032,0.6501596143066799,0.32807445534890445,0.36157855
4032,0.6501596143066799,0.32808418898257224,0.36157855
4032,0.6501596143066799,0.3280990746249158,0.36157855
4032,0.6501596143066799,0.3281192019899753,0.36157855
4032,0.6501596143066799,0.32814466244662854,0.36157855
4032,0.6501596143066799,0.32817554892032946,0.36157855
4032,0.6501596143066799,0.3282119557940424,0.36157855
4032,0.6501596143066799,0.3282539788086123,0.36157855
4032,0.6501596143066799,0.3283017149625837,0.36157855
4032,0.6501596143066799,0.3283552624116558,0.36157855
4032,0.6501596143066799,0.3284147203678832,0.36157855
4032,0.6501596143066799,0.3284801889987003,0.36157855
4032,0.6501596143066799,0.3285517693259413,0.36157855
4032,0.6501596143066799,0.32862956312491304,0.36157855
4032,0.6501596143066799,0.3287136728236995,0.36157855
4032,0.6501596143066799,0.3288042014027385,0.36157855
4032,0.6501596143066799,0.3289012522948346,0.36157855
4032,0.6501596143066799,0.32900492928568786,0.36157855
4032,0.6501596143066799,0.3291153364150495,0.36157855
4032,0.6501596143066799,0.329232577878613,0.36157855
4032,0.6501596143066799,0.3293567579307417,0.36157855
4032,0.6501596143066799,0.3294879807881076,0.36157855
4032,0.6501596143066799,0.3296263505343632,0.36157855
4032,0.6501596143066799,0.3297719710259406,0.36157855
4032,0.6501596143066799,0.3299249457990383,0.36157855
4032,0.6501596143066799,0.33008537797790743,0.36157855
4032,0.6501596143066799,0.330253370184511,0.36157855
4032,0.6501596143066799,0.3304290244496447,0.36157855
4032,0.6501596143066799,0.3306124421255732,0.36157855
4032,0.6501596143066799,0.33080372380028616,0.36157855
4032,0.6501596143066799,0.33100296921342526,0.36157855
4032,0.6501596143066799,0.3312102771739484,0.36157855
4032,0.6501596143066799,0.3314257454796055,0.36157855
4032,0.6501596143066799,0.33164947083828267,0.36157855
4032,0.6501596143066799,0.33188154879124904,0.36157855
4032,0.6501596143066799,0.3321220736384038,0.36157855
4032,0.6501596143066799,0.33237113836553384,0.36157855
4032,0.6501596143066799,0.33262883457365133,0.36157855
4032,0.6501596143066799,0.3328952524104257,0.36157855
4032,0.6501596143066799,0.3331704805037971,0.36157855
4032,0.6501596143066799,0.3334546058977554,0.36157855
4032,0.6501596143066799,0.33374771399035047,0.36157855
4032,0.6501596143066799,0.3340498884739535,0.36157855
4032,0.6501596143066799,0.3343612112777943,0.36157855
4032,0.6501596143066799,0.33468176251279624,0.36157855
4032,0.6501596143066799,0.3350116204187298,0.36157855
4032,0.6501596143066799,0.33535086131371067,0.36157855
4032,0.6501596143066799,0.33569955954602565,0.36157855
4032,0.6501596143066799,0.33605778744833587,0.36157855
4032,0.6501596143066799,0.3364256152942405,0.36157855
4032,0.6501596143066799,0.3368031112572117,0.36157855
4032,0.6501596143066799,0.33719034137190285,0.36157855
4032,0.6501596143066799,0.33758736949781293,0.36157855
4032,0.6501596143066799,0.33799425728534954,0.36157855
4032,0.6501596143066799,0.3384110641442204,0.36157855
4032,0.6501596143066799,0.3388378472142073,0.36157855
4032,0.6501596143066799,0.33927466133825795,0.36157855
4032,0.6501596143066799,0.33972155903792617,0.36157855
4032,0.6501596143066799,0.34017859049111027,0.36157855
4032,0.6501596143066799,0.3406458035121084,0.36157855
4032,0.6501596143066799,0.341123243533935,0.36157855
4032,0.6501596143066799,0.3416109535928943,0.36157855
4032,0.6501596143066799,0.34210897431541787,0.36157855
4032,0.6501596143066799,0.3426173439070679,0.36157855
4032,0.6501596143066799,0.3431360981437606,0.36157855
4032,0.6501596143066799,0.3436652703651421,0.36157855
4032,0.6501596143066799,0.34420489147007427,0.36157855
4032,0.6501596143066799,0.34475498991425013,0.36157855
4032,0.6501596143066799,0.34531559170986503,0.36157855
4032,0.6501596143066799,0.3458867204273194,0.36157855
4032,0.6501596143066799,0.34646839719894484,0.36157855
4032,0.6501596143066799,0.3470606407246858,0.36157855
4032,0.6501596143066799,0.3476634672797455,0.36157855
4032,0.6501596143066799,0.3482768907240969,0.36157855
4032,0.6501596143066799,0.34890092251390836,0.36157855
4032,0.6501596143066799,0.34953557171476846,0.36157855
4032,0.6501596143066799,0.35018084501673236,0.36157855
4032,0.6501596143066799,0.350836746751109,0.36157855
4032,0.6501596143066799,0.35150327890899147,0.36157855
4032,0.6501596143066799,0.3521804411614793,0.36157855
4032,0.6501596143066799,0.3528682308815215,0.36157855
4032,0.6501596143066799,0.3535666431674236,0.36157855
4032,0.6501596143066799,0.3542756708678938,0.36157855
4032,0.6501596143066799,0.35499530460865264,0.36157855
4032,0.6501596143066799,0.3557255328205349,0.36157855
4032,0.6501596143066799,0.35646634176909114,0.36157855
4032,0.6501596143066799,0.35721771558557813,0.36157855
4032,0.6501596143066799,0.35797963629939455,0.36157855
4032,0.6501596143066799,0.35875208387184676,0.36157855
4032,0.6501596143066799,0.35953503623125793,0.36157855
4032,0.6501596143066799,0.36032846930937823,0.36157855
4032,0.6501596143066799,0.3611323570790337,0.36157855
4032,0.6501596143066799,0.36194667159301763,0.36157855
4032,0.6501596143066799,0.36277138302417367,0.36157855
4032,0.6501596143066799,0.36360645970663374,0.36157855
4032,0.6501596143066799,0.36445186817818,0.36157855
4032,0.6501596143066799,0.3653075732237145,0.36157855
4032,0.6501596143066799,0.3661735379197788,0.36157855
4032,0.6501596143066799,0.36704972368011457,0.36157855
4032,0.6501596143066799,0.36793609030222035,0.36157855
4032,0.6501596143066799,0.36883259601488266,0.36157855
4032,0.6501596143066799,0.3697391975266551,0.36157855
4032,0.6501596143066799,0.3706558500752203,0.36157855
4032,0.6501596143066799,0.37158250747767185,0.36157855
4032,0.6501596143066799,0.37251912218163435,0.36157855
4032,0.6501596143066799,0.3734656453171904,0.36157855
4032,0.6501596143066799,0.3744220267496363,0.36157855
4032,0.6501596143066799,0.3753882151329663,0.36157855
4032,0.6501596143066799,0.37636415796414685,0.36157855
4032,0.6501596143066799,0.37734980163804593,0.36157855
4032,0.6501596143066799,0.3783450915030996,0.36157855
4032,0.6501596143066799,0.37934997191759395,0.36157855
4032,0.6501596143066799,0.38036438630660857,0.36157855
4032,0.6501596143066799,0.3813882772195428,0.36157855
4032,0.6501596143066799,0.3824215863882148,0.36157855
4032,0.6501596143066799,0.38346425478553153,0.36157855
4032,0.6501596143066799,0.38451622268463864,0.36157855
4032,0.6501596143066799,0.38557742971860376,0.36157855
4032,0.6501596143066799,0.38664781494053163,0.36157855
4032,0.6501596143066799,0.38772731688413364,0.36157855
4032,0.6501596143066799,0.38881587362469566,0.36157855
4032,0.6501596143066799,0.3899134228404194,0.36157855
4032,0.6501596143066799,0.3910199018741335,0.36157855
4032,0.6501596143066799,0.3921352477952932,0.36157855
4032,0.6501596143066799,0.3932593974622992,0.36157855
4032,0.6501596143066799,0.394392287585051,0.36157855
4032,0.6501596143066799,0.3955338547877473,0.36157855
4032,0.6501596143066799,0.39668403567187693,0.36157855
4032,0.6501596143066799,0.3978427668793654,0.36157855
4032,0.6501596143066799,0.3990099851558634,0.36157855
4032,0.6501596143066799,0.40018562741415165,0.36157855
4032,0.6501596143066799,0.40136963079755383,0.36157855
4032,0.6501596143066799,0.40256193274346197,0.36157855
4032,0.6501596143066799,0.4037624710467889,0.36157855
4032,0.6501596143066799,0.404971183923415,0.36157855
4032,0.6501596143066799,0.4061880100735585,0.36157855
4032,0.6501596143066799,0.40741288874501247,0.36157855
4032,0.6501596143066799,0.40864575979626,0.36157855
4032,0.6501596143066799,0.40988656375938215,0.36157855
4032,0.6501596143066799,0.4111352419027264,0.36157855
4032,0.6501596143066799,0.4123917362933475,0.36157855
4032,0.6501596143066799,0.41365598985908786,0.36157855
4032,0.6501596143066799,0.41492794645035186,0.36157855
4032,0.6501596143066799,0.41620755090146744,0.36157855
4032,0.6501596143066799,0.41749474909160705,0.36157855
4032,0.6501596143066799,0.4187894880052538,0.36157855
4032,0.6501596143066799,0.42009171579212456,0.36157855
4032,0.6501596143066799,0.4214013818265481,0.36157855
4032,0.6501596143066799,0.42271843676620985,0.36157855
4032,0.6501596143066799,0.4240428326102618,0.36157855
4032,0.6501596143066799,0.4253745227567192,0.36157855
4032,0.6501596143066799,0.4267134620591174,0.36157855
4032,0.6501596143066799,0.4280596068823658,0.36157855
4032,0.6501596143066799,0.4294129151577723,0.36157855
4032,0.6501596143066799,0.43077334643716403,0.36157855
4032,0.6501596143066799,0.4321408619460851,0.36157855
4032,0.6501596143066799,0.433515424636013,0.36157855
4032,0.6501596143066799,0.434896999235524,0.36157855
4032,0.6501596143066799,0.43628555230040267,0.36157855
4032,0.6501596143066799,0.43768105226260634,0.36157855
4032,0.6501596143066799,0.4390834694780636,0.36157855
4032,0.6501596143066799,0.44049277627324973,0.36157855
4032,0.6501596143066799,0.4419089469904845,0.36157855
4032,0.6501596143066799,0.4433319580319213,0.36157855
4032,0.6501596143066799,0.44476178790215376,0.36157855
4032,0.6501596143066799,0.44619841724943765,0.36157855
4032,0.6501596143066799,0.44764182890542864,0.36157855
4032,0.6501596143066799,0.44909200792343346,0.36157855
4032,0.6501596143066799,0.4505489416150882,0.36157855
4032,0.6501596143066799,0.4520126195854841,0.36157855
4032,0.6501596143066799,0.45348303376660687,0.36157855
4032,0.6501596143066799,0.45496017844913245,0.36157855
4032,0.6501596143066799,0.45644405031248253,0.36157855
4032,0.6501596143066799,0.45793464845312276,0.36157855
4032,0.6501596143066799,0.45943197441104583,0.36157855
4032,0.6501596143066799,0.46093603219443674,0.36157855
4032,0.6501596143066799,0.46244682830242395,0.36157855
4032,0.6501596143066799,0.4639643717459394,0.36157855
4032,0.6501596143066799,0.46548867406661426,0.36157855
4032,0.6501596143066799,0.4670197493536922,0.36157855
4032,0.6501596143066799,0.46855761425892417,0.36157855
4032,0.6501596143066799,0.4701022880094012,0.36157855
4032,0.6501596143066799,0.47165379241832794,0.36157855
4032,0.6501596143066799,0.473212151893678,0.36157855
4032,0.6501596143066799,0.4747773934447164,0.36157855
4032,0.6501596143066799,0.47634954668636387,0.36157855
4032,0.6501596143066799,0.47792864384138795,0.36157855
4032,0.6501596143066799,0.47951471974039006,0.36157855
4032,0.6501596143066799,0.4811078118195728,0.36157855
4032,0.6501596143066799,0.4827079601162666,0.36157855
4032,0.6501596143066799,0.48431520726222455,0.36157855
4032,0.6501596143066799,0.4859295984746296,0.36157855
4032,0.6501596143066799,0.4875511815448502,0.36157855
4032,0.6501596143066799,0.48918000682489504,0.36157855
4032,0.6501596143066799,0.4908161272115989,0.36157855
4032,0.6501596143066799,0.4924595981284924,0.36157855
4032,0.6501596143066799,0.49411047750540593,0.36157855
4032,0.6501596143066799,0.49576882575574843,0.36157855
4032,0.6501596143066799,0.4974347057515217,0.36157855
4032,0.6501596143066799,0.4991081827960211,0.36157855
4032,0.6501596143066799,0.5007893245942858,0.36157855
4032,0.6501596143066799,0.5024782012212426,0.36157855
4032,0.6501596143066799,0.504174885087626,0.36157855
4032,0.6501596143066799,0.5058794509036175,0.36157855
4032,0.6501596143066799,0.5075919756402799,0.36157855
4032,0.6501596143066799,0.5093125384887605,0.36157855
4032,0.6501596143066799,0.5110412208173186,0.36157855
4032,0.6501596143066799,0.5127781061261639,0.36157855
4032,0.6501596143066799,0.5145232800001546,0.36157855
4032,0.6501596143066799,0.5162768300593873,0.36157855
4032,0.6501596143066799,0.5180388459076765,0.36157855
4032,0.6501596143066799,0.519809419078987,0.36157855
4032,0.6501596143066799,0.5215886429818339,0.36157855
4032,0.6501596143066799,0.5233766128416688,0.36157855
4032,0.6501596143066799,0.5251734256413493,0.36157855
4032,0.6501596143066799,0.5269791800596406,0.36157855
4032,0.6501596143066799,0.5287939764078748,0.36157855
4032,0.6501596143066799,0.5306179165647413,0.36157855
4032,0.6501596143066799,0.5324511039093003,0.36157855
4032,0.6501596143066799,0.5342936432522292,0.36157855
4032,0.6501596143066799,0.5361456407653685,0.36157855
4032,0.6501596143066799,0.5380072039096179,0.36157855
4032,0.6501596143066799,0.5398784413611915,0.36157855
4032,0.6501596143066799,0.5417594629363429,0.36157855
4032,0.6501596143066799,0.5436503795145609,0.36157855
4032,0.6501596143066799,0.5455513029603019,0.36157855
4032,0.6501596143066799,0.5474623460433296,0.36157855
4032,0.6501596143066799,0.5493836223576838,0.36157855
4032,0.6501596143066799,0.5513152462393522,0.36157855
4032,0.6501596143066799,0.553257332682705,0.36157855
4032,0.6501596143066799,0.5552099972557202,0.36157855
4032,0.6501596143066799,0.5571733560140834,0.36157855
4032,0.6501596143066799,0.5591475254142064,0.36157855
4032,0.6501596143066799,0.5611326222252006,0.36157855
4032,0.6501596143066799,0.5631287634399023,0.36157855
4032,0.6501596143066799,0.5651360661849665,0.36157855
4032,0.6501596143066799,0.5671546476301034,0.36157855
4032,0.6501596143066799,0.5691846248964998,0.36157855
4032,0.6501596143066799,0.5712261149645067,0.36157855
4032,0.6501596143066799,0.573279234580597,0.36157855
4032,0.6501596143066799,0.575344100163693,0.36157855
4032,0.6501596143066799,0.5774208277109053,0.36157855
4032,0.6501596143066799,0.5795095327027034,0.36157855
4032,0.6501596143066799,0.5816103300076044,0.36157855
4032,0.6501596143066799,0.5837233337864157,0.36157855
4032,0.6501596143066799,0.5858486573960677,0.36157855
4032,0.6501596143066799,0.5879864132930905,0.36157855
4032,0.6501596143066799,0.5901367129367913,0.36157855
4032,0.6501596143066799,0.5922996666921464,0.36157855
4032,0.6501596143066799,0.5944753837324783,0.36157855
4032,0.6501596143066799,0.596663971941927,0.36157855
4032,0.6501596143066799,0.5988655378177832,0.36157855
4032,0.6501596143066799,0.6010801863726886,0.36157855
4032,0.6501596143066799,0.6033080210367542,0.36157855
4032,0.6501596143066799,0.6055491435596332,0.36157855
4032,0.6501596143066799,0.607803653912535,0.36157855
4032,0.6501596143066799,0.6100716501902677,0.36157855
4032,0.6501596143066799,0.612353228513272,0.36157855
4032,0.6501596143066799,0.6146484829297163,0.36157855
4032,0.6501596143066799,0.6169575053176295,0.36157855
4032,0.6501596143066799,0.6192803852871189,0.36157855
4032,0.6501596143066799,0.6216172100826669,0.36157855
4032,0.6501596143066799,0.6239680644855137,0.36157855
4032,0.6501596143066799,0.6263330307161525,0.36157855
4032,0.6501596143066799,0.6287121883369134,0.36157855
4032,0.6501596143066799,0.6311056141546538,0.36157855
4032,0.6501596143066799,0.6335133821235878,0.36157855
4032,0.6501596143066799,0.6359355632481268,0.36157855
4032,0.6501596143066799,0.6383722254859218,0.36157855
4032,0.6501596143066799,0.6408234336508907,0.36157855
4032,0.6501596143066799,0.6432892493163568,0.36157855
4032,0.6501596143066799,0.6457697307182307,0.36157855
4032,0.6501596143066799,0.6482649326582299,0.36157855
4032,0.6501596143066799,0.6507749064070804,0.36157855
4032,0.6501596143066799,0.6532996996077352,0.36157855
4032,0.6501596143066799,0.6558393561785313,0.36157855
4032,0.6501596143066799,0.6583939162162933,0.36157855
4032,0.6501596143066799,0.6609634158992937,0.36157855
4032,0.6501596143066799,0.6635478873901388,0.36157855
4032,0.6501596143066799,0.666147358738421,0.36157855
4032,0.6501596143066799,0.6687618537831925,0.36157855
4032,0.6501596143066799,0.6713913920551834,0.36157855
4032,0.6501596143066799,0.6740359886786973,0.36157855
4032,0.6501596143066799,0.6766956542732199,0.36157855
4032,0.6501596143066799,0.6793703948545751,0.36157855
4032,0.6501596143066799,0.6820602117357156,0.36157855
4032,0.6501596143066799,0.684765101426973,0.36157855
4032,0.6501596143066799,0.6874850555358257,0.36157855
4032,0.6501596143066799,0.6902200606660543,0.36157855
4032,0.6501596143066799,0.6929700983162801,0.36157855
4032,0.6501596143066799,0.6957351447778092,0.36157855
4032,0.6501596143066799,0.6985151710317543,0.36157855
4032,0.6501596143066799,0.7013101426453473,0.36157855
4032,0.6501596143066799,0.7041200196674504,0.36157855
4032,0.6501596143066799,0.7069447565231223,0.36157855
4032,0.6501596143066799,0.7097843019072949,0.36157855
4032,0.6501596143066799,0.7126385986774249,0.36157855
4032,0.6501596143066799,0.7155075837451109,0.36157855
4032,0.6501596143066799,0.7183911879666351,0.36157855
4032,0.6501596143066799,0.7212893360323588,0.36157855
4032,0.6501596143066799,0.7242019463549462,0.36157855
4032,0.6501596143066799,0.7271289309563518,0.36157855
4032,0.6501596143066799,0.7300701953535825,0.36157855
4032,0.6501596143066799,0.7330256384431338,0.36157855
4032,0.6501596143066799,0.7359951523841072,0.36157855
4032,0.6501596143066799,0.7389786224799811,0.36157855
4032,0.6501596143066799,0.7419759270589683,0.36157855
4032,0.6501596143066799,0.7449869373529936,0.36157855
4032,0.6501596143066799,0.7480115173752375,0.36157855
4032,0.6501596143066799,0.7510495237962165,0.36157855
4032,0.6501596143066799,0.7541008058184535,0.36157855
4032,0.6501596143066799,0.7571652050496561,0.36157855
4032,0.6501596143066799,0.760242555374465,0.36157855
4032,0.6501596143066799,0.7633326828247421,0.36157855
4032,0.6501596143066799,0.7664354054484417,0.36157855
4032,0.6501596143066799,0.7695505331770361,0.36157855
4032,0.6501596143066799,0.7726778676915811,0.36157855
4032,0.6501596143066799,0.7758172022874034,0.36157855
4032,0.6501596143066799,0.7789683217374688,0.36157855
4032,0.6501596143066799,0.7821310021544824,0.36157855
4032,0.6501596143066799,0.7853050108517543,0.36157855
4032,0.6501596143066799,0.788490106202906,0.36157855
4032,0.6501596143066799,0.7916860375004995,0.36157855
4032,0.6501596143066799,0.7948925448136117,0.36157855
4032,0.6501596143066799,0.7981093588444987,0.36157855
4032,0.6501596143066799,0.8013362007844345,0.36157855
4032,0.6501596143066799,0.8045727821687648,0.36157855
4032,0.6501596143066799,0.8078188047313591,0.36157855
4032,0.6501596143066799,0.8110739602585554,0.36157855
4032,0.6501596143066799,0.8143379304426935,0.36157855
4032,0.6501596143066799,0.8176103867354398,0.36157855
4032,0.6501596143066799,0.8208909902009637,0.36157855
4032,0.6501596143066799,0.8241793913691896,0.36157855
4032,0.6501596143066799,0.8274752300892727,0.36157855
4032,0.6501596143066799,0.8307781353834534,0.36157855
4032,0.6501596143066799,0.8340877253014765,0.36157855
4032,0.6501596143066799,0.8374036067757837,0.36157855
4032,0.6501596143066799,0.8407253754776748,0.36157855
4032,0.6501596143066799,0.84405261567463,0.36157855
4032,0.6501596143066799,0.8473849000890341,0.36157855
4032,0.6501596143066799,0.85072178975853,0.36157855
4032,0.6501596143066799,0.8540628338982161,0.36157855
4032,0.6501596143066799,0.8574075697649707,0.36157855
4032,0.6501596143066799,0.860755522524111,0.36157855
4032,0.6501596143066799,0.8641062051187016,0.36157855
4032,0.6501596143066799,0.8674591181417596,0.36157855
4032,0.6501596143066799,0.8708137497115916,0.36157855
4032,0.6501596143066799,0.8741695753506682,0.36157855
4032,0.6501596143066799,0.8775260578681945,0.36157855
4032,0.6501596143066799,0.8808826472467595,0.36157855
4032,0.6501596143066799,0.884238780533375,0.36157855
4032,0.6501596143066799,0.8875938817351772,0.36157855
4032,0.6501596143066799,0.8909473617201388,0.36157855
4032,0.6501596143066799,0.8942986181231383,0.36157855
4032,0.6501596143066799,0.8976470352576702,0.36157855
4032,0.6501596143066799,0.9009919840335857,0.36157855
4032,0.6501596143066799,0.9043328218811685,0.36157855
4032,0.6501596143066799,0.9076688926819331,0.36157855
4032,0.6501596143066799,0.9109995267064317,0.36157855
4032,0.6501596143066799,0.9143240405595102,0.36157855
4032,0.6501596143066799,0.9176417371333027,0.36157855
4032,0.6501596143066799,0.9209519055683304,0.36157855
4032,0.6501596143066799,0.9242538212231136,0.36157855
4032,0.6501596143066799,0.927546745652588,0.36157855
4032,0.6501596143066799,0.9308299265957434,0.36157855
4032,0.6501596143066799,0.9341025979728246,0.36157855
4032,0.6501596143066799,0.9373639798924451,0.36157855
4032,0.6501596143066799,0.940613278668969,0.36157855
4032,0.6501596143066799,0.9438496868505684,0.36157855
4032,0.6501596143066799,0.9470723832582123,0.36157855
4032,0.6501596143066799,0.9502805330360463,0.36157855
4032,0.6501596143066799,0.9534732877134203,0.36157855
4032,0.6501596143066799,0.9566497852789551,0.36157855
4032,0.6501596143066799,0.9598091502669438,0.36157855
4032,0.6501596143066799,0.9629504938564684,0.36157855
4032,0.6501596143066799,0.966072913983489,0.36157855
4032,0.6501596143066799,0.9691754954662645,0.36157855
4032,0.6501596143066799,0.9722573101443827,0.36157855
4032,0.6501596143066799,0.9753174170317022,0.36157855
4032,0.6501596143066799,0.978354862483511,0.36157855
4032,0.6501596143066799,0.9813686803780924,0.36157855
4032,0.6501596143066799,0.9843578923131107,0.36157855
4032,0.6501596143066799,0.9873215078168784,0.36157855
4032,0.6501596143066799,0.9902585245749108,0.36157855
4032,0.6501596143066799,0.9931679286718573,0.36157855
4032,0.6501596143066799,0.9960486948490997,0.36157855
4032,0.6501596143066799,0.9988997867781705,0.36157855
4032,0.6501596143066799,1.001720157350207,0.36157855
4032,0.6501596143066799,1.0045087489814908,0.36157855
4032,0.6501596143066799,1.0072644939353856,0.36157855
4032,0.6501596143066799,1.0099863146606287,0.36157855
4032,0.6501596143066799,1.0126731241462013,0.36157855
4032,0.6501596143066799,1.0153238262927688,0.36157855
4032,0.6501596143066799,1.0179373163008527,0.36157855
4032,0.6501596143066799,1.0205124810756887,0.36157855
4032,0.6501596143066799,1.0230481996488412,0.36157855
4032,0.6501596143066799,1.0255433436165777,0.36157855
4032,0.6501596143066799,1.0279967775949705,0.36157855
4032,0.6501596143066799,1.0304073596916798,0.36157855
4032,0.6501596143066799,1.032773941994353,0.36157855
4032,0.6501596143066799,1.0350953710755841,0.36157855
4032,0.6501596143066799,1.0373704885142547,0.36157855
4032,0.6501596143066799,1.0395981314331884,0.36157855
4032,0.6501596143066799,1.0417771330529082,0.36157855
4032,0.6501596143066799,1.0439063232613415,0.36157855
4032,0.6501596143066799,1.0459845291992502,0.36157855
4032,0.6501596143066799,1.0480105758611256,0.36157855
4032,0.6501596143066799,1.0499832867113559,0.36157855
4032,0.6501596143066799,1.0519014843152787,0.36157855
4032,0.6501596143066799,1.0537639909849168,0.36157855
4032,0.6501596143066799,1.0555696294389572,0.36157855
4032,0.6501596143066799,1.057317223476685,0.36157855
4032,0.6501596143066799,1.0590055986654576,0.36157855
4032,0.6501596143066799,1.0606335830412732,0.36157855
4032,0.6501596143066799,1.0622000078220486,0.36157855
4032,0.6501596143066799,1.0637037081331175,0.36157855
4032,0.6501596143066799,1.065143523744432,0.36157855
4032,0.6501596143066799,1.0665182998190048,0.36157855
4032,0.6501596143066799,1.0678268876720194,0.36157855
4032,0.6501596143066799,1.069068145540029,0.36157855
4032,0.6501596143066799,1.070240939359721,0.36157855
4032,0.6501596143066799,1.0713441435555728,0.36157855
4032,0.6501596143066799,1.0723766418357816,0.36157855
4032,0.6501596143066799,1.073337327995852,0.36157855
4032,0.6501596143066799,1.0742251067291022,0.36157855
4032,0.6501596143066799,1.0750388944434526,0.36157855
4032,0.6501596143066799,1.0757776200837343,0.36157855
4032,0.6501596143066799,1.0764402259588106,0.36157855
4032,0.6501596143066799,1.07702566857271,0.36157855
4032,0.6501596143066799,1.077532919459079,0.36157855
4032,0.6501596143066799,1.0779609660180687,0.36157855
4032,0.6501596143066799,1.0783088123549087,0.36157855
4032,0.6501596143066799,1.078575480119315,0.36157855
4032,0.6501596143066799,1.0787600093449379,0.36157855
4032,0.6501596143066799,1.0788614592879093,0.36157855
4032,0.6501596143066799,1.0788789092637376,0.36157855
4032,0.6501596143066799,1.0788114594815865,0.36157855
4032,0.6501596143066799,1.0786582318750966,0.36157855
4032,0.6501596143066799,1.0784183709288122,0.36157855
4032,0.6501596143066799,1.0780910444993974,0.36157855
4032,0.6501596143066799,1.0776754446306016,0.36157855
4032,0.6501596143066799,1.077170788361184,0.36157855
4032,0.6501596143066799,1.076576318524802,0.36157855
4032,0.6501596143066799,1.0758913045409186,0.36157855
4032,0.6501596143066799,1.0751150431959204,0.36157855
4032,0.6501596143066799,1.0742468594133634,0.36157855
4032,0.6501596143066799,1.073286107012551,0.36157855
4032,0.6501596143066799,1.0722321694544068,0.36157855
4032,0.6501596143066799,1.0710844605738383,0.36157855
4032,0.6501596143066799,1.0698424252975882,0.36157855
4032,0.6501596143066799,1.0685055403466572,0.36157855
4032,0.6501596143066799,1.067073314922481,0.36157855
4032,0.6501596143066799,1.0655452913758612,0.36157855
4032,0.6501596143066799,1.0639210458578396,0.36157855
4032,0.6501596143066799,1.0622001889515995,0.36157855
4032,0.6501596143066799,1.060382366284534,0.36157855
4032,0.6501596143066799,1.0584672591196949,0.36157855
4032,0.6501596143066799,1.056454584925672,0.36157855
4032,0.6501596143066799,1.0543440979242065,0.36157855
4032,0.6501596143066799,1.0521355896146565,0.36157855
4032,0.6501596143066799,1.0498288892745828,0.36157855
4032,0.6501596143066799,1.047423864435674,0.36157855
4032,0.6501596143066799,1.04492042133428,0.36157855
4032,0.6501596143066799,1.0423185053358415,0.36157855
4032,0.6501596143066799,1.0396181013325183,0.36157855
4032,0.6501596143066799,1.0368192341133757,0.36157855
4032,0.6501596143066799,1.0339219687064458,0.36157855
4032,0.6501596143066799,1.0309264106920997,0.36157855
4032,0.6501596143066799,1.0278327064871253,0.36157855
4032,0.6501596143066799,1.0246410435989697,0.36157855
4032,0.6501596143066799,1.0213516508496008,0.36157855
4032,0.6501596143066799,1.01796479856855,0.36157855
4032,0.6501596143066799,1.0144807987545976,0.36157855
4032,0.6501596143066799,1.0109000052057835,0.36157855
4032,0.6501596143066799,1.0072228136172585,0.36157855
4032,0.6501596143066799,1.0034496616466722,0.36157855
4032,0.6501596143066799,0.9995810289467797,0.36157855
4032,0.6501596143066799,0.995617437164964,0.36157855
4032,0.6501596143066799,0.9915594499094578,0.36157855
4032,0.6501596143066799,0.9874076726820276,0.36157855
4032,0.6501596143066799,0.9831627527769915,0.36157855
4032,0.6501596143066799,0.9788253791464068,0.36157855
4032,0.6501596143066799,0.9743962822313417,0.36157855
4032,0.6501596143066799,0.9698762337592289,0.36157855
4032,0.6501596143066799,0.9652660465072194,0.36157855
4032,0.6501596143066799,0.9605665740316207,0.36157855
4032,0.6501596143066799,0.9557787103634791,0.36157855
4032,0.6501596143066799,0.9509033896703827,0.36157855
4032,0.6501596143066799,0.9459415858847096,0.36157855
4032,0.6501596143066799,0.9408943122984318,0.36157855
4032,0.6501596143066799,0.9357626211247734,0.36157855
4032,0.6501596143066799,0.9305476030269515,0.36157855
4032,0.6501596143066799,0.9252503866143518,0.36157855
4032,0.6501596143066799,0.9198721379064445,0.36157855
4032,0.6501596143066799,0.9144140597648924,0.36157855
4032,0.6501596143066799,0.9088773912942234,0.36157855
4032,0.6501596143066799,0.9032634072116028,0.36157855
4032,0.6501596143066799,0.8975734171861297,0.36157855
4032,0.6501596143066799,0.8918087651483083,0.36157855
4032,0.6501596143066799,0.8859708285701752,0.36157855
4032,0.6501596143066799,0.8800610177167817,0.36157855
4032,0.6501596143066799,0.8740807748696371,0.36157855
4032,0.6501596143066799,0.8680315735228279,0.36157855
4032,0.6501596143066799,0.8619149175525386,0.36157855
4032,0.6501596143066799,0.8557323403607039,0.36157855
4032,0.6501596143066799,0.8494854039936234,0.36157855
4032,0.6501596143066799,0.8431756982363142,0.36157855
4032,0.6501596143066799,0.8368048396834931,0.36157855
4032,0.6501596143066799,0.8303744707880344,0.36157855
4032,0.6501596143066799,0.8238862588878396,0.36157855
4032,0.6501596143066799,0.8173418952120032,0.36157855
4032,0.6501596143066799,0.8107430938673252,0.36157855
4032,0.6501596143066799,0.8040915908060178,0.36157855
4032,0.6501596143066799,0.7973891427757699,0.36157855
4032,0.6501596143066799,0.7906375262530289,0.36157855
4032,0.6501596143066799,0.7838385363607083,0.36157855
4032,0.6501596143066799,0.7769939857712441,0.36157855
4032,0.6501596143066799,0.7701057035961956,0.36157855
4032,0.6501596143066799,0.763175534263395,0.36157855
4032,0.6501596143066799,0.7562053363828286,0.36157855
4032,0.6501596143066799,0.7491969816023365,0.36157855
4032,0.6501596143066799,0.7421523534542686,0.36157855
4032,0.6501596143066799,0.73507334619424,0.36157855
4032,0.6501596143066799,0.7279618636331666,0.36157855
4032,0.6501596143066799,0.7208198179636874,0.36157855
4032,0.6501596143066799,0.7136491285821891,0.36157855
4032,0.6501596143066799,0.7064517209075564,0.36157855
4032,0.6501596143066799,0.6992295251978492,0.36157855
4032,0.6501596143066799,0.6919844753660528,0.36157855
4032,0.6501596143066799,0.684718507796071,0.36157855
4032,0.6501596143066799,0.6774335601601417,0.36157855
4032,0.6501596143066799,0.6701315702387965,0.36157855
4032,0.6501596143066799,0.6628144747445586,0.36157855
4032,0.6501596143066799,0.6554842081505063,0.36157855
4032,0.6501596143066799,0.6481427015247991,0.36157855
4032,0.6501596143066799,0.640791881372373,0.36157855
4032,0.6501596143066799,0.6334336684848305,0.36157855
4032,0.6501596143066799,0.6260699767996678,0.36157855
4032,0.6501596143066799,0.6187027122699356,0.36157855
4032,0.6501596143066799,0.6113337717453299,0.36157855
4032,0.6501596143066799,0.6039650418658465,0.36157855
4032,0.6501596143066799,0.5965983979689847,0.36157855
4032,0.6501596143066799,0.5892357030114729,0.36157855
4032,0.6501596143066799,0.5818788065065811,0.36157855
4032,0.6501596143066799,0.5745295434779093,0.36157855
4032,0.6501596143066799,0.5671897334306351,0.36157855
4032,0.6501596143066799,0.5598611793411099,0.36157855
4032,0.6501596143066799,0.5525456666656957,0.36157855
4032,0.6501596143066799,0.5452449623697011,0.36157855
4032,0.6501596143066799,0.5379608139772508,0.36157855
4032,0.6501596143066799,0.530694948642863,0.36157855
4032,0.6501596143066799,0.5234490722455613,0.36157855
4032,0.6501596143066799,0.5162248685061722,0.36157855
4032,0.6501596143066799,0.5090239981286059,0.36157855
4272,0.7444379797552381,1.5644718903734778,0.5606125
4272,0.7444379797552381,1.5667655539417258,0.5606125
4272,0.7444379797552381,1.568859973980038,0.5606125
4272,0.7444379797552381,1.5707546139758333,0.5606125
4272,0.7444379797552381,1.572449020082362,0.5606125
4272,0.7444379797552381,1.5739428213684659,0.5606125
4272,0.7444379797552381,1.5752357300107416,0.5606125
4272,0.7444379797552381,1.5763275414280284,0.5606125
4272,0.7444379797552381,1.577218134358053,0.5606125
4272,0.7444379797552381,1.5779074708762855,0.5606125
4272,0.7444379797552381,1.5783955963569292,0.5606125
4272,0.7444379797552381,1.5786826393761515,0.5606125
4272,0.7444379797552381,1.5787688115577125,0.5606125
4272,0.7444379797552381,1.5786544073611017,0.5606125
4272,0.7444379797552381,1.57833980381252,0.5606125
4272,0.7444379797552381,1.5778254601788892,0.5606125
4272,0.7444379797552381,1.5771119175853427,0.5606125
4272,0.7444379797552381,1.5761997985765241,0.5606125
4272,0.7444379797552381,1.5750898066221968,0.5606125
4272,0.7444379797552381,1.5737827255676564,0.5606125
4272,0.7444379797552381,1.5722794190295135,0.5606125
4272,0.7444379797552381,1.570580829737446,0.5606125
4272,0.7444379797552381,1.5686879788226524,0.5606125
4272,0.7444379797552381,1.5666019650535938,0.5606125
4272,0.7444379797552381,1.5643239640199786,0.5606125
4272,0.7444379797552381,1.5618552272655932,0.5606125
4272,0.7444379797552381,1.559197081371026,0.5606125
4272,0.7444379797552381,1.5563509269870943,0.5606125
4272,0.7444379797552381,1.5533182378199046,0.5606125
4272,0.7444379797552381,1.550100559568667,0.5606125
4272,0.7444379797552381,1.5466995088171571,0.5606125
4272,0.7444379797552381,1.543116771880038,0.5606125
4272,0.7444379797552381,1.5393541036050435,0.5606125
4272,0.7444379797552381,1.5354133261322969,0.5606125
4272,0.7444379797552381,1.5312963276118834,0.5606125
4272,0.7444379797552381,1.5270050608809609,0.5606125
4272,0.7444379797552381,1.5225415421016077,0.5606125
4272,0.7444379797552381,1.5179078493608376,0.5606125
4272,0.7444379797552381,1.5131061212339525,0.5606125
4272,0.7444379797552381,1.5081385553127356,0.5606125
4272,0.7444379797552381,1.5030074066997907,0.5606125
4272,0.7444379797552381,1.4977149864704562,0.5606125
4272,0.7444379797552381,1.492263660103777,0.5606125
4272,0.7444379797552381,1.486655845883959,0.5606125
4272,0.7444379797552381,1.4808940132737998,0.5606125
4272,0.7444379797552381,1.4749806812615902,0.5606125
4272,0.7444379797552381,1.4689184166830167,0.5606125
4272,0.7444379797552381,1.4627098325196572,0.5606125
4272,0.7444379797552381,1.4563575861754723,0.5606125
4272,0.7444379797552381,1.4498643777330469,0.5606125
4272,0.7444379797552381,1.4432329481910084,0.5606125
4272,0.7444379797552381,1.4364660776842422,0.5606125
4272,0.7444379797552381,1.429566583688582,0.5606125
4272,0.7444379797552381,1.4225373192113973,0.5606125
4272,0.7444379797552381,1.41538117096986,0.5606125
4272,0.7444379797552381,1.4081010575583384,0.5606125
4272,0.7444379797552381,1.4006999276066203,0.5606125
4272,0.7444379797552381,1.3931807579305064,0.5606125
4272,0.7444379797552381,1.3855465516763597,0.5606125
4272,0.7444379797552381,1.3778003364612812,0.5606125
4272,0.7444379797552381,1.3699451625103454,0.5606125
4272,0.7444379797552381,1.361984100792614,0.5606125
4272,0.7444379797552381,1.3539202411574007,0.5606125
4272,0.7444379797552381,1.3457566904723286,0.5606125
4272,0.7444379797552381,1.3374965707648132,0.5606125
4272,0.7444379797552381,1.3291430173682905,0.5606125
4272,0.7444379797552381,1.3206991770749672,0.5606125
4272,0.7444379797552381,1.312168206296288,0.5606125
4272,0.7444379797552381,1.3035532692328056,0.5606125
4272,0.7444379797552381,1.294857536054737,0.5606125
4272,0.7444379797552381,1.2860841810947454,0.5606125
4272,0.7444379797552381,1.277236381054258,0.5606125
4272,0.7444379797552381,1.2683173132246826,0.5606125
4272,0.7444379797552381,1.2593301537249564,0.5606125
4272,0.7444379797552381,1.2502780757566259,0.5606125
4272,0.7444379797552381,1.2411642478777885,0.5606125
4272,0.7444379797552381,1.231991832297189,0.5606125
4272,0.7444379797552381,1.222763983189614,0.5606125
4272,0.7444379797552381,1.2134838450338001,0.5606125
4272,0.7444379797552381,1.2041545509740545,0.5606125
4272,0.7444379797552381,1.194779221206662,0.5606125
4272,0.7444379797552381,1.1853609613921436,0.5606125
4272,0.7444379797552381,1.1759028610944526,0.5606125
4272,0.7444379797552381,1.1664079922481425,0.5606125
4272,0.7444379797552381,1.1568794076544164,0.5606125
4272,0.7444379797552381,1.1473201395069998,0.5606125
4272,0.7444379797552381,1.1377331979488061,0.5606125
4272,0.7444379797552381,1.1281215696601827,0.5606125
4272,0.7444379797552381,1.1184882164795238,0.5606125
4272,0.7444379797552381,1.1088360740571341,0.5606125
4272,0.7444379797552381,1.0991680505430101,0.5606125
4272,0.7444379797552381,1.0894870253091637,0.5606125
4272,0.7444379797552381,1.079795847707313,0.5606125
4272,0.7444379797552381,1.0700973358623866,0.5606125
4272,0.7444379797552381,1.060394275502471,0.5606125
4272,0.7444379797552381,1.0506894188257745,0.5606125
4272,0.7444379797552381,1.0409854834050158,0.5606125
4272,0.7444379797552381,1.0312851511296763,0.5606125
4272,0.7444379797552381,1.0215910671866095,0.5606125
4272,0.7444379797552381,1.0119058390792544,0.5606125
4272,0.7444379797552381,1.0022320356858543,0.5606125
4272,0.7444379797552381,0.9925721863568574,0.5606125
4272,0.7444379797552381,0.9829287800518723,0.5606125
4272,0.7444379797552381,0.9733042645162046,0.5606125
4272,0.7444379797552381,0.9637010454972678,0.5606125
4272,0.7444379797552381,0.9541214860008915,0.5606125
4272,0.7444379797552381,0.9445679055876177,0.5606125
4272,0.7444379797552381,0.9350425797090582,0.5606125
4272,0.7444379797552381,0.9255477390842121,0.5606125
4272,0.7444379797552381,0.916085569115793,0.5606125
4272,0.7444379797552381,0.9066582093464299,0.5606125
4272,0.7444379797552381,0.8972677529546248,0.5606125
4272,0.7444379797552381,0.8879162462903101,0.5606125
4272,0.7444379797552381,0.8786056884498146,0.5606125
4272,0.7444379797552381,0.8693380308900213,0.5606125
4272,0.7444379797552381,0.8601151770814095,0.5606125
4272,0.7444379797552381,0.8509389821997413,0.5606125
4272,0.7444379797552381,0.8418112528560148,0.5606125
4272,0.7444379797552381,0.832733746864346,0.5606125
4272,0.7444379797552381,0.8237081730473832,0.5606125
4272,0.7444379797552381,0.814736191078807,0.5606125
4272,0.7444379797552381,0.8058194113625301,0.5606125
4272,0.7444379797552381,0.7969593949480064,0.5606125
4272,0.7444379797552381,0.7881576534812524,0.5606125
4272,0.7444379797552381,0.7794156491909879,0.5606125
4272,0.7444379797552381,0.7707347949093277,0.5606125
4272,0.7444379797552381,0.7621164541264984,0.5606125
4272,0.7444379797552381,0.7535619410788781,0.5606125
4272,0.7444379797552381,0.7450725208698618,0.5606125
4272,0.7444379797552381,0.736649409622759,0.5606125
4272,0.7444379797552381,0.7282937746651732,0.5606125
4272,0.7444379797552381,0.7200067347440842,0.5606125
4272,0.7444379797552381,0.7117893602710089,0.5606125
4272,0.7444379797552381,0.7036426735964316,0.5606125
4272,0.7444379797552381,0.6955676493128452,0.5606125
4272,0.7444379797552381,0.6875652145855823,0.5606125
4272,0.7444379797552381,0.6796362495107231,0.5606125
4272,0.7444379797552381,0.6717815874992535,0.5606125
4272,0.7444379797552381,0.6640020156867249,0.5606125
4272,0.7444379797552381,0.6562982753675811,0.5606125
4272,0.7444379797552381,0.6486710624533556,0.5606125
4272,0.7444379797552381,0.6411210279539312,0.5606125
4272,0.7444379797552381,0.6336487784810052,0.5606125
4272,0.7444379797552381,0.626254876772954,0.5606125
4272,0.7444379797552381,0.6189398422402642,0.5606125
4272,0.7444379797552381,0.6117041515306622,0.5606125
4272,0.7444379797552381,0.6045482391131152,0.5606125
4272,0.7444379797552381,0.5974724978798606,0.5606125
4272,0.7444379797552381,0.5904772797655986,0.5606125
4272,0.7444379797552381,0.5835628963830229,0.5606125
4272,0.7444379797552381,0.5767296196738245,0.5606125
4272,0.7444379797552381,0.5699776825743291,0.5606125
4272,0.7444379797552381,0.5633072796949138,0.5606125
4272,0.7444379797552381,0.5567185680124008,0.5606125
4272,0.7444379797552381,0.5502116675745292,0.5606125
4272,0.7444379797552381,0.5437866622157461,0.5606125
4272,0.7444379797552381,0.5374436002834249,0.5606125
4272,0.7444379797552381,0.5311824953737437,0.5606125
4272,0.7444379797552381,0.5250033270763887,0.5606125
4272,0.7444379797552381,0.5189060417272858,0.5606125
4272,0.7444379797552381,0.5128905531685481,0.5606125
4272,0.7444379797552381,0.5069567435149042,0.5606125
4272,0.7444379797552381,0.5011044639257657,0.5606125
4272,0.7444379797552381,0.4953335353822326,0.5606125
4272,0.7444379797552381,0.4896437494682392,0.5606125
4272,0.7444379797552381,0.4840348691551237,0.5606125
4272,0.7444379797552381,0.47850662958888857,0.5606125
4272,0.7444379797552381,0.47305873887942806,0.5606125
4272,0.7444379797552381,0.4676908788910435,0.5606125
4272,0.7444379797552381,0.46240270603352834,0.5606125
4272,0.7444379797552381,0.4571938520531731,0.5606125
4272,0.7444379797552381,0.4520639248230308,0.5606125
4272,0.7444379797552381,0.4470125091317746,0.5606125
4272,0.7444379797552381,0.44203916747056254,0.5606125
4272,0.7444379797552381,0.43714344081725687,0.5606125
4272,0.7444379797552381,0.4323248494174222,0.5606125
4272,0.7444379797552381,0.42758289356152435,0.5606125
4272,0.7444379797552381,0.4229170543577647,0.5606125
4272,0.7444379797552381,0.4183267944999934,0.5606125
4272,0.7444379797552381,0.4138115590301956,0.5606125
4272,0.7444379797552381,0.4093707760950164,0.5606125
4272,0.7444379797552381,0.40500385769584407,0.5606125
4272,0.7444379797552381,0.4007102004319749,0.5606125
4272,0.7444379797552381,0.39648918623639384,0.5606125
4272,0.7444379797552381,0.39234018310373936,0.5606125
4272,0.7444379797552381,0.38826254581002007,0.5606125
4272,0.7444379797552381,0.38425561662368507,0.5606125
4272,0.7444379797552381,0.38031872600765587,0.5606125
4272,0.7444379797552381,0.3764511933119608,0.5606125
4272,0.7444379797552381,0.3726523274565961,0.5606125
4272,0.7444379797552381,0.3689214276043145,0.5606125
4272,0.7444379797552381,0.3652577838229855,0.5606125
4272,0.7444379797552381,0.3616606777372696,0.5606125
4272,0.7444379797552381,0.3581293831692862,0.5606125
4272,0.7444379797552381,0.35466316676804177,0.5606125
4272,0.7444379797552381,0.3512612886273464,0.5606125
4272,0.7444379797552381,0.34792300289202277,0.5606125
4272,0.7444379797552381,0.3446475583521413,0.5606125
4272,0.7444379797552381,0.34143419902514616,0.5606125
4272,0.7444379797552381,0.3382821647256474,0.5606125
4272,0.7444379797552381,0.3351906916227323,0.5606125
4272,0.7444379797552381,0.3321590127846482,0.5606125
4272,0.7444379797552381,0.3291863587107239,0.5606125
4272,0.7444379797552381,0.32627195785041024,0.5606125
4272,0.7444379797552381,0.3234150371093424,0.5606125
4272,0.7444379797552381,0.3206148223423311,0.5606125
4272,0.7444379797552381,0.3178705388332178,0.5606125
4272,0.7444379797552381,0.3151814117615355,0.5606125
4272,0.7444379797552381,0.3125466666559274,0.5606125
4272,0.7444379797552381,0.30996552983428527,0.5606125
4272,0.7444379797552381,0.3074372288306226,0.5606125
4272,0.7444379797552381,0.30496099280864103,0.5606125
4272,0.7444379797552381,0.30253605296201497,0.5606125
4272,0.7444379797552381,0.3001616429014282,0.5606125
4272,0.7444379797552381,0.297836999028369,0.5606125
4272,0.7444379797552381,0.29556136089576085,0.5606125
4272,0.7444379797552381,0.2933339715554484,0.5606125
4272,0.7444379797552381,0.2911540778926406,0.5606125
4272,0.7444379797552381,0.28902093094737197,0.5606125
4272,0.7444379797552381,0.28693378622305843,0.5606125
4272,0.7444379797552381,0.2848919039822797,0.5606125
4272,0.7444379797552381,0.28289454952985393,0.5606125
4272,0.7444379797552381,0.2809409934833535,0.5606125
4272,0.7444379797552381,0.2790305120311756,0.5606125
4272,0.7444379797552381,0.2771623871782863,0.5606125
4272,0.7444379797552381,0.27533590697981314,0.5606125
4272,0.7444379797552381,0.2735503657626022,0.5606125
4272,0.7444379797552381,0.2718050643349084,0.5606125
4272,0.7444379797552381,0.27009931018438993,0.5606125
4272,0.7444379797552381,0.2684324176645658,0.5606125
4272,0.7444379797552381,0.26680370816991367,0.5606125
4272,0.7444379797552381,0.26521251029979354,0.5606125
4272,0.7444379797552381,0.2636581600113866,0.5606125
4272,0.7444379797552381,0.2621400007618258,0.5606125
4272,0.7444379797552381,0.26065738363974345,0.5606125
4272,0.7444379797552381,0.2592096674864047,0.5606125
4272,0.7444379797552381,0.2577962190066569,0.5606125
4272,0.7444379797552381,0.25641641286989586,0.5606125
4272,0.7444379797552381,0.2550696318012627,0.5606125
4272,0.7444379797552381,0.25375526666327863,0.5606125
4272,0.7444379797552381,0.2524727165281555,0.5606125
4272,0.7444379797552381,0.2512213887409889,0.5606125
4272,0.7444379797552381,0.25000069897405663,0.5606125
4272,0.7444379797552381,0.24881007127246157,0.5606125
4272,0.7444379797552381,0.2476489380913318,0.5606125
4272,0.7444379797552381,0.2465167403248186,0.5606125
4272,0.7444379797552381,0.24541292732711098,0.5606125
4272,0.7444379797552381,0.24433695692570892,0.5606125
4272,0.7444379797552381,0.24328829542718158,0.5606125
4272,0.7444379797552381,0.24226641761563852,0.5606125
4272,0.7444379797552381,0.24127080674415435,0.5606125
4272,0.7444379797552381,0.2403009545193753,0.5606125
4272,0.7444379797552381,0.23935636107953567,0.5606125
4272,0.7444379797552381,0.23843653496612063,0.5606125
4272,0.7444379797552381,0.23754099308940696,0.5606125
4272,0.7444379797552381,0.23666926068810087,0.5606125
4272,0.7444379797552381,0.23582087128331888,0.5606125
4272,0.7444379797552381,0.2349953666271215,0.5606125
4272,0.7444379797552381,0.23419229664583296,0.5606125
4272,0.7444379797552381,0.23341121937837747,0.5606125
4272,0.7444379797552381,0.23265170090983775,0.5606125
4272,0.7444379797552381,0.23191331530047535,0.5606125
4272,0.7444379797552381,0.23119564451041133,0.5606125
4272,0.7444379797552381,0.23049827832019928,0.5606125
4272,0.7444379797552381,0.22982081424749548,0.5606125
4272,0.7444379797552381,0.22916285746003684,0.5606125
4272,0.7444379797552381,0.22852402068513342,0.5606125
4272,0.7444379797552381,0.22790392411589333,0.5606125
4272,0.7444379797552381,0.22730219531435764,0.5606125
4272,0.7444379797552381,0.2267184691117699,0.5606125
4272,0.7444379797552381,0.22615238750616065,0.5606125
4272,0.7444379797552381,0.22560359955744275,0.5606125
4272,0.7444379797552381,0.22507176128021264,0.5606125
4272,0.7444379797552381,0.2245565355344313,0.5606125
4272,0.7444379797552381,0.22405759191418495,0.5606125
4272,0.7444379797552381,0.22357460663468762,0.5606125
4272,0.7444379797552381,0.22310726241770817,0.5606125
4272,0.7444379797552381,0.22265524837559528,0.5606125
4272,0.7444379797552381,0.2222182598940714,0.5606125
4272,0.7444379797552381,0.22179599851393872,0.5606125
4272,0.7444379797552381,0.22138817181189693,0.5606125
4272,0.7444379797552381,0.2209944932805834,0.5606125
4272,0.7444379797552381,0.22061468220802521,0.5606125
4272,0.7444379797552381,0.22024846355663297,0.5606125
4272,0.7444379797552381,0.2198955678418845,0.5606125
4272,0.7444379797552381,0.21955573101084472,0.5606125
4272,0.7444379797552381,0.21922869432065148,0.5606125
4272,0.7444379797552381,0.2189142042171005,0.5606125
4272,0.7444379797552381,0.21861201221346754,0.5606125
4272,0.7444379797552381,0.21832187476968423,0.5606125
4272,0.7444379797552381,0.21804355317198398,0.5606125
4272,0.7444379797552381,0.21777681341315158,0.5606125
4272,0.7444379797552381,0.21752142607347175,0.5606125
4272,0.7444379797552381,0.21727716620249748,0.5606125
4272,0.7444379797552381,0.21704381320173366,0.5606125
4272,0.7444379797552381,0.2168211507083524,0.5606125
4272,0.7444379797552381,0.21660896648001243,0.5606125
4272,0.7444379797552381,0.21640705228090473,0.5606125
4272,0.7444379797552381,0.2162152037690905,0.5606125
4272,0.7444379797552381,0.21603322038523157,0.5606125
4272,0.7444379797552381,0.21586090524278198,0.5606125
4272,0.7444379797552381,0.21569806501973918,0.5606125
4272,0.7444379797552381,0.21554450985199777,0.5606125
4272,0.7444379797552381,0.2154000532284164,0.5606125
4272,0.7444379797552381,0.21526451188762066,0.5606125
4272,0.7444379797552381,0.21513770571664526,0.5606125
4272,0.7444379797552381,0.21501945765144573,0.5606125
4272,0.7444379797552381,0.21490959357935036,0.5606125
4272,0.7444379797552381,0.21480794224350616,0.5606125
4272,0.7444379797552381,0.2147143351493529,0.5606125
4272,0.7444379797552381,0.21462860647319043,0.5606125
4272,0.7444379797552381,0.21455059297287032,0.5606125
4272,0.7444379797552381,0.214480133900644,0.5606125
4272,0.7444379797552381,0.2144170709182294,0.5606125
4272,0.7444379797552381,0.21436124801409037,0.5606125
4272,0.7444379797552381,0.21431251142299187,0.5606125
4272,0.7444379797552381,0.21427070954784624,0.5606125
4272,0.7444379797552381,0.21423569288385483,0.5606125
4272,0.7444379797552381,0.21420731394500453,0.5606125
4272,0.7444379797552381,0.214185427192888,0.5606125
4272,0.7444379797552381,0.2141698889679138,0.5606125
4272,0.7444379797552381,0.21416055742287035,0.5606125
4272,0.7444379797552381,0.21415729245888793,0.5606125
4272,0.7444379797552381,0.21415995566378002,0.5606125
4272,0.7444379797552381,0.214168410252784,0.5606125
4272,0.7444379797552381,0.2141825210116971,0.5606125
4272,0.7444379797552381,0.2142021542423984,0.5606125
4272,0.7444379797552381,0.21422717771076505,0.5606125
4272,0.7444379797552381,0.21425746059696552,0.5606125
4272,0.7444379797552381,0.21429287344812922,0.5606125
4272,0.7444379797552381,0.21433328813337663,0.5606125
4272,0.7444379797552381,0.21437857780119152,0.5606125
4272,0.7444379797552381,0.21442861683913403,0.5606125
4272,0.7444379797552381,0.21448328083586363,0.5606125
4272,0.7444379797552381,0.21454244654545596,0.5606125
4272,0.7444379797552381,0.2146059918539958,0.5606125
4272,0.7444379797552381,0.21467379574841547,0.5606125
4272,0.7444379797552381,0.2147457382875613,0.5606125
4272,0.7444379797552381,0.21482170057545236,0.5606125
4272,0.7444379797552381,0.21490156473670713,0.5606125
4272,0.7444379797552381,0.21498521389410896,0.5606125
4272,0.7444379797552381,0.21507253214827746,0.5606125
4272,0.7444379797552381,0.21516340455940128,0.5606125
4272,0.7444379797552381,0.21525771713101474,0.5606125
4272,0.7444379797552381,0.2153553567957671,0.5606125
4272,0.7444379797552381,0.21545621140315765,0.5606125
4272,0.7444379797552381,0.21556016970918146,0.5606125
4272,0.7444379797552381,0.21566712136786267,0.5606125
4272,0.7444379797552381,0.21577695692461935,0.5606125
4272,0.7444379797552381,0.21588956781142896,0.5606125
4272,0.7444379797552381,0.2160048463437349,0.5606125
4272,0.7444379797552381,0.21612268571906798,0.5606125
4272,0.7444379797552381,0.2162429800173144,0.5606125
4272,0.7444379797552381,0.21636562420260444,0.5606125
4272,0.7444379797552381,0.21649051412675954,0.5606125
4272,0.7444379797552381,0.21661754653425908,0.5606125
4272,0.7444379797552381,0.2167466190686598,0.5606125
4272,0.7444379797552381,0.21687763028044468,0.5606125
4272,0.7444379797552381,0.2170104796362262,0.5606125
4272,0.7444379797552381,0.21714506752926208,0.5606125
4272,0.7444379797552381,0.21728129529123544,0.5606125
4272,0.7444379797552381,0.2174190652052392,0.5606125
4272,0.7444379797552381,0.2175582805199203,0.5606125
4272,0.7444379797552381,0.2176988454647108,0.5606125
4272,0.7444379797552381,0.2178406652661308,0.5606125
4272,0.7444379797552381,0.217983646165065,0.5606125
4272,0.7444379797552381,0.21812769543499053,0.5606125
4272,0.7444379797552381,0.2182727214010843,0.5606125
4272,0.7444379797552381,0.2184186334601671,0.5606125
4272,0.7444379797552381,0.2185653421014239,0.5606125
4272,0.7444379797552381,0.2187127589278434,0.5606125
4272,0.7444379797552381,0.21886079667833255,0.5606125
4272,0.7444379797552381,0.21900936925043898,0.5606125
4272,0.7444379797552381,0.2191583917236384,0.5606125
4272,0.7444379797552381,0.21930778038312565,0.5606125
4272,0.7444379797552381,0.21945745274405914,0.5606125
4272,0.7444379797552381,0.21960732757620588,0.5606125
4272,0.7444379797552381,0.21975732492892894,0.5606125
4272,0.7444379797552381,0.21990736615646667,0.5606125
4272,0.7444379797552381,0.22005737394346397,0.5606125
4272,0.7444379797552381,0.22020727233067433,0.5606125
4272,0.7444379797552381,0.22035698674081403,0.5606125
4272,0.7444379797552381,0.22050644400449396,0.5606125
4272,0.7444379797552381,0.22065557238618913,0.5606125
4272,0.7444379797552381,0.22080430161019535,0.5606125
4272,0.7444379797552381,0.22095256288651793,0.5606125
4272,0.7444379797552381,0.22110028893665645,0.5606125
4272,0.7444379797552381,0.2212474140192202,0.5606125
4272,0.7444379797552381,0.22139387395533686,0.5606125
4272,0.7444379797552381,0.22153960615381674,0.5606125
4272,0.7444379797552381,0.22168454963600925,0.5606125
4272,0.7444379797552381,0.2218286450603166,0.5606125
4272,0.7444379797552381,0.22197183474631857,0.5606125
4272,0.7444379797552381,0.22211406269847286,0.5606125
4272,0.7444379797552381,0.22225527462933325,0.5606125
4272,0.7444379797552381,0.2223954179822596,0.5606125
4272,0.7444379797552381,0.2225344419535693,0.5606125
4272,0.7444379797552381,0.2226722975140999,0.5606125
4272,0.7444379797552381,0.22280893743013305,0.5606125
4272,0.7444379797552381,0.22294431628365838,0.5606125
4272,0.7444379797552381,0.2230783904919223,0.5606125
4272,0.7444379797552381,0.22321111832624888,0.5606125
4272,0.7444379797552381,0.22334245993007237,0.5606125
4272,0.7444379797552381,0.22347237733617772,0.5606125
4272,0.7444379797552381,0.22360083448309478,0.5606125
4272,0.7444379797552381,0.2237277972306253,0.5606125
4272,0.7444379797552381,0.22385323337447466,0.5606125
4272,0.7444379797552381,0.22397711265995718,0.5606125
4272,0.7444379797552381,0.2240994067947519,0.5606125
4272,0.7444379797552381,0.2242200894606724,0.5606125
4272,0.7444379797552381,0.2243391363244477,0.5606125
4272,0.7444379797552381,0.22445652504746752,0.5606125
4272,0.7444379797552381,0.22457223529448458,0.5606125
4272,0.7444379797552381,0.22468624874125148,0.5606125
4272,0.7444379797552381,0.22479854908107574,0.5606125
4272,0.7444379797552381,0.22490912203025448,0.5606125
4272,0.7444379797552381,0.22501795533240862,0.5606125
4272,0.7444379797552381,0.22512503876166762,0.5606125
4272,0.7444379797552381,0.22523036412470998,0.5606125
4272,0.7444379797552381,0.22533392526164328,0.5606125
4272,0.7444379797552381,0.2254357180456998,0.5606125
4272,0.7444379797552381,0.2255357403817648,0.5606125
4272,0.7444379797552381,0.22563399220369532,0.5606125
4272,0.7444379797552381,0.22573047547045025,0.5606125
4272,0.7444379797552381,0.22582519416101052,0.5606125
4272,0.7444379797552381,0.22591815426808806,0.5606125
4272,0.7444379797552381,0.2260093637906197,0.5606125
4272,0.7444379797552381,0.2260988327250432,0.5606125
4272,0.7444379797552381,0.22618657305536036,0.5606125
4272,0.7444379797552381,0.22627259874197767,0.5606125
4272,0.7444379797552381,0.226356925709334,0.5606125
4272,0.7444379797552381,0.22643957183231023,0.5606125
4272,0.7444379797552381,0.22652055692143902,0.5606125
4272,0.7444379797552381,0.2265999027068982,0.5606125
4272,0.7444379797552381,0.22667763282132222,0.5606125
4272,0.7444379797552381,0.22675377278140835,0.5606125
4272,0.7444379797552381,0.22682834996835277,0.5606125
4272,0.7444379797552381,0.22690139360711256,0.5606125
4272,0.7444379797552381,0.22697293474451133,0.5606125
4272,0.7444379797552381,0.22704300622618845,0.5606125
4272,0.7444379797552381,0.22711164267242945,0.5606125
4272,0.7444379797552381,0.22717888045286433,0.5606125
4272,0.7444379797552381,0.2272447576600696,0.5606125
4272,0.7444379797552381,0.22730931408208452,0.5606125
4272,0.7444379797552381,0.22737259117385394,0.5606125
4272,0.7444379797552381,0.22743463202762293,0.5606125
4272,0.7444379797552381,0.22749548134230493,0.5606125
4272,0.7444379797552381,0.22755518539183836,0.5606125
4272,0.7444379797552381,0.2276137919925507,0.5606125
4272,0.7444379797552381,0.22767135046956913,0.5606125
4272,0.7444379797552381,0.2277279116222751,0.5606125
4272,0.7444379797552381,0.22778352768885685,0.5606125
4272,0.7444379797552381,0.22783825230995833,0.5606125
4272,0.7444379797552381,0.22789214049146916,0.5606125
4272,0.7444379797552381,0.22794524856647347,0.5606125
4272,0.7444379797552381,0.2279976341563875,0.5606125
4272,0.7444379797552381,0.22804935613131716,0.5606125
4272,0.7444379797552381,0.2281004745696557,0.5606125
4272,0.7444379797552381,0.2281510507169655,0.5606125
4272,0.7444379797552381,0.22820114694416027,0.5606125
4272,0.7444379797552381,0.22825082670502642,0.5606125
4272,0.7444379797552381,0.2283001544931141,0.5606125
4272,0.7444379797552381,0.2283491957980315,0.5606125
4272,0.7444379797552381,0.22839801706116514,0.5606125
4272,0.7444379797552381,0.22844668563087975,0.5606125
4272,0.7444379797552381,0.2284952697172031,0.5606125
4272,0.7444379797552381,0.22854383834606423,0.5606125
4272,0.7444379797552381,0.22859246131308372,0.5606125
4272,0.7444379797552381,0.22864120913697653,0.5606125
4272,0.7444379797552381,0.2286901530125964,0.5606125
4272,0.7444379797552381,0.22873936476364673,0.5606125
4272,0.7444379797552381,0.22878891679510652,0.5606125
4272,0.7444379797552381,0.22883888204540934,0.5606125
4272,0.7444379797552381,0.22888933393838756,0.5606125
4272,0.7444379797552381,0.22894034633505256,0.5606125
4272,0.7444379797552381,0.2289919934852249,0.5606125
4272,0.7444379797552381,0.22904434997905165,0.5606125
4272,0.7444379797552381,0.2290974906984543,0.5606125
4272,0.7444379797552381,0.229151490768553,0.5606125
4272,0.7444379797552381,0.22920642550907153,0.5606125
4272,0.7444379797552381,0.22926237038580427,0.5606125
4272,0.7444379797552381,0.2293194009621394,0.5606125
4272,0.7444379797552381,0.22937759285071077,0.5606125
4272,0.7444379797552381,0.2294370216651851,0.5606125
4272,0.7444379797552381,0.22949776297224114,0.5606125
4272,0.7444379797552381,0.22955989224376758,0.5606125
4272,0.7444379797552381,0.22962348480932204,0.5606125
4272,0.7444379797552381,0.22968861580887937,0.5606125
4272,0.7444379797552381,0.22975536014590453,0.5606125
4272,0.7444379797552381,0.22982379244080317,0.5606125
4272,0.7444379797552381,0.22989398698475424,0.5606125
4272,0.7444379797552381,0.2299660176939857,0.5606125
4272,0.7444379797552381,0.23003995806451727,0.5606125
4272,0.7444379797552381,0.2301158811273994,0.5606125
4272,0.7444379797552381,0.23019385940449377,0.5606125
4272,0.7444379797552381,0.2302739648648132,0.5606125
4272,0.7444379797552381,0.2303562688814711,0.5606125
4272,0.7444379797552381,0.23044084218925448,0.5606125
4272,0.7444379797552381,0.23052775484286875,0.5606125
4272,0.7444379797552381,0.23061707617586671,0.5606125
4272,0.7444379797552381,0.2307088747603145,0.5606125
4272,0.7444379797552381,0.2308032183672011,0.5606125
4272,0.7444379797552381,0.2309001739276411,0.5606125
4272,0.7444379797552381,0.23099980749488555,0.5606125
4272,0.7444379797552381,0.2311021842071679,0.5606125
4272,0.7444379797552381,0.23120736825142985,0.5606125
4272,0.7444379797552381,0.2313154228279338,0.5606125
4272,0.7444379797552381,0.23142641011579337,0.5606125
4272,0.7444379797552381,0.2315403912394556,0.5606125
4272,0.7444379797552381,0.23165742623614483,0.5606125
4272,0.7444379797552381,0.23177757402431165,0.5606125
4272,0.7444379797552381,0.23190089237308442,0.5606125
4272,0.7444379797552381,0.23202743787277277,0.5606125
4272,0.7444379797552381,0.23215726590641875,0.5606125
4272,0.7444379797552381,0.23229043062243535,0.5606125
4272,0.7444379797552381,0.2324269849083466,0.5606125
4272,0.7444379797552381,0.23256698036563977,0.5606125
4272,0.7444379797552381,0.23271046728576308,0.5606125
4272,0.7444379797552381,0.2328574946272679,0.5606125
4272,0.7444379797552381,0.2330081099941345,0.5606125
4272,0.7444379797552381,0.2331623596152702,0.5606125
4272,0.7444379797552381,0.23332028832521778,0.5606125
4272,0.7444379797552381,0.23348193954608046,0.5606125
4272,0.7444379797552381,0.23364735527066563,0.5606125
4272,0.7444379797552381,0.23381657604687497,0.5606125
4272,0.7444379797552381,0.23398964096334224,0.5606125
4272,0.7444379797552381,0.23416658763633788,0.5606125
4272,0.7444379797552381,0.23434745219793982,0.5606125
4272,0.7444379797552381,0.23453226928548176,0.5606125
4272,0.7444379797552381,0.23472107203229897,0.5606125
4272,0.7444379797552381,0.23491389205974902,0.5606125
4272,0.7444379797552381,0.23511075947055474,0.5606125
4272,0.7444379797552381,0.2353117028434352,0.5606125
4272,0.7444379797552381,0.23551674922905377,0.5606125
4272,0.7444379797552381,0.2357259241472746,0.5606125
4272,0.7444379797552381,0.23593925158573803,0.5606125
4272,0.7444379797552381,0.23615675399974856,0.5606125
4272,0.7444379797552381,0.2363784523134797,0.5606125
4272,0.7444379797552381,0.23660436592250234,0.5606125
4272,0.7444379797552381,0.23683451269762257,0.5606125
4272,0.7444379797552381,0.23706890899003294,0.5606125
4272,0.7444379797552381,0.2373075696377816,0.5606125
4272,0.7444379797552381,0.23755050797355112,0.5606125
4272,0.7444379797552381,0.23779773583372948,0.5606125
4272,0.7444379797552381,0.238049263568798,0.5606125
4272,0.7444379797552381,0.23830510005499814,0.5606125
4272,0.7444379797552381,0.23856525270729537,0.5606125
4272,0.7444379797552381,0.23882972749362172,0.5606125
4272,0.7444379797552381,0.23909852895038422,0.5606125
4272,0.7444379797552381,0.23937166019925432,0.5606125
4272,0.7444379797552381,0.23964912296518953,0.5606125
4272,0.7444379797552381,0.23993091759571797,0.5606125
4272,0.7444379797552381,0.24021704308145184,0.5606125
4272,0.7444379797552381,0.24050749707782434,0.5606125
4272,0.7444379797552381,0.24080227592803308,0.5606125
4272,0.7444379797552381,0.24110137468719683,0.5606125
4272,0.7444379797552381,0.2414047871476849,0.5606125
4272,0.7444379797552381,0.2417125058656239,0.5606125
4272,0.7444379797552381,0.2420245221885693,0.5606125
4272,0.7444379797552381,0.24234082628431464,0.5606125
4272,0.7444379797552381,0.24266140717083426,0.5606125
4272,0.7444379797552381,0.24298625274733873,0.5606125
4272,0.7444379797552381,0.24331534982642858,0.5606125
4272,0.7444379797552381,0.24364868416733806,0.5606125
4272,0.7444379797552381,0.24398624051022938,0.5606125
4272,0.7444379797552381,0.24432800261154877,0.5606125
4272,0.7444379797552381,0.2446739532804103,0.5606125
4272,0.7444379797552381,0.24502407441599125,0.5606125
4272,0.7444379797552381,0.24537834704592784,0.5606125
4272,0.7444379797552381,0.24573675136568232,0.5606125
4272,0.7444379797552381,0.24609926677887234,0.5606125
4272,0.7444379797552381,0.24646587193854824,0.5606125
4272,0.7444379797552381,0.24683654478937678,0.5606125
4272,0.7444379797552381,0.2472112626107401,0.5606125
4272,0.7444379797552381,0.24759000206071877,0.5606125
4272,0.7444379797552381,0.24797273922092358,0.5606125
4272,0.7444379797552381,0.24835944964219597,0.5606125
4272,0.7444379797552381,0.24875010839111436,0.5606125
4272,0.7444379797552381,0.24914469009731638,0.5606125
4272,0.7444379797552381,0.24954316900160775,0.5606125
4272,0.7444379797552381,0.24994551900483172,0.5606125
4272,0.7444379797552381,0.2503517137174988,0.5606125
4272,0.7444379797552381,0.25076172651013073,0.5606125
4272,0.7444379797552381,0.25117553056432584,0.5606125
4272,0.7444379797552381,0.25159309892451026,0.5606125
4272,0.7444379797552381,0.25201440455035673,0.5606125
4272,0.7444379797552381,0.25243942036986305,0.5606125
4272,0.7444379797552381,0.2528681193330621,0.5606125
4272,0.7444379797552381,0.2533004744663437,0.5606125
4272,0.7444379797552381,0.2537364589273814,0.5606125
4272,0.7444379797552381,0.25417604606062816,0.5606125
4272,0.7444379797552381,0.2546192094533887,0.5606125
4272,0.7444379797552381,0.2550659229924201,0.5606125
4272,0.7444379797552381,0.255516160921073,0.5606125
4272,0.7444379797552381,0.25596989789693775,0.5606125
4272,0.7444379797552381,0.25642710904998056,0.5606125
4272,0.7444379797552381,0.2568877700411744,0.5606125
4272,0.7444379797552381,0.25735185712156966,0.5606125
4272,0.7444379797552381,0.2578193471918337,0.5606125
4272,0.7444379797552381,0.2582902178622098,0.5606125
4272,0.7444379797552381,0.25876444751290145,0.5606125
4272,0.7444379797552381,0.25924201535485963,0.5606125
4272,0.7444379797552381,0.25972290149096156,0.5606125
4272,0.7444379797552381,0.26020708697756856,0.5606125
4272,0.7444379797552381,0.2606945538864488,0.5606125
4272,0.7444379797552381,0.2611852853670555,0.5606125
4272,0.7444379797552381,0.2616792657091466,0.5606125
4272,0.7444379797552381,0.2621764804057409,0.5606125
4272,0.7444379797552381,0.2626769162163899,0.5606125
4272,0.7444379797552381,0.26318056123076355,0.5606125
4272,0.7444379797552381,0.26368740493253806,0.5606125
4272,0.7444379797552381,0.26419743826358333,0.5606125
4272,0.7444379797552381,0.2647106536884227,0.5606125
4272,0.7444379797552381,0.2652270452589889,0.5606125
4272,0.7444379797552381,0.26574660867963074,0.5606125
4272,0.7444379797552381,0.2662693413724028,0.5606125
4272,0.7444379797552381,0.2667952425425938,0.5606125
4272,0.7444379797552381,0.2673243132445343,0.5606125
4272,0.7444379797552381,0.26785655644761924,0.5606125
4272,0.7444379797552381,0.2683919771026035,0.5606125
4272,0.7444379797552381,0.2689305822081189,0.5606125
4272,0.7444379797552381,0.2694723808774332,0.5606125
4272,0.7444379797552381,0.27001738440544376,0.5606125
4272,0.7444379797552381,0.2705656063359011,0.5606125
4272,0.7444379797552381,0.271117062528855,0.5606125
4272,0.7444379797552381,0.2716717712283431,0.5606125
4272,0.7444379797552381,0.27222975313028697,0.5606125
4272,0.7444379797552381,0.2727910314506318,0.5606125
4272,0.7444379797552381,0.2733556319936981,0.5606125
4272,0.7444379797552381,0.27392358322076815,0.5606125
4272,0.7444379797552381,0.27449491631889505,0.5606125
4272,0.7444379797552381,0.2750696652699374,0.5606125
4272,0.7444379797552381,0.2756478669198315,0.5606125
4272,0.7444379797552381,0.27622956104807933,0.5606125
4272,0.7444379797552381,0.2768147904374839,0.5606125
4272,0.7444379797552381,0.2774036009441065,0.5606125
4272,0.7444379797552381,0.2779960415674676,0.5606125
4272,0.7444379797552381,0.2785921645209802,0.5606125
4272,0.7444379797552381,0.27919202530263115,0.5606125
4272,0.7444379797552381,0.27979568276590033,0.5606125
4272,0.7444379797552381,0.2804031991909309,0.5606125
4272,0.7444379797552381,0.2810146403559371,0.5606125
4272,0.7444379797552381,0.2816300756088855,0.5606125
4272,0.7444379797552381,0.28224957793941197,0.5606125
4272,0.7444379797552381,0.2828732240509887,0.5606125
4272,0.7444379797552381,0.2835010944333757,0.5606125
4272,0.7444379797552381,0.2841332734353267,0.5606125
4272,0.7444379797552381,0.2847698493375187,0.5606125
4272,0.7444379797552381,0.28541091442581223,0.5606125
4272,0.7444379797552381,0.2860565650647209,0.5606125
4272,0.7444379797552381,0.28670690177118624,0.5606125
4272,0.7444379797552381,0.2873620292885872,0.5606125
4272,0.7444379797552381,0.28802205666101915,0.5606125
4272,0.7444379797552381,0.2886870973078955,0.5606125
4272,0.7444379797552381,0.2893572690987231,0.5606125
4272,0.7444379797552381,0.2900326944282097,0.5606125
4272,0.7444379797552381,0.29071350029159565,0.5606125
4272,0.7444379797552381,0.29139981836027296,0.5606125
4272,0.7444379797552381,0.29209178505760774,0.5606125
4272,0.7444379797552381,0.2927895416350583,0.5606125
4272,0.7444379797552381,0.2934932342485071,0.5606125
4272,0.7444379797552381,0.2942030140348184,0.5606125
4272,0.7444379797552381,0.2949190371886779,0.5606125
4272,0.7444379797552381,0.2956414650395483,0.5606125
4272,0.7444379797552381,0.29637046412890783,0.5606125
4272,0.7444379797552381,0.29710620628764695,0.5606125
4272,0.7444379797552381,0.2978488687136651,0.5606125
4272,0.7444379797552381,0.29859863404960474,0.5606125
4272,0.7444379797552381,0.2993556904607483,0.5606125
4272,0.7444379797552381,0.3001202317130297,0.5606125
4272,0.7444379797552381,0.30089245725117725,0.5606125
4272,0.7444379797552381,0.30167257227692207,0.5606125
4272,0.7444379797552381,0.30246078782727925,0.5606125
4272,0.7444379797552381,0.3032573208528657,0.5606125
4272,0.7444379797552381,0.3040623942962607,0.5606125
4272,0.7444379797552381,0.3048762371702764,0.5606125
4272,0.7444379797552381,0.3056990846362544,0.5606125
4272,0.7444379797552381,0.3065311780822395,0.5606125
4272,0.7444379797552381,0.30737276520106555,0.5606125
4272,0.7444379797552381,0.3082241000682619,0.5606125
4272,0.7444379797552381,0.30908544321978737,0.5606125
4272,0.7444379797552381,0.309957061729507,0.5606125
4272,0.7444379797552381,0.3108392292864155,0.5606125
4272,0.7444379797552381,0.31173222627151326,0.5606125
4272,0.7444379797552381,0.3126363398343114,0.5606125
4272,0.7444379797552381,0.31355186396891577,0.5606125
4272,0.7444379797552381,0.3144790995896145,0.5606125
4272,0.7444379797552381,0.3154183546059335,0.5606125
4272,0.7444379797552381,0.31636994399709434,0.5606125
4272,0.7444379797552381,0.31733418988579165,0.5606125
4272,0.7444379797552381,0.3183114216112566,0.5606125
4272,0.7444379797552381,0.3193019758015135,0.5606125
4272,0.7444379797552381,0.32030619644476266,0.5606125
4272,0.7444379797552381,0.32132443495982344,0.5606125
4272,0.7444379797552381,0.32235705026554706,0.5606125
4272,0.7444379797552381,0.3234044088491335,0.5606125
4272,0.7444379797552381,0.32446688483324204,0.5606125
4272,0.7444379797552381,0.32554486004184496,0.5606125
4272,0.7444379797552381,0.3266387240646987,0.5606125
4272,0.7444379797552381,0.32774887432036776,0.5606125
4272,0.7444379797552381,0.32887571611767524,0.5606125
4272,0.7444379797552381,0.3300196627155131,0.5606125
4272,0.7444379797552381,0.33118113538087485,0.5606125
4272,0.7444379797552381,0.3323605634450349,0.5606125
4272,0.7444379797552381,0.3335583843577408,0.5606125
4272,0.7444379797552381,0.3347750437393252,0.5606125
4272,0.7444379797552381,0.3360109954305908,0.5606125
4272,0.7444379797552381,0.33726670154039495,0.5606125
4272,0.7444379797552381,0.3385426324907655,0.5606125
4272,0.7444379797552381,0.3398392670594522,0.5606125
4272,0.7444379797552381,0.3411570924197572,0.5606125
4272,0.7444379797552381,0.34249660417755307,0.5606125
4272,0.7444379797552381,0.34385830640530385,0.5606125
4272,0.7444379797552381,0.34524271167298926,0.5606125
4272,0.7444379797552381,0.3466503410757606,0.5606125
4272,0.7444379797552381,0.34808172425821715,0.5606125
4272,0.7444379797552381,0.3495373994351149,0.5606125
4272,0.7444379797552381,0.3510179134083974,0.5606125
4272,0.7444379797552381,0.3525238215803563,0.5606125
4272,0.7444379797552381,0.354055687962797,0.5606125
4272,0.7444379797552381,0.3556140851820343,0.5606125
4272,0.7444379797552381,0.3571995944795544,0.5606125
4272,0.7444379797552381,0.35881280570819085,0.5606125
4272,0.7444379797552381,0.36045431732363653,0.5606125
4272,0.7444379797552381,0.36212473637112397,0.5606125
4272,0.7444379797552381,0.3638246784671097,0.5606125
4272,0.7444379797552381,0.3655547677757837,0.5606125
4272,0.7444379797552381,0.3673156369802227,0.5606125
4272,0.7444379797552381,0.36910792724802866,0.5606125
4272,0.7444379797552381,0.37093228819125207,0.5606125
4272,0.7444379797552381,0.3727893778204284,0.5606125
4272,0.7444379797552381,0.3746798624925483,0.5606125
4272,0.7444379797552381,0.37660441685277746,0.5606125
4272,0.7444379797552381,0.3785637237697334,0.5606125
4272,0.7444379797552381,0.3805584742641455,0.5606125
4272,0.7444379797552381,0.3825893674307037,0.5606125
4272,0.7444379797552381,0.3846571103529102,0.5606125
4272,0.7444379797552381,0.38676241801075234,0.5606125
4272,0.7444379797552381,0.3889060131809985,0.5606125
4272,0.7444379797552381,0.39108862632994873,0.5606125
4272,0.7444379797552381,0.3933109954984224,0.5606125
4272,0.7444379797552381,0.39557386617882834,0.5606125
4272,0.7444379797552381,0.3978779911841085,0.5606125
4272,0.7444379797552381,0.4002241305083896,0.5606125
4272,0.7444379797552381,0.40261305117912966,0.5606125
4272,0.7444379797552381,0.4050455271006108,0.5606125
4272,0.7444379797552381,0.4075223388885771,0.5606125
4272,0.7444379797552381,0.41004427369583035,0.5606125
4272,0.7444379797552381,0.412612125028638,0.5606125
4272,0.7444379797552381,0.4152266925537435,0.5606125
4272,0.7444379797552381,0.41788878189583295,0.5606125
4272,0.7444379797552381,0.4205992044252691,0.5606125
4272,0.7444379797552381,0.42335877703595504,0.5606125
4272,0.7444379797552381,0.42616832191312404,0.5606125
4272,0.7444379797552381,0.4290286662909408,0.5606125
4272,0.7444379797552381,0.43194064219973777,0.5606125
4272,0.7444379797552381,0.43490508620273066,0.5606125
4272,0.7444379797552381,0.4379228391220886,0.5606125
4272,0.7444379797552381,0.44099474575420905,0.5606125
4272,0.7444379797552381,0.44412165457405456,0.5606125
4272,0.7444379797552381,0.4473044174284445,0.5606125
4272,0.7444379797552381,0.4505438892181656,0.5606125
4272,0.7444379797552381,0.45384092756877686,0.5606125
4272,0.7444379797552381,0.4571963924900334,0.5606125
4272,0.7444379797552381,0.460611146023781,0.5606125
4272,0.7444379797552381,0.46408605188027363,0.5606125
4272,0.7444379797552381,0.4676219750627967,0.5606125
4272,0.7444379797552381,0.47121978148052457,0.5606125
4272,0.7444379797552381,0.47488033754955283,0.5606125
4272,0.7444379797552381,0.47860450978203467,0.5606125
4272,0.7444379797552381,0.4823931643633743,0.5606125
4272,0.7444379797552381,0.4862471667174322,0.5606125
4272,0.7444379797552381,0.49016738105970575,0.5606125
4272,0.7444379797552381,0.49415466993849,0.5606125
4272,0.7444379797552381,0.4982098937639585,0.5606125
4272,0.7444379797552381,0.5023339103252158,0.5606125
4272,0.7444379797552381,0.5065275742952984,0.5606125
4272,0.7444379797552381,0.5107917367241575,0.5606125
4272,0.7444379797552381,0.5151272445196535,0.5606125
4272,0.7444379797552381,0.5195349399166223,0.5606125
4272,0.7444379797552381,0.5240156599340547,0.5606125
4272,0.7444379797552381,0.5285702358204709,0.5606125
4272,0.7444379797552381,0.533199492487574,0.5606125
4272,0.7444379797552381,0.5379042479322771,0.5606125
4272,0.7444379797552381,0.5426853126472188,0.5606125
4272,0.7444379797552381,0.5475434890198964,0.5606125
4272,0.7444379797552381,0.5524795707205503,0.5606125
4272,0.7444379797552381,0.5574943420789538,0.5606125
4272,0.7444379797552381,0.5625885774503051,0.5606125
4272,0.7444379797552381,0.5677630405703399,0.5606125
4272,0.7444379797552381,0.5730184838999606,0.5606125
4272,0.7444379797552381,0.5783556479594923,0.5606125
4272,0.7444379797552381,0.5837752606528953,0.5606125
4272,0.7444379797552381,0.5892780365821022,0.5606125
4272,0.7444379797552381,0.5948646763517973,0.5606125
4272,0.7444379797552381,0.6005358658648753,0.5606125
4272,0.7444379797552381,0.6062922756089154,0.5606125
4272,0.7444379797552381,0.6121345599339374,0.5606125
4272,0.7444379797552381,0.6180633563218307,0.5606125
4272,0.7444379797552381,0.6240792846477234,0.5606125
4272,0.7444379797552381,0.6301829464337182,0.5606125
4272,0.7444379797552381,0.6363749240953445,0.5606125
4272,0.7444379797552381,0.6426557801811301,0.5606125
4272,0.7444379797552381,0.649026056605705,0.5606125
4272,0.7444379797552381,0.6554862738768383,0.5606125
4272,0.7444379797552381,0.662036930316937,0.5606125
4272,0.7444379797552381,0.6686785012793618,0.5606125
4272,0.7444379797552381,0.6754114383601109,0.5606125
4272,0.7444379797552381,0.6822361686053596,0.5606125
4272,0.7444379797552381,0.6891530937153452,0.5606125
4272,0.7444379797552381,0.6961625892451504,0.5606125
4272,0.7444379797552381,0.7032650038029277,0.5606125
4272,0.7444379797552381,0.7104606582461072,0.5606125
4272,0.7444379797552381,0.7177498448761849,0.5606125
4272,0.7444379797552381,0.7251328266327035,0.5606125
4272,0.7444379797552381,0.732609836286981,0.5606125
4272,0.7444379797552381,0.7401810756362787,0.5606125
4272,0.7444379797552381,0.7478467146989866,0.5606125
4272,0.7444379797552381,0.7556068909115228,0.5606125
4272,0.7444379797552381,0.7634617083276092,0.5606125
4272,0.7444379797552381,0.7714112368205827,0.5606125
4272,0.7444379797552381,0.779455511289462,0.5606125
4272,0.7444379797552381,0.7875945308694863,0.5606125
4272,0.7444379797552381,0.7958282581478082,0.5606125
4272,0.7444379797552381,0.8041566183851121,0.5606125
4272,0.7444379797552381,0.8125794987439128,0.5606125
4272,0.7444379797552381,0.8210967475242231,0.5606125
4272,0.7444379797552381,0.829708173407467,0.5606125
4272,0.7444379797552381,0.8384135447092952,0.5606125
4272,0.7444379797552381,0.8472125886422025,0.5606125
4272,0.7444379797552381,0.8561049905886473,0.5606125
4272,0.7444379797552381,0.8650903933855513,0.5606125
4272,0.7444379797552381,0.8741683966209456,0.5606125
4272,0.7444379797552381,0.8833385559436019,0.5606125
4272,0.7444379797552381,0.8926003823864592,0.5606125
4272,0.7444379797552381,0.9019533417046848,0.5606125
4272,0.7444379797552381,0.911396853729224,0.5606125
4272,0.7444379797552381,0.9209302917366214,0.5606125
4272,0.7444379797552381,0.9305529818360053,0.5606125
4272,0.7444379797552381,0.9402642023740632,0.5606125
4272,0.7444379797552381,0.9500631833588424,0.5606125
4272,0.7444379797552381,0.9599491059032225,0.5606125
4272,0.7444379797552381,0.9699211016889355,0.5606125
4272,0.7444379797552381,0.9799782524519021,0.5606125
4272,0.7444379797552381,0.9901195894898298,0.5606125
4272,0.7444379797552381,1.0003440931927656,0.5606125
4272,0.7444379797552381,1.0106506925976289,0.5606125
4272,0.7444379797552381,1.0210382649673366,0.5606125
4272,0.7444379797552381,1.031505635395515,0.5606125
4272,0.7444379797552381,1.0420515764375071,0.5606125
4272,0.7444379797552381,1.0526748077685453,0.5606125
4272,0.7444379797552381,1.0633739958698114,0.5606125
4272,0.7444379797552381,1.074147753743264,0.5606125
4272,0.7444379797552381,1.084994640655911,0.5606125
4272,0.7444379797552381,1.0959131619143543,0.5606125
4272,0.7444379797552381,1.1069017686703426,0.5606125
4272,0.7444379797552381,1.1179588577580095,0.5606125
4272,0.7444379797552381,1.1290827715636007,0.5606125
4272,0.7444379797552381,1.1402717979283743,0.5606125
4272,0.7444379797552381,1.151524170085219,0.5606125
4272,0.7444379797552381,1.1628380666299032,0.5606125
4272,0.7444379797552381,1.1742116115273529,0.5606125
4272,0.7444379797552381,1.185642874153775,0.5606125
4272,0.7444379797552381,1.1971298693750465,0.5606125
4272,0.7444379797552381,1.208670557662129,0.5606125
4272,0.7444379797552381,1.2202628452439135,0.5606125
4272,0.7444379797552381,1.2319045842981209,0.5606125
4272,0.7444379797552381,1.243593573180685,0.5606125
4272,0.7444379797552381,1.255327556694166,0.5606125
4272,0.7444379797552381,1.267104226395571,0.5606125
4272,0.7444379797552381,1.2789212209440448,0.5606125
4272,0.7444379797552381,1.2907761264888422,0.5606125
4272,0.7444379797552381,1.302666477097827,0.5606125
4272,0.7444379797552381,1.314589755226937,0.5606125
4272,0.7444379797552381,1.3265433922308782,0.5606125
4272,0.7444379797552381,1.3385247689152664,0.5606125
4272,0.7444379797552381,1.3505312161304786,0.5606125
4272,0.7444379797552381,1.3625600154073816,0.5606125
4272,0.7444379797552381,1.3746083996350849,0.5606125
4272,0.7444379797552381,1.3866735537808836,0.5606125
4272,0.7444379797552381,1.3987526156523848,0.5606125
4272,0.7444379797552381,1.4108426767019084,0.5606125
4272,0.7444379797552381,1.422940782873204,0.5606125
4272,0.7444379797552381,1.435043935490321,0.5606125
4272,0.7444379797552381,1.4471490921886956,0.5606125
4272,0.7444379797552381,1.459253167888192,0.5606125
4272,0.7444379797552381,1.471353035808111,0.5606125
4272,0.7444379797552381,1.4834455285237789,0.5606125
4272,0.7444379797552381,1.495527439064585,0.5606125
4272,0.7444379797552381,1.5075955220531807,0.5606125
4272,0.7444379797552381,1.5196464948854544,0.5606125
4272,0.7444379797552381,1.5316770389509513,0.5606125
4272,0.7444379797552381,1.5436838008933074,0.5606125
4272,0.7444379797552381,1.555663393910311,0.5606125
4272,0.7444379797552381,1.5676123990928696,0.5606125
4272,0.7444379797552381,1.5795273668026972,0.5606125
4272,0.7444379797552381,1.5914048180877887,0.5606125
4272,0.7444379797552381,1.6032412461352177,0.5606125
4272,0.7444379797552381,1.6150331177606296,0.5606125
4272,0.7444379797552381,1.6267768749335731,0.5606125
4272,0.7444379797552381,1.6384689363379725,0.5606125
4272,0.7444379797552381,1.650105698967039,0.5606125
4272,0.7444379797552381,1.661683539751577,0.5606125
4272,0.7444379797552381,1.6731988172209697,0.5606125
4272,0.7444379797552381,1.6846478731958343,0.5606125
4272,0.7444379797552381,1.6960270345114037,0.5606125
4272,0.7444379797552381,1.707332614770594,0.5606125
4272,0.7444379797552381,1.7185609161257898,0.5606125
4272,0.7444379797552381,1.7297082310881,0.5606125
4272,0.7444379797552381,1.7407708443632233,0.5606125
4272,0.7444379797552381,1.7517450347123769,0.5606125
4272,0.7444379797552381,1.7626270768375245,0.5606125
4272,0.7444379797552381,1.773413243289295,0.5606125
4272,0.7444379797552381,1.7840998063965634,0.5606125
4272,0.7444379797552381,1.794683040216198,0.5606125
4272,0.7444379797552381,1.805159222501855,0.5606125
4272,0.7444379797552381,1.815524636690238,0.5606125
4272,0.7444379797552381,1.8257755739035273,0.5606125
4272,0.7444379797552381,1.835908334966559,0.5606125
4272,0.7444379797552381,1.8459192324372091,0.5606125
4272,0.7444379797552381,1.8558045926485915,0.5606125
4272,0.7444379797552381,1.8655607577615108,0.5606125
4272,0.7444379797552381,1.8751840878255992,0.5606125
4272,0.7444379797552381,1.8846709628476632,0.5606125
4272,0.7444379797552381,1.8940177848655353,0.5606125
4272,0.7444379797552381,1.9032209800259776,0.5606125
4272,0.7444379797552381,1.9122770006648744,0.5606125
4272,0.7444379797552381,1.921182327388178,0.5606125
4272,0.7444379797552381,1.9299334711518692,0.5606125
4272,0.7444379797552381,1.9385269753393564,0.5606125
4272,0.7444379797552381,1.9469594178345344,0.5606125
4272,0.7444379797552381,1.9552274130889433,0.5606125
4272,0.7444379797552381,1.9633276141811413,0.5606125
4272,0.7444379797552381,1.9712567148667803,0.5606125
4272,0.7444379797552381,1.9790114516175445,0.5606125
4272,0.7444379797552381,1.9865886056473183,0.5606125
4272,0.7444379797552381,1.9939850049237675,0.5606125
4272,0.7444379797552381,2.001197526163739,0.5606125
4272,0.7444379797552381,2.008223096810675,0.5606125
4272,0.7444379797552381,2.0150586969923965,0.5606125
4272,0.7444379797552381,2.021701361457466,0.5606125
4272,0.7444379797552381,2.0281481814885547,0.5606125
4272,0.7444379797552381,2.0343963067910162,0.5606125
4272,0.7444379797552381,2.0404429473550585,0.5606125
4272,0.7444379797552381,2.0462853752898305,0.5606125
4272,0.7444379797552381,2.051920926627759,0.5606125
4272,0.7444379797552381,2.0573470030976257,0.5606125
4272,0.7444379797552381,2.062561073864485,0.5606125
4272,0.7444379797552381,2.0675606772352713,0.5606125
4272,0.7444379797552381,2.072343422328095,0.5606125
4272,0.7444379797552381,2.0769069907039603,0.5606125
4272,0.7444379797552381,2.081249137959304,0.5606125
4272,0.7444379797552381,2.0853676952778795,0.5606125
4272,0.7444379797552381,2.089260570940472,0.5606125
4272,0.7444379797552381,2.092925751791159,0.5606125
4272,0.7444379797552381,2.096361304658532,0.5606125
4272,0.7444379797552381,2.09956537773075,0.5606125
4272,0.7444379797552381,2.102536201882853,0.5606125
4272,0.7444379797552381,2.1052720919552677,0.5606125
4272,0.7444379797552381,2.1077714479821728,0.5606125
4272,0.7444379797552381,2.110032756368522,0.5606125
4272,0.7444379797552381,2.112054591014509,0.5606125
4272,0.7444379797552381,2.1138356143865757,0.5606125
4272,0.7444379797552381,2.115374578533604,0.5606125
4272,0.7444379797552381,2.1166703260474873,0.5606125
4272,0.7444379797552381,2.11772179096702,0.5606125
4272,0.7444379797552381,2.118527999624248,0.5606125
4272,0.7444379797552381,2.119088071432243,0.5606125
4272,0.7444379797552381,2.119401219613734,0.5606125
4272,0.7444379797552381,2.1194667518696346,0.5606125
4272,0.7444379797552381,2.119284070986739,0.5606125
4272,0.7444379797552381,2.1188526753841894,0.5606125
4272,0.7444379797552381,2.118172159597704,0.5606125
4272,0.7444379797552381,2.1172422147013963,0.5606125
4272,0.7444379797552381,2.116062628666514,0.5606125
4272,0.7444379797552381,2.114633286656601,0.5606125
4272,0.7444379797552381,2.1129541712589375,0.5606125
4272,0.7444379797552381,2.1110253626517257,0.5606125
4272,0.7444379797552381,2.1088470387068554,0.5606125
4272,0.7444379797552381,2.1064194750281273,0.5606125
4272,0.7444379797552381,2.103743044924619,0.5606125
4272,0.7444379797552381,2.1008182193193012,0.5606125
4272,0.7444379797552381,2.097645566592847,0.5606125
4272,0.7444379797552381,2.0942257523625663,0.5606125
4272,0.7444379797552381,2.0905595391967187,0.5606125
4272,0.7444379797552381,2.0866477862643986,0.5606125
4272,0.7444379797552381,2.0824914489209583,0.5606125
4272,0.7444379797552381,2.0780915782296665,0.5606125
4272,0.7444379797552381,2.0734493204195874,0.5606125
4272,0.7444379797552381,2.068565916280328,0.5606125
4272,0.7444379797552381,2.0634427004939915,0.5606125
4272,0.7444379797552381,2.05808110090495,0.5606125
4272,0.7444379797552381,2.0524826377280077,0.5606125
4272,0.7444379797552381,2.0466489226955296,0.5606125
4272,0.7444379797552381,2.0405816581443763,0.5606125
4272,0.7444379797552381,2.0342826360432538,0.5606125
4272,0.7444379797552381,2.0277537369614134,0.5606125
4272,0.7444379797552381,2.020996928979545,0.5606125
4272,0.7444379797552381,2.014014266543705,0.5606125
4272,0.7444379797552381,2.0068078892633605,0.5606125
4288,0.4066887167061294,4.020783958321139,0.20408599
4288,0.4066887167061294,4.042461564065542,0.20408599
4288,0.4066887167061294,4.062495336654701,0.20408599
4288,0.4066887167061294,4.080865687419507,0.20408599
4288,0.4066887167061294,4.0975553547715515,0.20408599
4288,0.4066887167061294,4.112549438415296,0.20408599
4288,0.4066887167061294,4.125835427940394,0.20408599
4288,0.4066887167061294,4.13740322571188,0.20408599
4288,0.4066887167061294,4.147245163994934,0.20408599
4288,0.4066887167061294,4.155356016270575,0.20408599
4288,0.4066887167061294,4.161733002718287,0.20408599
4288,0.4066887167061294,4.166375789860949,0.20408599
4288,0.4066887167061294,4.169286484387542,0.20408599
4288,0.4066887167061294,4.170469621188252,0.20408599
4288,0.4066887167061294,4.169932145656091,0.20408599
4288,0.4066887167061294,4.1676833903282615,0.20408599
4288,0.4066887167061294,4.163735045959171,0.20408599
4288,0.4066887167061294,4.158101127135284,0.20408599
4288,0.4066887167061294,4.150797932559575,0.20408599
4288,0.4066887167061294,4.141844000151119,0.20408599
4288,0.4066887167061294,4.131260057120934,0.20408599
4288,0.4066887167061294,4.119068965201842,0.20408599
4288,0.4066887167061294,4.105295661224815,0.20408599
4288,0.4066887167061294,4.089967093247954,0.20408599
4288,0.4066887167061294,4.0731121524585125,0.20408599
4288,0.4066887167061294,4.054761601079447,0.20408599
4288,0.4066887167061294,4.034947996524356,0.20408599
4288,0.4066887167061294,4.0137056120542205,0.20408599
4288,0.4066887167061294,3.991070354198692,0.20408599
4288,0.4066887167061294,3.9670796772130377,0.20408599
4288,0.4066887167061294,3.9417724948481947,0.20408599
4288,0.4066887167061294,3.9151890897179698,0.20408599
4288,0.4066887167061294,3.887371020551246,0.20408599
4288,0.4066887167061294,3.8583610276212315,0.20408599
4288,0.4066887167061294,3.8282029366455563,0.20408599
4288,0.4066887167061294,3.79694156145264,0.20408599
4288,0.4066887167061294,3.7646226057093157,0.20408599
4288,0.4066887167061294,3.7312925640041166,0.20408599
4288,0.4066887167061294,3.69699862257766,0.20408599
4288,0.4066887167061294,3.6617885599891316,0.20408599
4288,0.4066887167061294,3.62571064800274,0.20408599
4288,0.4066887167061294,3.5888135529729595,0.20408599
4288,0.4066887167061294,3.551146238001157,0.20408599
4288,0.4066887167061294,3.512757866128533,0.20408599
4288,0.4066887167061294,3.4736977048223743,0.20408599
4288,0.4066887167061294,3.4340150320035487,0.20408599
4288,0.4066887167061294,3.3937590438533154,0.20408599
4288,0.4066887167061294,3.3529787646270415,0.20408599
4288,0.4066887167061294,3.3117229586910786,0.20408599
4288,0.4066887167061294,3.2700400449876077,0.20408599
4288,0.4066887167061294,3.227978014119483,0.20408599
4288,0.4066887167061294,3.1855843482344093,0.20408599
4288,0.4066887167061294,3.142905943874989,0.20408599
4288,0.4066887167061294,3.099989037946747,0.20408599
4288,0.4066887167061294,3.0568791369432953,0.20408599
4288,0.4066887167061294,3.0136209495530597,0.20408599
4288,0.4066887167061294,2.9702583227579913,0.20408599
4288,0.4066887167061294,2.926834181520631,0.20408599
4288,0.4066887167061294,2.8833904721410066,0.20408599
4288,0.4066887167061294,2.8399681093512164,0.20408599
4288,0.4066887167061294,2.796606927200698,0.20408599
4288,0.4066887167061294,2.753345633771924,0.20408599
4288,0.4066887167061294,2.710221769751534,0.20408599
4288,0.4066887167061294,2.667271670869279,0.20408599
4288,0.4066887167061294,2.6245304342034035,0.20408599
4288,0.4066887167061294,2.582031888338281,0.20408599
4288,0.4066887167061294,2.5398085673480164,0.20408599
4288,0.4066887167061294,2.497891688567184,0.20408599
4288,0.4066887167061294,2.456311134099175,0.20408599
4288,0.4066887167061294,2.4150954360007564,0.20408599
4288,0.4066887167061294,2.3742717650719505,0.20408599
4288,0.4066887167061294,2.3338659231698125,0.20408599
4288,0.4066887167061294,2.293902338955977,0.20408599
4288,0.4066887167061294,2.254404066979066,0.20408599
4288,0.4066887167061294,2.215392789985194,0.20408599
4288,0.4066887167061294,2.1768888243426145,0.20408599
4288,0.4066887167061294,2.1389111284598745,0.20408599
4288,0.4066887167061294,2.101477314071086,0.20408599
4288,0.4066887167061294,2.0646036602566777,0.20408599
4288,0.4066887167061294,2.028305130063387,0.20408599
4288,0.4066887167061294,1.992595389583502,0.20408599
4288,0.4066887167061294,1.9574868293502208,0.20408599
4288,0.4066887167061294,1.9229905879033775,0.20408599
4288,0.4066887167061294,1.8891165773779486,0.20408599
4288,0.4066887167061294,1.855873510966625,0.20408599
4288,0.4066887167061294,1.823268932107055,0.20408599
4288,0.4066887167061294,1.7913092452442312,0.20408599
4288,0.4066887167061294,1.75999974801933,0.20408599
4288,0.4066887167061294,1.7293446647371196,0.20408599
4288,0.4066887167061294,1.6993471809659244,0.20408599
4288,0.4066887167061294,1.6700094791260844,0.20408599
4288,0.4066887167061294,1.641332774925579,0.20408599
4288,0.4066887167061294,1.613317354504446,0.20408599
4288,0.4066887167061294,1.5859626121530908,0.20408599
4288,0.4066887167061294,1.5592670884733573,0.20408599
4288,0.4066887167061294,1.5332285088554929,0.20408599
4288,0.4066887167061294,1.50784382214861,0.20408599
4288,0.4066887167061294,1.483109239406822,0.20408599
4288,0.4066887167061294,1.4590202725984758,0.20408599
4288,0.4066887167061294,1.435571773171036,0.20408599
4288,0.4066887167061294,1.4127579703694957,0.20408599
4288,0.4066887167061294,1.3905725092119035,0.20408599
4288,0.4066887167061294,1.3690084880311093,0.20408599
4288,0.4066887167061294,1.3480584954978132,0.20408599
4288,0.4066887167061294,1.3277146470455372,0.20408599
4288,0.4066887167061294,1.3079686206243823,0.20408599
4288,0.4066887167061294,1.2888116917159262,0.20408599
4288,0.4066887167061294,1.270234767547783,0.20408599
4288,0.4066887167061294,1.2522284204519851,0.20408599
4288,0.4066887167061294,1.234782920317152,0.20408599
4288,0.4066887167061294,1.2178882660900547,0.20408599
4288,0.4066887167061294,1.2015342162877296,0.20408599
4288,0.4066887167061294,1.1857103184868298,0.20408599
4288,0.4066887167061294,1.1704059377618596,0.20408599
4288,0.4066887167061294,1.1556102840495726,0.20408599
4288,0.4066887167061294,1.1413124384211393,0.20408599
4288,0.4066887167061294,1.127501378249003,0.20408599
4288,0.4066887167061294,1.114166001259517,0.20408599
4288,0.4066887167061294,1.1012951484669178,0.20408599
4288,0.4066887167061294,1.088877625988378,0.20408599
4288,0.4066887167061294,1.0769022257436525,0.20408599
4288,0.4066887167061294,1.0653577450465956,0.20408599
4288,0.4066887167061294,1.0542330050992017,0.20408599
4288,0.4066887167061294,1.0435168684019902,0.20408599
4288,0.4066887167061294,1.0331982550976608,0.20408599
4288,0.4066887167061294,1.0232661582673441,0.20408599
4288,0.4066887167061294,1.0137096582016618,0.20408599
4288,0.4066887167061294,1.0045179356706435,0.20408599
4288,0.4066887167061294,0.9956802842188229,0.20408599
4288,0.4066887167061294,0.9871861215134875,0.20408599
4288,0.4066887167061294,0.9790249997755941,0.20408599
4288,0.4066887167061294,0.9711866153242896,0.20408599
4288,0.4066887167061294,0.963660817266922,0.20408599
4288,0.4066887167061294,0.9564376153674743,0.20408599
4288,0.4066887167061294,0.9495071871270491,0.20408599
4288,0.4066887167061294,0.942859884110411,0.20408599
4288,0.4066887167061294,0.9364862375531169,0.20408599
4288,0.4066887167061294,0.9303769632837876,0.20408599
4288,0.4066887167061294,0.9245229659961551,0.20408599
4288,0.4066887167061294,0.9189153429052919,0.20408599
4288,0.4066887167061294,0.9135453868222101,0.20408599
4288,0.4066887167061294,0.9084045886805511,0.20408599
4288,0.4066887167061294,0.9034846395485,0.20408599
4288,0.4066887167061294,0.898777432158434,0.20408599
4288,0.4066887167061294,0.8942750619861057,0.20408599
4288,0.4066887167061294,0.8899698279101296,0.20408599
4288,0.4066887167061294,0.885854232481729,0.20408599
4288,0.4066887167061294,0.8819209818337614,0.20408599
4288,0.4066887167061294,0.8781629852566647,0.20408599
4288,0.4066887167061294,0.874573354468222,0.20408599
4288,0.4066887167061294,0.8711454026025304,0.20408599
4288,0.4066887167061294,0.8678726429425621,0.20408599
4288,0.4066887167061294,0.8647487874193553,0.20408599
4288,0.4066887167061294,0.8617677448997213,0.20408599
4288,0.4066887167061294,0.8589236192829172,0.20408599
4288,0.4066887167061294,0.8562107074256491,0.20408599
4288,0.4066887167061294,0.8536234969134383,0.20408599
4288,0.4066887167061294,0.8511566636949829,0.20408599
4288,0.4066887167061294,0.8488050695952181,0.20408599
4288,0.4066887167061294,0.8465637597212071,0.20408599
4288,0.4066887167061294,0.8444279597740815,0.20408599
4288,0.4066887167061294,0.842393073278962,0.20408599
4288,0.4066887167061294,0.8404546787436766,0.20408599
4288,0.4066887167061294,0.838608526756012,0.20408599
4288,0.4066887167061294,0.8368505370283111,0.20408599
4288,0.4066887167061294,0.8351767953970105,0.20408599
4288,0.4066887167061294,0.8335835507840349,0.20408599
4288,0.4066887167061294,0.8320672121258937,0.20408599
4288,0.4066887167061294,0.8306243452755411,0.20408599
4288,0.4066887167061294,0.8292516698813991,0.20408599
4288,0.4066887167061294,0.8279460562469712,0.20408599
4288,0.4066887167061294,0.8267045221741538,0.20408599
4288,0.4066887167061294,0.8255242297923987,0.20408599
4288,0.4066887167061294,0.8244024823756229,0.20408599
4288,0.4066887167061294,0.8233367211480953,0.20408599
4288,0.4066887167061294,0.8223245220801673,0.20408599
4288,0.4066887167061294,0.8213635926743823,0.20408599
4288,0.4066887167061294,0.8204517687420112,0.20408599
4288,0.4066887167061294,0.8195870111700839,0.20408599
4288,0.4066887167061294,0.8187674026784522,0.20408599
4288,0.4066887167061294,0.8179911445664942,0.20408599
4288,0.4066887167061294,0.8172565534488461,0.20408599
4288,0.4066887167061294,0.8165620579795043,0.20408599
4288,0.4066887167061294,0.815906195563619,0.20408599
4288,0.4066887167061294,0.8152876090562535,0.20408599
4288,0.4066887167061294,0.8147050434476322,0.20408599
4288,0.4066887167061294,0.8141573425341392,0.20408599
4288,0.4066887167061294,0.8136434455748907,0.20408599
4288,0.4066887167061294,0.8131623839333972,0.20408599
4288,0.4066887167061294,0.8127132777044549,0.20408599
4288,0.4066887167061294,0.8122953323262191,0.20408599
4288,0.4066887167061294,0.8119078351778802,0.20408599
4288,0.4066887167061294,0.8115501521635547,0.20408599
4288,0.4066887167061294,0.8112217242831622,0.20408599
4288,0.4066887167061294,0.8109220641914556,0.20408599
4288,0.4066887167061294,0.8106507527465844,0.20408599
4288,0.4066887167061294,0.81040743554982,0.20408599
4288,0.4066887167061294,0.8101918194784401,0.20408599
4288,0.4066887167061294,0.8100036692139976,0.20408599
4288,0.4066887167061294,0.8098428037685075,0.20408599
4288,0.4066887167061294,0.8097090930113152,0.20408599
4288,0.4066887167061294,0.8096024541998038,0.20408599
4288,0.4066887167061294,0.8095228485171777,0.20408599
4288,0.4066887167061294,0.8094702776210043,0.20408599
4288,0.4066887167061294,0.8094447802063018,0.20408599
4288,0.4066887167061294,0.8094464285871907,0.20408599
4288,0.4066887167061294,0.8094753253014377,0.20408599
4288,0.4066887167061294,0.8095315997422873,0.20408599
4288,0.4066887167061294,0.8096154048221691,0.20408599
4288,0.4066887167061294,0.8097269136730828,0.20408599
4288,0.4066887167061294,0.8098663163884917,0.20408599
4288,0.4066887167061294,0.8100338168116881,0.20408599
4288,0.4066887167061294,0.8102296293756883,0.20408599
4288,0.4066887167061294,0.8104539759997645,0.20408599
4288,0.4066887167061294,0.8107070830476032,0.20408599
4288,0.4066887167061294,0.810989178352369,0.20408599
4288,0.4066887167061294,0.8113004883135433,0.20408599
4288,0.4066887167061294,0.811641235070708,0.20408599
4288,0.4066887167061294,0.8120116337590815,0.20408599
4288,0.4066887167061294,0.8124118898516443,0.20408599
4288,0.4066887167061294,0.8128421965925962,0.20408599
4288,0.4066887167061294,0.8133027325264985,0.20408599
4288,0.4066887167061294,0.8137936591275888,0.20408599
4288,0.4066887167061294,0.8143151185332773,0.20408599
4288,0.4066887167061294,0.8148672313856946,0.20408599
4288,0.4066887167061294,0.8154500947850264,0.20408599
4288,0.4066887167061294,0.8160637803578454,0.20408599
4288,0.4066887167061294,0.8167083324435541,0.20408599
4288,0.4066887167061294,0.8173837664017681,0.20408599
4288,0.4066887167061294,0.818090067042916,0.20408599
4288,0.4066887167061294,0.8188271871842424,0.20408599
4288,0.4066887167061294,0.8195950463329205,0.20408599
4288,0.4066887167061294,0.8203935294976354,0.20408599
4288,0.4066887167061294,0.8212224861296241,0.20408599
4288,0.4066887167061294,0.8220817291938443,0.20408599
4288,0.4066887167061294,0.8229710343704305,0.20408599
4288,0.4066887167061294,0.8238901393863665,0.20408599
4288,0.4066887167061294,0.8248387434767787,0.20408599
4288,0.4066887167061294,0.8258165069749538,0.20408599
4288,0.4066887167061294,0.8268230510297677,0.20408599
4288,0.4066887167061294,0.8278579574488553,0.20408599
4288,0.4066887167061294,0.8289207686654134,0.20408599
4288,0.4066887167061294,0.8300109878262562,0.20408599
4288,0.4066887167061294,0.8311280789983496,0.20408599
4288,0.4066887167061294,0.8322714674906548,0.20408599
4288,0.4066887167061294,0.8334405402878668,0.20408599
4288,0.4066887167061294,0.8346346465922878,0.20408599
4288,0.4066887167061294,0.8358530984697276,0.20408599
4288,0.4066887167061294,0.8370951715951712,0.20408599
4288,0.4066887167061294,0.8383601060935034,0.20408599
4288,0.4066887167061294,0.8396471074705552,0.20408599
4288,0.4066887167061294,0.8409553476293457,0.20408599
4288,0.4066887167061294,0.8422839659663097,0.20408599
4288,0.4066887167061294,0.8436320705420418,0.20408599
4288,0.4066887167061294,0.8449987393210562,0.20408599
4288,0.4066887167061294,0.8463830214747818,0.20408599
4288,0.4066887167061294,0.8477839387421232,0.20408599
4288,0.4066887167061294,0.8492004868416214,0.20408599
4288,0.4066887167061294,0.8506316369293618,0.20408599
4288,0.4066887167061294,0.852076337096783,0.20408599
4288,0.4066887167061294,0.8535335139023186,0.20408599
4288,0.4066887167061294,0.855002073931161,0.20408599
4288,0.4066887167061294,0.856480905377264,0.20408599
4288,0.4066887167061294,0.857968879641845,0.20408599
4288,0.4066887167061294,0.8594648529427803,0.20408599
4288,0.4066887167061294,0.8609676679294542,0.20408599
4288,0.4066887167061294,0.862476155297694,0.20408599
4288,0.4066887167061294,0.863989135399614,0.20408599
4288,0.4066887167061294,0.865505419843494,0.20408599
4288,0.4066887167061294,0.8670238130789177,0.20408599
4288,0.4066887167061294,0.8685431139626401,0.20408599
4288,0.4066887167061294,0.8700621173010517,0.20408599
4288,0.4066887167061294,0.8715796153650986,0.20408599
4288,0.4066887167061294,0.873094399374193,0.20408599
4288,0.4066887167061294,0.874605260945437,0.20408599
4288,0.4066887167061294,0.8761109935053312,0.20408599
4288,0.4066887167061294,0.8776103936610278,0.20408599
4288,0.4066887167061294,0.879102262528692,0.20408599
4288,0.4066887167061294,0.8805854070168879,0.20408599
4288,0.4066887167061294,0.8820586410630836,0.20408599
4288,0.4066887167061294,0.8835207868219151,0.20408599
4288,0.4066887167061294,0.8849706758039039,0.20408599
4288,0.4066887167061294,0.8864071499639438,0.20408599
4288,0.4066887167061294,0.8878290627389164,0.20408599
4288,0.4066887167061294,0.8892352800343419,0.20408599
4288,0.4066887167061294,0.8906246811600582,0.20408599
4288,0.4066887167061294,0.8919961597154572,0.20408599
4288,0.4066887167061294,0.8933486244248801,0.20408599
4288,0.4066887167061294,0.8946809999241007,0.20408599
4288,0.4066887167061294,0.8959922274992312,0.20408599
4288,0.4066887167061294,0.8972812657793947,0.20408599
4288,0.4066887167061294,0.8985470913848781,0.20408599
4288,0.4066887167061294,0.8997886995326995,0.20408599
4288,0.4066887167061294,0.9010051046015645,0.20408599
4288,0.4066887167061294,0.902195340658574,0.20408599
4288,0.4066887167061294,0.9033584619499646,0.20408599
4288,0.4066887167061294,0.9044935433584517,0.20408599
4288,0.4066887167061294,0.9055996808297705,0.20408599
4288,0.4066887167061294,0.9066759917711553,0.20408599
4288,0.4066887167061294,0.9077216154243681,0.20408599
4288,0.4066887167061294,0.9087357132162888,0.20408599
4288,0.4066887167061294,0.9097174690896335,0.20408599
4288,0.4066887167061294,0.9106660898167311,0.20408599
4288,0.4066887167061294,0.911580805299096,0.20408599
4288,0.4066887167061294,0.9124608688553951,0.20408599
4288,0.4066887167061294,0.9133055575006136,0.20408599
4288,0.4066887167061294,0.9141141722187173,0.20408599
4288,0.4066887167061294,0.9148860382314208,0.20408599
4288,0.4066887167061294,0.9156205052651973,0.20408599
4288,0.4066887167061294,0.9163169478187306,0.20408599
4288,0.4066887167061294,0.9169747654326953,0.20408599
4288,0.4066887167061294,0.9175933829636965,0.20408599
4288,0.4066887167061294,0.9181722508638369,0.20408599
4288,0.4066887167061294,0.9187108454673747,0.20408599
4288,0.4066887167061294,0.9192086692854976,0.20408599
4288,0.4066887167061294,0.9196652513102151,0.20408599
4288,0.4066887167061294,0.9200801473279221,0.20408599
4288,0.4066887167061294,0.9204529402431259,0.20408599
4288,0.4066887167061294,0.9207832404124374,0.20408599
4288,0.4066887167061294,0.9210706859888325,0.20408599
4288,0.4066887167061294,0.9213149432757084,0.20408599
4288,0.4066887167061294,0.9215157070902608,0.20408599
4288,0.4066887167061294,0.9216727011352432,0.20408599
4288,0.4066887167061294,0.9217856783781017,0.20408599
4288,0.4066887167061294,0.9218544214360953,0.20408599
4288,0.4066887167061294,0.921878742965851,0.20408599
4288,0.4066887167061294,0.9218584860555783,0.20408599
4288,0.4066887167061294,0.9217935246179751,0.20408599
4288,0.4066887167061294,0.9216837637815452,0.20408599
4288,0.4066887167061294,0.9215291402780499,0.20408599
4288,0.4066887167061294,0.9213296228234583,0.20408599
4288,0.4066887167061294,0.9210852124897149,0.20408599
4288,0.4066887167061294,0.9207959430644896,0.20408599
4288,0.4066887167061294,0.920461881395909,0.20408599
4288,0.4066887167061294,0.9200831277192464,0.20408599
4288,0.4066887167061294,0.919659815962349,0.20408599
4288,0.4066887167061294,0.9191921140266257,0.20408599
4288,0.4066887167061294,0.9186802240403878,0.20408599
4288,0.4066887167061294,0.9181243825811303,0.20408599
4288,0.4066887167061294,0.9175248608636594,0.20408599
4288,0.4066887167061294,0.9168819648905908,0.20408599
4288,0.4066887167061294,0.9161960355622464,0.20408599
4288,0.4066887167061294,0.9154674487426148,0.20408599
4288,0.4066887167061294,0.9146966152783853,0.20408599
4288,0.4066887167061294,0.9138839809681694,0.20408599
4288,0.4066887167061294,0.9130300264788924,0.20408599
4288,0.4066887167061294,0.9121352672069304,0.20408599
4288,0.4066887167061294,0.911200253081231,0.20408599
4288,0.4066887167061294,0.910225568306163,0.20408599
4288,0.4066887167061294,0.9092118310421604,0.20408599
4288,0.4066887167061294,0.9081596930218359,0.20408599
4288,0.4066887167061294,0.9070698391001663,0.20408599
4288,0.4066887167061294,0.9059429867372464,0.20408599
4288,0.4066887167061294,0.9047798854123421,0.20408599
4288,0.4066887167061294,0.9035813159683576,0.20408599
4288,0.4066887167061294,0.9023480898860613,0.20408599
4288,0.4066887167061294,0.9010810484876965,0.20408599
4288,0.4066887167061294,0.8997810620697324,0.20408599
4288,0.4066887167061294,0.8984490289652687,0.20408599
4288,0.4066887167061294,0.8970858745363482,0.20408599
4288,0.4066887167061294,0.8956925500970653,0.20408599
4288,0.4066887167061294,0.8942700317685388,0.20408599
4288,0.4066887167061294,0.8928193192672196,0.20408599
4288,0.4066887167061294,0.8913414346281255,0.20408599
4288,0.4066887167061294,0.8898374208650592,0.20408599
4288,0.4066887167061294,0.8883083405700982,0.20408599
4288,0.4066887167061294,0.8867552744547998,0.20408599
4288,0.4066887167061294,0.885179319836049,0.20408599
4288,0.4066887167061294,0.8835815890696005,0.20408599
4288,0.4066887167061294,0.8819632079345627,0.20408599
4288,0.4066887167061294,0.8803253139725308,0.20408599
4288,0.4066887167061294,0.8786690547850111,0.20408599
4288,0.4066887167061294,0.8769955862932387,0.20408599
4288,0.4066887167061294,0.8753060709644779,0.20408599
4288,0.4066887167061294,0.8736016760093132,0.20408599
4288,0.4066887167061294,0.8718835715542581,0.20408599
4288,0.4066887167061294,0.8701529287945269,0.20408599
4288,0.4066887167061294,0.8684109181316854,0.20408599
4288,0.4066887167061294,0.8666587073010289,0.20408599
4288,0.4066887167061294,0.8648974594937566,0.20408599
4288,0.4066887167061294,0.8631283314789151,0.20408599
4288,0.4066887167061294,0.8613524717302491,0.20408599
4288,0.4066887167061294,0.8595710185630319,0.20408599
4288,0.4066887167061294,0.8577850982860286,0.20408599
4288,0.4066887167061294,0.8559958233736669,0.20408599
4288,0.4066887167061294,0.8542042906635539,0.20408599
4288,0.4066887167061294,0.8524115795842229,0.20408599
4288,0.4066887167061294,0.8506187504182334,0.20408599
4288,0.4066887167061294,0.8488268426052977,0.20408599
4288,0.4066887167061294,0.8470368730903112,0.20408599
4288,0.4066887167061294,0.8452498347208403,0.20408599
4288,0.4066887167061294,0.843466694698487,0.20408599
4288,0.4066887167061294,0.8416883930885879,0.20408599
4288,0.4066887167061294,0.8399158413921678,0.20408599
4288,0.4066887167061294,0.8381499211842857,0.20408599
4288,0.4066887167061294,0.8363914828223507,0.20408599
4288,0.4066887167061294,0.8346413442279914,0.20408599
4288,0.4066887167061294,0.8329002897457587,0.20408599
4288,0.4066887167061294,0.8311690690816668,0.20408599
4288,0.4066887167061294,0.8294483963243702,0.20408599
4288,0.4066887167061294,0.8277389490514985,0.20408599
4288,0.4066887167061294,0.8260413675234112,0.20408599
4288,0.4066887167061294,0.8243562539663395,0.20408599
4288,0.4066887167061294,0.8226841719465984,0.20408599
4288,0.4066887167061294,0.8210256458373025,0.20408599
4288,0.4066887167061294,0.819381160378697,0.20408599
4288,0.4066887167061294,0.8177511603329026,0.20408599
4288,0.4066887167061294,0.8161360502336572,0.20408599
4288,0.4066887167061294,0.8145361942312638,0.20408599
4288,0.4066887167061294,0.8129519160326883,0.20408599
4288,0.4066887167061294,0.8113834989364853,0.20408599
4288,0.4066887167061294,0.8098311859619145,0.20408599
4288,0.4066887167061294,0.808295180071329,0.20408599
4288,0.4066887167061294,0.8067756444846499,0.20408599
4288,0.4066887167061294,0.8052727030844766,0.20408599
4288,0.4066887167061294,0.8037864409100715,0.20408599
4288,0.4066887167061294,0.8023169047382839,0.20408599
4288,0.4066887167061294,0.8008641037491222,0.20408599
4288,0.4066887167061294,0.7994280102735489,0.20408599
4288,0.4066887167061294,0.7980085606207659,0.20408599
4288,0.4066887167061294,0.7966056559820746,0.20408599
4288,0.4066887167061294,0.7952191634081778,0.20408599
4288,0.4066887167061294,0.7938489168566102,0.20408599
4288,0.4066887167061294,0.7924947183057705,0.20408599
4288,0.4066887167061294,0.7911563389318814,0.20408599
4288,0.4066887167061294,0.7898335203450437,0.20408599
4288,0.4066887167061294,0.7885259758804052,0.20408599
4288,0.4066887167061294,0.7872333919403217,0.20408599
4288,0.4066887167061294,0.785955429383314,0.20408599
4288,0.4066887167061294,0.7846917249554678,0.20408599
4288,0.4066887167061294,0.7834418927598552,0.20408599
4288,0.4066887167061294,0.7822055257595668,0.20408599
4288,0.4066887167061294,0.7809821973097159,0.20408599
4288,0.4066887167061294,0.7797714627139223,0.20408599
4288,0.4066887167061294,0.7785728608006209,0.20408599
4288,0.4066887167061294,0.7773859155145929,0.20408599
4288,0.4066887167061294,0.7762101375191197,0.20408599
4288,0.4066887167061294,0.7750450258041166,0.20408599
4288,0.4066887167061294,0.7738900692957659,0.20408599
4288,0.4066887167061294,0.7727447484630304,0.20408599
4288,0.4066887167061294,0.7716085369166574,0.20408599
4288,0.4066887167061294,0.7704809029962715,0.20408599
4288,0.4066887167061294,0.7693613113412283,0.20408599
4288,0.4066887167061294,0.7682492244410545,0.20408599
4288,0.4066887167061294,0.7671441041613771,0.20408599
4288,0.4066887167061294,0.7660454132413335,0.20408599
4288,0.4066887167061294,0.7649526167586947,0.20408599
4288,0.4066887167061294,0.763865183558902,0.20408599
4288,0.4066887167061294,0.7627825876446044,0.20408599
4288,0.4066887167061294,0.761704309522169,0.20408599
4288,0.4066887167061294,0.7606298375020923,0.20408599
4288,0.4066887167061294,0.7595586689501712,0.20408599
4288,0.4066887167061294,0.7584903114866645,0.20408599
4288,0.4066887167061294,0.7574242841307456,0.20408599
4288,0.4066887167061294,0.7563601183878411,0.20408599
4288,0.4066887167061294,0.7552973592775579,0.20408599
4288,0.4066887167061294,0.7542355663001936,0.20408599
4288,0.4066887167061294,0.7531743143400045,0.20408599
4288,0.4066887167061294,0.7521131945036278,0.20408599
4288,0.4066887167061294,0.7510518148922347,0.20408599
4288,0.4066887167061294,0.7499898013063213,0.20408599
4288,0.4066887167061294,0.7489267978821138,0.20408599
4288,0.4066887167061294,0.7478624676589,0.20408599
4288,0.4066887167061294,0.7467964930768262,0.20408599
4288,0.4066887167061294,0.7457285764048003,0.20408599
4288,0.4066887167061294,0.7446584400985197,0.20408599
4288,0.4066887167061294,0.7435858270887298,0.20408599
4288,0.4066887167061294,0.742510501000111,0.20408599
4288,0.4066887167061294,0.7414322463013657,0.20408599
4288,0.4066887167061294,0.7403508683872978,0.20408599
4288,0.4066887167061294,0.7392661935938682,0.20408599
4288,0.4066887167061294,0.7381780691473995,0.20408599
4288,0.4066887167061294,0.7370863630493403,0.20408599
4288,0.4066887167061294,0.7359909638980799,0.20408599
4288,0.4066887167061294,0.734891780649582,0.20408599
4288,0.4066887167061294,0.7337887423187344,0.20408599
4288,0.4066887167061294,0.7326817976234428,0.20408599
4288,0.4066887167061294,0.7315709145736884,0.20408599
4288,0.4066887167061294,0.7304560800078831,0.20408599
4288,0.4066887167061294,0.7293372990789979,0.20408599
4288,0.4066887167061294,0.728214594693063,0.20408599
4288,0.4066887167061294,0.7270880069027479,0.20408599
4288,0.4066887167061294,0.7259575922588,0.20408599
4288,0.4066887167061294,0.7248234231222881,0.20408599
4288,0.4066887167061294,0.7236855869405899,0.20408599
4288,0.4066887167061294,0.7225441854901815,0.20408599
4288,0.4066887167061294,0.721399334089307,0.20408599
4288,0.4066887167061294,0.7202511607837149,0.20408599
4288,0.4066887167061294,0.7190998055086337,0.20408599
4288,0.4066887167061294,0.7179454192301427,0.20408599
4288,0.4066887167061294,0.7167881630692227,0.20408599
4288,0.4066887167061294,0.7156282074116914,0.20408599
4288,0.4066887167061294,0.714465731007168,0.20408599
4288,0.4066887167061294,0.7133009200603602,0.20408599
4288,0.4066887167061294,0.7121339673177509,0.20408599
4288,0.4066887167061294,0.7109650711528143,0.20408599
4288,0.4066887167061294,0.7097944346528748,0.20408599
4288,0.4066887167061294,0.7086222647105129,0.20408599
4288,0.4066887167061294,0.7074487711225794,0.20408599
4288,0.4066887167061294,0.7062741656995165,0.20408599
4288,0.4066887167061294,0.705098661387896,0.20408599
4288,0.4066887167061294,0.7039224714087071,0.20408599
4288,0.4066887167061294,0.7027458084140443,0.20408599
4288,0.4066887167061294,0.7015688836645891,0.20408599
4288,0.4066887167061294,0.7003919062302012,0.20408599
4288,0.4066887167061294,0.6992150822158855,0.20408599
4288,0.4066887167061294,0.6980386140150825,0.20408599
4288,0.4066887167061294,0.6968626995923367,0.20408599
4288,0.4066887167061294,0.6956875317969886,0.20408599
4288,0.4066887167061294,0.6945132977096687,0.20408599
4288,0.4066887167061294,0.6933401780229574,0.20408599
4288,0.4066887167061294,0.6921683464575997,0.20408599
4288,0.4066887167061294,0.6909979692154501,0.20408599
4288,0.4066887167061294,0.6898292044701386,0.20408599
4288,0.4066887167061294,0.6886622018963316,0.20408599
4288,0.4066887167061294,0.6874971022382709,0.20408599
4288,0.4066887167061294,0.6863340369181481,0.20408599
4288,0.4066887167061294,0.6851731276846764,0.20408599
4288,0.4066887167061294,0.6840144863020614,0.20408599
4288,0.4066887167061294,0.6828582142794719,0.20408599
4288,0.4066887167061294,0.6817044026409131,0.20408599
4288,0.4066887167061294,0.6805531317352045,0.20408599
4288,0.4066887167061294,0.6794044710857614,0.20408599
4288,0.4066887167061294,0.6782584792795793,0.20408599
4288,0.4066887167061294,0.6771152038947627,0.20408599
4288,0.4066887167061294,0.6759746814658386,0.20408599
4288,0.4066887167061294,0.6748369374858394,0.20408599
4288,0.4066887167061294,0.6737019864441915,0.20408599
4288,0.4066887167061294,0.6725698318991485,0.20408599
4288,0.4066887167061294,0.6714404665835699,0.20408599
4288,0.4066887167061294,0.6703138725426061,0.20408599
4288,0.4066887167061294,0.6691900213018308,0.20408599
4288,0.4066887167061294,0.6680688740642766,0.20408599
4288,0.4066887167061294,0.6669503819346871,0.20408599
4288,0.4066887167061294,0.6658344861693362,0.20408599
4288,0.4066887167061294,0.6647211184495693,0.20408599
4288,0.4066887167061294,0.6636102011772971,0.20408599
4288,0.4066887167061294,0.6625016477905522,0.20408599
4288,0.4066887167061294,0.661395363097161,0.20408599
4288,0.4066887167061294,0.6602912436246795,0.20408599
4288,0.4066887167061294,0.659189177984554,0.20408599
4288,0.4066887167061294,0.6580890472486046,0.20408599
4288,0.4066887167061294,0.6569907253358455,0.20408599
4288,0.4066887167061294,0.6558940794076827,0.20408599
4288,0.4066887167061294,0.6547989702695661,0.20408599
4288,0.4066887167061294,0.6537052527772055,0.20408599
4288,0.4066887167061294,0.6526127762454109,0.20408599
4288,0.4066887167061294,0.6515213848577955,0.20408599
4288,0.4066887167061294,0.6504309180754995,0.20408599
4288,0.4066887167061294,0.6493412110432649,0.20408599
4288,0.4066887167061294,0.6482520949911306,0.20408599
4288,0.4066887167061294,0.6471633976302046,0.20408599
4288,0.4066887167061294,0.6460749435409969,0.20408599
4288,0.4066887167061294,0.6449865545528578,0.20408599
4288,0.4066887167061294,0.6438980501131926,0.20408599
4288,0.4066887167061294,0.6428092476452337,0.20408599
4288,0.4066887167061294,0.6417199628931697,0.20408599
4288,0.4066887167061294,0.6406300102536481,0.20408599
4288,0.4066887167061294,0.6395392030926637,0.20408599
4288,0.4066887167061294,0.6384473540470569,0.20408599
4288,0.4066887167061294,0.6373542753098654,0.20408599
4288,0.4066887167061294,0.6362597788989873,0.20408599
4288,0.4066887167061294,0.6351636769086196,0.20408599
4288,0.4066887167061294,0.6340657817431602,0.20408599
4288,0.4066887167061294,0.6329659063333192,0.20408599
4288,0.4066887167061294,0.6318638643343079,0.20408599
4288,0.4066887167061294,0.6307594703061206,0.20408599
4288,0.4066887167061294,0.6296525398760126,0.20408599
4288,0.4066887167061294,0.628542889883417,0.20408599
4288,0.4066887167061294,0.627430338507631,0.20408599
4288,0.4066887167061294,0.6263147053787413,0.20408599
4288,0.4066887167061294,0.6251958116723413,0.20408599
4288,0.4066887167061294,0.6240734801887078,0.20408599
4288,0.4066887167061294,0.6229475354172052,0.20408599
4288,0.4066887167061294,0.6218178035867866,0.20408599
4288,0.4066887167061294,0.6206841127035014,0.20408599
4288,0.4066887167061294,0.6195462925761012,0.20408599
4288,0.4066887167061294,0.6184041748307825,0.20408599
4288,0.4066887167061294,0.6172575929163225,0.20408599
4288,0.4066887167061294,0.6161063821007708,0.20408599
4288,0.4066887167061294,0.6149503794610499,0.20408599
4288,0.4066887167061294,0.6137894238667945,0.20408599
4288,0.4066887167061294,0.6126233559597933,0.20408599
4288,0.4066887167061294,0.6114520181305091,0.20408599
4288,0.4066887167061294,0.6102752544930239,0.20408599
4288,0.4066887167061294,0.6090929108599842,0.20408599
4288,0.4066887167061294,0.6079048347188869,0.20408599
4288,0.4066887167061294,0.6067108752112677,0.20408599
4288,0.4066887167061294,0.605510883116167,0.20408599
4288,0.4066887167061294,0.6043047108393312,0.20408599
4288,0.4066887167061294,0.60309221240956,0.20408599
4288,0.4066887167061294,0.601873243483505,0.20408599
4288,0.4066887167061294,0.6006476613602775,0.20408599
4288,0.4066887167061294,0.599415325007096,0.20408599
4288,0.4066887167061294,0.5981760950971491,0.20408599
4288,0.4066887167061294,0.5969298340608308,0.20408599
4288,0.4066887167061294,0.595676406151282,0.20408599
4288,0.4066887167061294,0.5944156775253168,0.20408599
4288,0.4066887167061294,0.5931475163404248,0.20408599
4288,0.4066887167061294,0.5918717928687122,0.20408599
4288,0.4066887167061294,0.5905883796283241,0.20408599
4288,0.4066887167061294,0.5892971515328951,0.20408599
4288,0.4066887167061294,0.5879979860594,0.20408599
4288,0.4066887167061294,0.5866907634346586,0.20408599
4288,0.4066887167061294,0.5853753668406291,0.20408599
4288,0.4066887167061294,0.584051682638443,0.20408599
4288,0.4066887167061294,0.5827196006110609,0.20408599
4288,0.4066887167061294,0.5813790142242327,0.20408599
4288,0.4066887167061294,0.5800298209052973,0.20408599
4288,0.4066887167061294,0.5786719223392601,0.20408599
4288,0.4066887167061294,0.5773052247813821,0.20408599
4288,0.4066887167061294,0.5759296393854061,0.20408599
4288,0.4066887167061294,0.574545082546358,0.20408599
4288,0.4066887167061294,0.5731514762567781,0.20408599
4288,0.4066887167061294,0.5717487484750369,0.20408599
4288,0.4066887167061294,0.570336833504245,0.20408599
4288,0.4066887167061294,0.5689156723802231,0.20408599
4288,0.4066887167061294,0.5674852132667301,0.20408599
4288,0.4066887167061294,0.5660454118561421,0.20408599
4288,0.4066887167061294,0.5645962317735849,0.20408599
4288,0.4066887167061294,0.5631376449824433,0.20408599
4288,0.4066887167061294,0.5616696321890554,0.20408599
4288,0.4066887167061294,0.5601921832442981,0.20408599
4288,0.4066887167061294,0.5587052975397105,0.20408599
4288,0.4066887167061294,0.5572089843956908,0.20408599
4288,0.4066887167061294,0.5557032634392822,0.20408599
4288,0.4066887167061294,0.5541881649689313,0.20408599
4288,0.4066887167061294,0.5526637303036777,0.20408599
4288,0.4066887167061294,0.5511300121140713,0.20408599
4288,0.4066887167061294,0.5495870747322202,0.20408599
4288,0.4066887167061294,0.5480349944382487,0.20408599
4288,0.4066887167061294,0.5464738597205693,0.20408599
4288,0.4066887167061294,0.5449037715072984,0.20408599
4288,0.4066887167061294,0.543324843366249,0.20408599
4288,0.4066887167061294,0.5417372016709304,0.20408599
4288,0.4066887167061294,0.540140985730113,0.20408599
4288,0.4066887167061294,0.5385363478785198,0.20408599
4288,0.4066887167061294,0.5369234535263605,0.20408599
4288,0.4066887167061294,0.5353024811655016,0.20408599
4288,0.4066887167061294,0.5336736223301883,0.20408599
4288,0.4066887167061294,0.5320370815103803,0.20408599
4288,0.4066887167061294,0.5303930760158916,0.20408599
4288,0.4066887167061294,0.5287418357896962,0.20408599
4288,0.4066887167061294,0.5270836031689425,0.20408599
4288,0.4066887167061294,0.5254186325923739,0.20408599
4288,0.4066887167061294,0.5237471902530862,0.20408599
4288,0.4066887167061294,0.5220695536957192,0.20408599
4288,0.4066887167061294,0.5203860113574375,0.20408599
4288,0.4066887167061294,0.518696862052233,0.20408599
4288,0.4066887167061294,0.5170024143983464,0.20408599
4288,0.4066887167061294,0.5153029861888349,0.20408599
4288,0.4066887167061294,0.5135989037055756,0.20408599
4288,0.4066887167061294,0.511890500977187,0.20408599
4288,0.4066887167061294,0.5101781189816907,0.20408599
4288,0.4066887167061294,0.5084621047949266,0.20408599
4288,0.4066887167061294,0.5067428106860199,0.20408599
4288,0.4066887167061294,0.5050205931614565,0.20408599
4288,0.4066887167061294,0.5032958119595946,0.20408599
4288,0.4066887167061294,0.5015688289976596,0.20408599
4288,0.4066887167061294,0.4998400072735942,0.20408599
4288,0.4066887167061294,0.4981097097253005,0.20408599
4288,0.4066887167061294,0.49637829805013145,0.20408599
4288,0.4066887167061294,0.49464613148768616,0.20408599
4288,0.4066887167061294,0.4929135655692189,0.20408599
4288,0.4066887167061294,0.49118095083716123,0.20408599
4288,0.4066887167061294,0.4894486315385227,0.20408599
4288,0.4066887167061294,0.4877169442960777,0.20408599
4288,0.4066887167061294,0.48598621676148335,0.20408599
4288,0.4066887167061294,0.48425676625462033,0.20408599
4288,0.4066887167061294,0.482528898393625,0.20408599
4288,0.4066887167061294,0.48080290572022094,0.20408599
4288,0.4066887167061294,0.479079066325086,0.20408599
4288,0.4066887167061294,0.47735764247812607,0.20408599
4288,0.4066887167061294,0.47563887926856535,0.20408599
4288,0.4066887167061294,0.47392300325993164,0.20408599
4288,0.4066887167061294,0.47221022116498296,0.20408599
4288,0.4066887167061294,0.4705007185457024,0.20408599
4288,0.4066887167061294,0.4687946585435153,0.20408599
4288,0.4066887167061294,0.4670921806448608,0.20408599
4288,0.4066887167061294,0.46539339948722647,0.20408599
4288,0.4066887167061294,0.4636984037107279,0.20408599
4288,0.4066887167061294,0.46200725486024036,0.20408599
4288,0.4066887167061294,0.46031998634298327,0.20408599
4288,0.4066887167061294,0.4586366024464148,0.20408599
4288,0.4066887167061294,0.45695707742107444,0.20408599
4288,0.4066887167061294,0.45528135463295816,0.20408599
4288,0.4066887167061294,0.45360934578975226,0.20408599
4288,0.4066887167061294,0.45194093024516974,0.20408599
4288,0.4066887167061294,0.45027595438531,0.20408599
4288,0.4066887167061294,0.4486142311008255,0.20408599
4288,0.4066887167061294,0.44695553934841925,0.20408599
4288,0.4066887167061294,0.44529962380488797,0.20408599
4288,0.4066887167061294,0.44364619461672905,0.20408599
4288,0.4066887167061294,0.4419949272479797,0.20408599
4288,0.4066887167061294,0.44034546242867406,0.20408599
4288,0.4066887167061294,0.43869740620599135,0.20408599
4288,0.4066887167061294,0.43705033009983796,0.20408599
4288,0.4066887167061294,0.4354037713642684,0.20408599
4288,0.4066887167061294,0.4337572333557921,0.20408599
4288,0.4066887167061294,0.4321101860092751,0.20408599
4288,0.4066887167061294,0.4304620664217786,0.20408599
4288,0.4066887167061294,0.4288122795443069,0.20408599
4288,0.4066887167061294,0.427160198981067,0.20408599
4288,0.4066887167061294,0.42550516789548404,0.20408599
4288,0.4066887167061294,0.42384650002182156,0.20408599
4288,0.4066887167061294,0.42218348078091567,0.20408599
4288,0.4066887167061294,0.4205153684981281,0.20408599
4288,0.4066887167061294,0.4188413957212943,0.20408599
4288,0.4066887167061294,0.4171607706360613,0.20408599
4288,0.4066887167061294,0.41547267857566095,0.20408599
4288,0.4066887167061294,0.41377628362182495,0.20408599
4288,0.4066887167061294,0.41207073029322205,0.20408599
4288,0.4066887167061294,0.4103551453174472,0.20408599
4288,0.4066887167061294,0.4086286394823286,0.20408599
4288,0.4066887167061294,0.40689030956195515,0.20408599
4288,0.4066887167061294,0.4051392403126275,0.20408599
4288,0.4066887167061294,0.4033745065335799,0.20408599
4288,0.4066887167061294,0.4015951751871589,0.20408599
4288,0.4066887167061294,0.39980030757282586,0.20408599
4288,0.4066887167061294,0.3979889615492303,0.20408599
4288,0.4066887167061294,0.3961601937983143,0.20408599
4288,0.4066887167061294,0.39431306212531725,0.20408599
4288,0.4066887167061294,0.3924466277883479,0.20408599
4288,0.4066887167061294,0.3905599578510759,0.20408599
4288,0.4066887167061294,0.38865212755199774,0.20408599
4288,0.4066887167061294,0.3867222226836381,0.20408599
4288,0.4066887167061294,0.384769341974978,0.20408599
4288,0.4066887167061294,0.38279259947038985,0.20408599
4288,0.4066887167061294,0.38079112689831257,0.20408599
4288,0.4066887167061294,0.378764076022922,0.20408599
4288,0.4066887167061294,0.3767106209721079,0.20408599
4288,0.4066887167061294,0.37462996053506054,0.20408599
4288,0.4066887167061294,0.37252132042292246,0.20408599
4288,0.4066887167061294,0.37038395548600944,0.20408599
4288,0.4066887167061294,0.36821715188123055,0.20408599
4288,0.4066887167061294,0.3660202291835174,0.20408599
4288,0.4066887167061294,0.3637925424351853,0.20408599
4288,0.4066887167061294,0.3615334841273813,0.20408599
4288,0.4066887167061294,0.35924248610791915,0.20408599
4288,0.4066887167061294,0.35691902141011217,0.20408599
4288,0.4066887167061294,0.35456260599734324,0.20408599
4288,0.4066887167061294,0.35217280041846677,0.20408599
4288,0.4066887167061294,0.349749211369344,0.20408599
4288,0.4066887167061294,0.3472914931561326,0.20408599
4288,0.4066887167061294,0.34479934905623677,0.20408599
4288,0.4066887167061294,0.34227253257313794,0.20408599
4288,0.4066887167061294,0.3397108485816566,0.20408599
4288,0.4066887167061294,0.33711415436050673,0.20408599
4288,0.4066887167061294,0.33448236050938196,0.20408599
4288,0.4066887167061294,0.3318154317481217,0.20408599
4288,0.4066887167061294,0.32911338759586817,0.20408599
4288,0.4066887167061294,0.32637630292852304,0.20408599
4288,0.4066887167061294,0.3236043084131022,0.20408599
4288,0.4066887167061294,0.320797590818015,0.20408599
4288,0.4066887167061294,0.31795639319862784,0.20408599
4288,0.4066887167061294,0.31508101495782603,0.20408599
4288,0.4066887167061294,0.31217181178168496,0.20408599
4288,0.4066887167061294,0.3092291954506707,0.20408599
4288,0.4066887167061294,0.3062536335271963,0.20408599
4288,0.4066887167061294,0.3032456489206523,0.20408599
4288,0.4066887167061294,0.3002058193314228,0.20408599
4288,0.4066887167061294,0.29713477657568804,0.20408599
4288,0.4066887167061294,0.29403320579317527,0.20408599
4288,0.4066887167061294,0.29090184454029644,0.20408599
4288,0.4066887167061294,0.28774148177144504,0.20408599
4288,0.4066887167061294,0.2845529567115012,0.20408599
4288,0.4066887167061294,0.2813371576228735,0.20408599
4288,0.4066887167061294,0.2780950204706671,0.20408599
4288,0.4066887167061294,0.27482752748983125,0.20408599
4288,0.4066887167061294,0.2715357056583591,0.20408599
4288,0.4066887167061294,0.2682206250808481,0.20408599
4288,0.4066887167061294,0.2648833972869165,0.20408599
4288,0.4066887167061294,0.2615251734491791,0.20408599
4288,0.4066887167061294,0.2581471425256404,0.20408599
4288,0.4066887167061294,0.25475052933152814,0.20408599
4288,0.4066887167061294,0.25133659254572127,0.20408599
4288,0.4066887167061294,0.2479066226570425,0.20408599
4288,0.4066887167061294,0.2444619398558133,0.20408599
4288,0.4066887167061294,0.24100389187610144,0.20408599
4288,0.4066887167061294,0.23753385179421713,0.20408599
4288,0.4066887167061294,0.2340532157890242,0.20408599
4288,0.4066887167061294,0.2305634008696758,0.20408599
4288,0.4066887167061294,0.22706584257640927,0.20408599
4288,0.4066887167061294,0.22356199265999882,0.20408599
4288,0.4066887167061294,0.22005331674551326,0.20408599
4288,0.4066887167061294,0.2165412919858997,0.20408599
4288,0.4066887167061294,0.2130274047109505,0.20408599
4288,0.4066887167061294,0.20951314807709198,0.20408599
4288,0.4066887167061294,0.2060000197233636,0.20408599
4288,0.4066887167061294,0.20248951943888502,0.20408599
4288,0.4066887167061294,0.1989831468469638,0.20408599
4288,0.4066887167061294,0.19548239911089904,0.20408599
4288,0.4066887167061294,0.19198876866641318,0.20408599
4288,0.4066887167061294,0.18850374098545492,0.20408599
4288,0.4066887167061294,0.18502879237601397,0.20408599
4288,0.4066887167061294,0.1815653878223854,0.20408599
4288,0.4066887167061294,0.17811497887016076,0.20408599
4288,0.4066887167061294,0.17467900156003519,0.20408599
4288,0.4066887167061294,0.17125887441432047,0.20408599
4288,0.4066887167061294,0.16785599647987617,0.20408599
4288,0.4066887167061294,0.16447174543093748,0.20408599
4288,0.4066887167061294,0.16110747573512324,0.20408599
4288,0.4066887167061294,0.15776451688568638,0.20408599
4288,0.4066887167061294,0.15444417170285574,0.20408599
4288,0.4066887167061294,0.1511477147068763,0.20408599
4288,0.4066887167061294,0.1478763905651494,0.20408599
4288,0.4066887167061294,0.1446314126156312,0.20408599
4288,0.4066887167061294,0.1414139614684275,0.20408599
4288,0.4066887167061294,0.13822518368728387,0.20408599
4288,0.4066887167061294,0.13506619055244767,0.20408599
4288,0.4066887167061294,0.13193805690615265,0.20408599
4288,0.4066887167061294,0.1288418200817352,0.20408599
4288,0.4066887167061294,0.1257784789171829,0.20408599
4288,0.4066887167061294,0.12274899285368356,0.20408599
4288,0.4066887167061294,0.11975428111953365,0.20408599
4288,0.4066887167061294,0.11679522199953646,0.20408599
4288,0.4066887167061294,0.11387265218982412,0.20408599
4288,0.4066887167061294,0.11098736623782583,0.20408599
4288,0.4066887167061294,0.10814011606690535,0.20408599
4288,0.4066887167061294,0.10533161058499743,0.20408599
4288,0.4066887167061294,0.10256251537638808,0.20408599
4288,0.4066887167061294,0.09983345247559862,0.20408599
4288,0.4066887167061294,0.0971450002221599,0.20408599
4288,0.4066887167061294,0.09449769319490466,0.20408599
4288,0.4066887167061294,0.09189202222423214,0.20408599
4288,0.4066887167061294,0.08932843448066703,0.20408599
4288,0.4066887167061294,0.08680733363787516,0.20408599
4288,0.4066887167061294,0.0843290801081704,0.20408599
4288,0.4066887167061294,0.08189399134842681,0.20408599
4288,0.4066887167061294,0.07950234223418551,0.20408599
4288,0.4066887167061294,0.07715436549963552,0.20408599
4288,0.4066887167061294,0.07485025224105611,0.20408599
4288,0.4066887167061294,0.0725901524812077,0.20408599
4288,0.4066887167061294,0.07037417579208641,0.20408599
4288,0.4066887167061294,0.06820239197337019,0.20408599
4288,0.4066887167061294,0.06607483178383437,0.20408599
4288,0.4066887167061294,0.06399148772294783,0.20408599
4288,0.4066887167061294,0.061952314859819155,0.20408599
4288,0.4066887167061294,0.05995723170662048,0.20408599
4288,0.4066887167061294,0.058006121133587864,0.20408599
4288,0.4066887167061294,0.056098831322677074,0.20408599
4288,0.4066887167061294,0.05423517675693568,0.20408599
4288,0.4066887167061294,0.05241493924264529,0.20408599
4288,0.4066887167061294,0.050637868961299765,0.20408599
4288,0.4066887167061294,0.048903685548482886,0.20408599
4288,0.4066887167061294,0.04721207919672964,0.20408599
4288,0.4066887167061294,0.045562711779482325,0.20408599
4288,0.4066887167061294,0.04395521799327932,0.20408599
4288,0.4066887167061294,0.042389206515351704,0.20408599
4288,0.4066887167061294,0.04086426117384963,0.20408599
4288,0.4066887167061294,0.03937994212796406,0.20408599
4288,0.4066887167061294,0.03793578705527009,0.20408599
4288,0.4066887167061294,0.03653131234367363,0.20408599
4288,0.4066887167061294,0.03516601428541193,0.20408599
4288,0.4066887167061294,0.033839370270625266,0.20408599
4288,0.4066887167061294,0.032550839978095186,0.20408599
4288,0.4066887167061294,0.03129986656081943,0.20408599
4288,0.4066887167061294,0.030085877824174427,0.20408599
4288,0.4066887167061294,0.028908287394512035,0.20408599
4288,0.4066887167061294,0.027766495876108604,0.20408599
4288,0.4066887167061294,0.026659891994491206,0.20408599
4288,0.4066887167061294,0.02558785372425044,0.20408599
4288,0.4066887167061294,0.024549749399547516,0.20408599
4288,0.4066887167061294,0.02354493880562033,0.20408599
4288,0.4066887167061294,0.022572774249691792,0.20408599
4288,0.4066887167061294,0.02163260160978294,0.20408599
4288,0.4066887167061294,0.02072376136003411,0.20408599
4288,0.4066887167061294,0.019845589571237623,0.20408599
4288,0.4066887167061294,0.018997418885388178,0.20408599
4288,0.4066887167061294,0.018178579463153866,0.20408599
4288,0.4066887167061294,0.01738839990327807,0.20408599
4288,0.4066887167061294,0.016626208133012358,0.20408599
4288,0.4066887167061294,0.015891332268789075,0.20408599
4288,0.4066887167061294,0.015183101446433893,0.20408599
4288,0.4066887167061294,0.014500846620314459,0.20408599
4288,0.4066887167061294,0.013843901330920085,0.20408599
4288,0.4066887167061294,0.013211602440452464,0.20408599
4288,0.4066887167061294,0.012603290836107256,0.20408599
4288,0.4066887167061294,0.01201831210080437,0.20408599
4288,0.4066887167061294,0.01145601715121727,0.20408599
4288,0.4066887167061294,0.010915762843031895,0.20408599
4288,0.4066887167061294,0.010396912543445264,0.20408599
4288,0.4066887167061294,0.009898836670992534,0.20408599
4288,0.4066887167061294,0.009420913202863852,0.20408599
4288,0.4066887167061294,0.008962528149943645,0.20408599
4288,0.4066887167061294,0.008523075999874438,0.20408599
4288,0.4066887167061294,0.008101960128506855,0.20408599
4288,0.4066887167061294,0.007698593180164007,0.20408599
4288,0.4066887167061294,0.007312397417202338,0.20408599
4288,0.4066887167061294,0.006942805039404635,0.20408599
4288,0.4066887167061294,0.006589258473793926,0.20408599
4288,0.4066887167061294,0.006251210635499771,0.20408599
4288,0.4066887167061294,0.00592812516035647,0.20408599
4288,0.4066887167061294,0.0056194766099473175,0.20408599
4288,0.4066887167061294,0.005324750649848751,0.20408599
4288,0.4066887167061294,0.005043444201858837,0.20408599
4288,0.4066887167061294,0.004775065571024555,0.20408599
4288,0.4066887167061294,0.004519134548307303,0.20408599
4288,0.4066887167061294,0.004275182489748776,0.20408599
4288,0.4066887167061294,0.004042752373017802,0.20408599
4288,0.4066887167061294,0.0038213988322356148,0.20408599
4288,0.4066887167061294,0.00361068817198752,0.20408599
4288,0.4066887167061294,0.0034101983614407824,0.20408599
4288,0.4066887167061294,0.003219519009493884,0.20408599
4288,0.4066887167061294,0.003038251321885855,0.20408599
4288,0.4066887167061294,0.0028660080411962397,0.20408599
4288,0.4066887167061294,0.002702413370664064,0.20408599
4288,0.4066887167061294,0.0025471028827502573,0.20408599
4288,0.4066887167061294,0.002399723413361394,0.20408599
4288,0.4066887167061294,0.002259932942644059,0.20408599
4288,0.4066887167061294,0.0021274004632481393,0.20408599
4288,0.4066887167061294,0.002001805836944419,0.20408599
4288,0.4066887167061294,0.0018828396404674593,0.20408599
4288,0.4066887167061294,0.0017702030014378296,0.20408599
4288,0.4066887167061294,0.001663607425200103,0.20408599
4288,0.4066887167061294,0.0015627746133935008,0.20408599
4288,0.4066887167061294,0.0014674362750506256,0.20408599
4288,0.4066887167061294,0.0013773339309986318,0.20408599
4288,0.4066887167061294,0.001292218712313342,0.20408599
4288,0.4066887167061294,0.0012118511535527986,0.20408599
4288,0.4066887167061294,0.0011360009814721432,0.20408599
4288,0.4066887167061294,0.0010644468998958025,0.20408599
4288,0.4066887167061294,0.0009969763713968693,0.20408599
4288,0.4066887167061294,0.0009333853964068068,0.20408599
4288,0.4066887167061294,0.0008734782903516139,0.20408599
4288,0.4066887167061294,0.0008170674593831898,0.20408599
4288,0.4066887167061294,0.0007639731752471863,0.20408599
4288,0.4066887167061294,0.0007140233498010955,0.20408599
4288,0.4066887167061294,0.0006670533096687024,0.20408599
4288,0.4066887167061294,0.0006229055714898374,0.20408599
4288,0.4066887167061294,0.0005814296181968647,0.20408599
4288,0.4066887167061294,0.0005424816767225698,0.20408599
4288,0.4066887167061294,0.0005059244975175653,0.20408599
4288,0.4066887167061294,0.00047162713622905035,0.20408599
4288,0.4066887167061294,0.00043946473786705183,0.20408599
4288,0.4066887167061294,0.0004093183237591367,0.20408599
4288,0.4066887167061294,0.00038107458157012915,0.20408599
4288,0.4066887167061294,0.00035462565863913565,0.20408599
4288,0.4066887167061294,0.00032986895886317135,0.20408599
4288,0.4066887167061294,0.0003067069433339622,0.20408599
4288,0.4066887167061294,0.0002850469349127335,0.20408599
4288,0.4066887167061294,0.0002648009269067306,0.20408599
4288,0.4066887167061294,0.000245885395990969,0.20408599
4288,0.4066887167061294,0.000228221119499247,0.20408599
4288,0.4066887167061294,0.00021173299718992852,0.20408599
4288,0.4066887167061294,0.00019634987757407324,0.20408599
4288,0.4066887167061294,0.0001820043888767734,0.20408599
4288,0.4066887167061294,0.0001686327746863082,0.20408599
4288,0.4066887167061294,0.00015617473433065428,0.20408599
4288,0.4066887167061294,0.0001445732680064136,0.20408599
4288,0.4066887167061294,0.00013377452667175398,0.20408599
4288,0.4066887167061294,0.00012372766670231257,0.20408599
4288,0.4066887167061294,0.00011438470929704346,0.20408599
4288,0.4066887167061294,0.00010570040461004768,0.20408599
4288,0.4066887167061294,9.76321005741108e-05,0.20408599
4288,0.4066887167061294,9.013961637221555e-05,0.20408599
4288,0.4066887167061294,8.3185120504582e-05,0.20408599
4288,0.4066887167061294,7.673301339080231e-05,0.20408599
4288,0.4066887167061294,7.074981443936886e-05,0.20408599
4288,0.4066887167061294,6.520405351034952e-05,0.20408599
4288,0.4066887167061294,6.006616669100268e-05,0.20408599
4288,0.4066887167061294,5.530839629892788e-05,0.20408599
4288,0.4066887167061294,5.09046950226417e-05,0.20408599
4288,0.4066887167061294,4.683063410544966e-05,0.20408599
4288,0.4066887167061294,4.306331547495657e-05,0.20408599
4288,0.4066887167061294,3.9581287717604894e-05,0.20408599
4288,0.4066887167061294,3.636446579518884e-05,0.20408599
4288,0.4066887167061294,3.339405439827745e-05,0.20408599
4288,0.4066887167061294,3.065247482998544e-05,0.20408599
4288,0.4066887167061294,2.8123295312410706e-05,0.20408599
4288,0.4066887167061294,2.5791164607358144e-05,0.20408599
4288,0.4066887167061294,2.364174884263393e-05,0.20408599
4288,0.4066887167061294,2.1661671435207067e-05,0.20408599
4288,0.4066887167061294,1.9838456002864726e-05,0.20408599
4288,0.4066887167061294,1.8160472156621366e-05,0.20408599
4288,0.4066887167061294,1.661688406702449e-05,0.20408599
4288,0.4066887167061294,1.5197601698664355e-05,0.20408599
4288,0.4066887167061294,1.389323460855384e-05,0.20408599
4288,0.4066887167061294,1.2695048205619294e-05,0.20408599
4288,0.4066887167061294,1.159492237030841e-05,0.20408599
4288,0.4066887167061294,1.0585312335230873e-05,0.20408599
4288,0.4066887167061294,9.659211729823788e-06,0.20408599
4288,0.4066887167061294,8.810117694210157e-06,0.20408599
4288,0.4066887167061294,8.031997969727171e-06,0.20408599
4288,0.4066887167061294,7.31925987598577e-06,0.20408599
4288,0.4066887167061294,6.6667210867910065e-06,0.20408599
4288,0.4066887167061294,6.0695821197820904e-06,0.20408599
4288,0.4066887167061294,5.523400457228099e-06,0.20408599
4288,0.4066887167061294,5.02406621802888e-06,0.20408599
4288,0.4066887167061294,4.5677793036105495e-06,0.20408599
4288,0.4066887167061294,4.151027943051863e-06,0.20408599
4288,0.4066887167061294,3.7705685654372326e-06,0.20408599
4288,0.4066887167061294,3.4234069300771965e-06,0.20408599
4288,0.4066887167061294,3.1067804478712208e-06,0.20408599
4288,0.4066887167061294,2.818141629699262e-06,0.20408599
4288,0.4066887167061294,2.5551426003109304e-06,0.20408599
4288,0.4066887167061294,2.3156206187264938e-06,0.20408599
4288,0.4066887167061294,2.097584548668129e-06,0.20408599
4288,0.4066887167061294,1.8992022249994815e-06,0.20408599
4288,0.4066887167061294,1.7187886645579875e-06,0.20408599
4588,0.7815807611052391,2.067087644126626,0.44984835
4588,0.7815807611052391,2.070371541268819,0.44984835
4588,0.7815807611052391,2.0733827772873714,0.44984835
4588,0.7815807611052391,2.076120489096415,0.44984835
4588,0.7815807611052391,2.0785839295765074,0.44984835
4588,0.7815807611052391,2.080772467999618,0.44984835
4588,0.7815807611052391,2.082685590370929,0.44984835
4588,0.7815807611052391,2.0843228996872805,0.44984835
4588,0.7815807611052391,2.0856841161119406,0.44984835
4588,0.7815807611052391,2.086769077065731,0.44984835
4588,0.7815807611052391,2.0875777372343762,0.44984835
4588,0.7815807611052391,2.0881101684921375,0.44984835
4588,0.7815807611052391,2.0883665597419867,0.44984835
4588,0.7815807611052391,2.088347216672427,0.44984835
4588,0.7815807611052391,2.0880525614313044,0.44984835
4588,0.7815807611052391,2.087483132217088,0.44984835
4588,0.7815807611052391,2.0866395827879236,0.44984835
4588,0.7815807611052391,2.085522681889195,0.44984835
4588,0.7815807611052391,2.0841333126001587,0.44984835
4588,0.7815807611052391,2.0824724716002967,0.44984835
4588,0.7815807611052391,2.0805412683563542,0.44984835
4588,0.7815807611052391,2.078340924230802,0.44984835
4588,0.7815807611052391,2.0758727715126724,0.44984835
4588,0.7815807611052391,2.0731382523719395,0.44984835
4588,0.7815807611052391,2.0701389177383667,0.44984835
4588,0.7815807611052391,2.0668764261061154,0.44984835
4588,0.7815807611052391,2.0633525422653327,0.44984835
4588,0.7815807611052391,2.0595691359620067,0.44984835
4588,0.7815807611052391,2.0555281804875114,0.44984835
4588,0.7815807611052391,2.0512317511992437,0.44984835
4588,0.7815807611052391,2.0466820239739554,0.44984835
4588,0.7815807611052391,2.041881273595199,0.44984835
4588,0.7815807611052391,2.0368318720766987,0.44984835
4588,0.7815807611052391,2.031536286923255,0.44984835
4588,0.7815807611052391,2.025997079330883,0.44984835
4588,0.7815807611052391,2.020216902328054,0.44984835
4588,0.7815807611052391,2.014198498859949,0.44984835
4588,0.7815807611052391,2.007944699817447,0.44984835
4588,0.7815807611052391,2.001458422012987,0.44984835
4588,0.7815807611052391,1.994742666105188,0.44984835
4588,0.7815807611052391,1.9878005144742898,0.44984835
4588,0.7815807611052391,1.9806351290504658,0.44984835
4588,0.7815807611052391,1.9732497490971908,0.44984835
4588,0.7815807611052391,1.965647688951672,0.44984835
4588,0.7815807611052391,1.9578323357246696,0.44984835
4588,0.7815807611052391,1.9498071469618192,0.44984835
4588,0.7815807611052391,1.9415756482686382,0.44984835
4588,0.7815807611052391,1.933141430901663,0.44984835
4588,0.7815807611052391,1.9245081493277003,0.44984835
4588,0.7815807611052391,1.9156795187537388,0.44984835
4588,0.7815807611052391,1.9066593126296922,0.44984835
4588,0.7815807611052391,1.8974513601263086,0.44984835
4588,0.7815807611052391,1.888059543590602,0.44984835
4588,0.7815807611052391,1.8784877959810857,0.44984835
4588,0.7815807611052391,1.8687400982851898,0.44984835
4588,0.7815807611052391,1.8588204769211822,0.44984835
4588,0.7815807611052391,1.848733001126938,0.44984835
4588,0.7815807611052391,1.8384817803378255,0.44984835
4588,0.7815807611052391,1.8280709615561477,0.44984835
4588,0.7815807611052391,1.8175047267143658,0.44984835
4588,0.7815807611052391,1.8067872900344102,0.44984835
4588,0.7815807611052391,1.795922895385396,0.44984835
4588,0.7815807611052391,1.7849158136420256,0.44984835
4588,0.7815807611052391,1.7737703400459164,0.44984835
4588,0.7815807611052391,1.7624907915719854,0.44984835
4588,0.7815807611052391,1.7510815043023202,0.44984835
4588,0.7815807611052391,1.739546830809477,0.44984835
4588,0.7815807611052391,1.7278911375514916,0.44984835
4588,0.7815807611052391,1.7161188022806988,0.44984835
4588,0.7815807611052391,1.7042342114684008,0.44984835
4588,0.7815807611052391,1.6922417577475235,0.44984835
4588,0.7815807611052391,1.6801458373751295,0.44984835
4588,0.7815807611052391,1.6679508477169689,0.44984835
4588,0.7815807611052391,1.6556611847557623,0.44984835
4588,0.7815807611052391,1.6432812406252848,0.44984835
4588,0.7815807611052391,1.6308154011720326,0.44984835
4588,0.7815807611052391,1.6182680435462622,0.44984835
4588,0.7815807611052391,1.6056435338241575,0.44984835
4588,0.7815807611052391,1.592946224662825,0.44984835
4588,0.7815807611052391,1.5801804529898256,0.44984835
4588,0.7815807611052391,1.5673505377286845,0.44984835
4588,0.7815807611052391,1.5544607775621602,0.44984835
4588,0.7815807611052391,1.5415154487344964,0.44984835
4588,0.7815807611052391,1.5285188028943382,0.44984835
4588,0.7815807611052391,1.5154750649794977,0.44984835
4588,0.7815807611052391,1.5023884311450266,0.44984835
4588,0.7815807611052391,1.4892630667357518,0.44984835
4588,0.7815807611052391,1.4761031043045598,0.44984835
4588,0.7815807611052391,1.4629126416775045,0.44984835
4588,0.7815807611052391,1.4496957400669062,0.44984835
4588,0.7815807611052391,1.4364564222333316,0.44984835
4588,0.7815807611052391,1.4231986706975723,0.44984835
4588,0.7815807611052391,1.4099264260033761,0.44984835
4588,0.7815807611052391,1.396643585031878,0.44984835
4588,0.7815807611052391,1.3833539993684334,0.44984835
4588,0.7815807611052391,1.3700614737225898,0.44984835
4588,0.7815807611052391,1.356769764401846,0.44984835
4588,0.7815807611052391,1.3434825778398163,0.44984835
4588,0.7815807611052391,1.3302035691792418,0.44984835
4588,0.7815807611052391,1.316936340910409,0.44984835
4588,0.7815807611052391,1.3036844415653313,0.44984835
4588,0.7815807611052391,1.2904513644680082,0.44984835
4588,0.7815807611052391,1.2772405465410965,0.44984835
4588,0.7815807611052391,1.2640553671692014,0.44984835
4588,0.7815807611052391,1.2508991471189042,0.44984835
4588,0.7815807611052391,1.2377751475156975,0.44984835
4588,0.7815807611052391,1.2246865688777924,0.44984835
4588,0.7815807611052391,1.211636550206894,0.44984835
4588,0.7815807611052391,1.1986281681357427,0.44984835
4588,0.7815807611052391,1.1856644361324038,0.44984835
4588,0.7815807611052391,1.1727483037610857,0.44984835
4588,0.7815807611052391,1.1598826559992281,0.44984835
4588,0.7815807611052391,1.147070312610642,0.44984835
4588,0.7815807611052391,1.1343140275742971,0.44984835
4588,0.7815807611052391,1.1216164885683835,0.44984835
4588,0.7815807611052391,1.1089803165092804,0.44984835
4588,0.7815807611052391,1.0964080651448331,0.44984835
4588,0.7815807611052391,1.083902220701515,0.44984835
4588,0.7815807611052391,1.0714652015848312,0.44984835
4588,0.7815807611052391,1.0590993581323895,0.44984835
4588,0.7815807611052391,1.0468069724189313,0.44984835
4588,0.7815807611052391,1.034590258112708,0.44984835
4588,0.7815807611052391,1.022451360382335,0.44984835
4588,0.7815807611052391,1.010392355853474,0.44984835
4588,0.7815807611052391,0.9984152526144451,0.44984835
4588,0.7815807611052391,0.9865219902699718,0.44984835
4588,0.7815807611052391,0.9747144400421264,0.44984835
4588,0.7815807611052391,0.9629944049176415,0.44984835
4588,0.7815807611052391,0.9513636198405166,0.44984835
4588,0.7815807611052391,0.9398237519491416,0.44984835
4588,0.7815807611052391,0.9283764008567129,0.44984835
4588,0.7815807611052391,0.9170230989741367,0.44984835
4588,0.7815807611052391,0.9057653118741923,0.44984835
4588,0.7815807611052391,0.894604438696019,0.44984835
4588,0.7815807611052391,0.8835418125887721,0.44984835
4588,0.7815807611052391,0.8725787011933517,0.44984835
4588,0.7815807611052391,0.8617163071611216,0.44984835
4588,0.7815807611052391,0.8509557687083862,0.44984835
4588,0.7815807611052391,0.8402981602055944,0.44984835
4588,0.7815807611052391,0.8297444928000193,0.44984835
4588,0.7815807611052391,0.8192957150707508,0.44984835
4588,0.7815807611052391,0.8089527137148709,0.44984835
4588,0.7815807611052391,0.7987163142635288,0.44984835
4588,0.7815807611052391,0.7885872818268274,0.44984835
4588,0.7815807611052391,0.7785663218661975,0.44984835
4588,0.7815807611052391,0.76865408099319,0.44984835
4588,0.7815807611052391,0.7588511477933366,0.44984835
4588,0.7815807611052391,0.7491580536739894,0.44984835
4588,0.7815807611052391,0.7395752737348675,0.44984835
4588,0.7815807611052391,0.7301032276601167,0.44984835
4588,0.7815807611052391,0.7207422806307251,0.44984835
4588,0.7815807611052391,0.7114927442560042,0.44984835
4588,0.7815807611052391,0.7023548775230698,0.44984835
4588,0.7815807611052391,0.6933288877630399,0.44984835
4588,0.7815807611052391,0.6844149316328154,0.44984835
4588,0.7815807611052391,0.6756131161113064,0.44984835
4588,0.7815807611052391,0.6669234995088902,0.44984835
4588,0.7815807611052391,0.6583460924890272,0.44984835
4588,0.7815807611052391,0.6498808591008615,0.44984835
4588,0.7815807611052391,0.6415277178216989,0.44984835
4588,0.7815807611052391,0.6332865426083051,0.44984835
4588,0.7815807611052391,0.625157163955875,0.44984835
4588,0.7815807611052391,0.6171393699636654,0.44984835
4588,0.7815807611052391,0.6092329074062124,0.44984835
4588,0.7815807611052391,0.6014374828091082,0.44984835
4588,0.7815807611052391,0.5937527635283484,0.44984835
4588,0.7815807611052391,0.5861783788322144,0.44984835
4588,0.7815807611052391,0.5787139209847717,0.44984835
4588,0.7815807611052391,0.571358946329988,0.44984835
4588,0.7815807611052391,0.5641129763755919,0.44984835
4588,0.7815807611052391,0.5569754988757292,0.44984835
4588,0.7815807611052391,0.5499459689115221,0.44984835
4588,0.7815807611052391,0.5430238099687447,0.44984835
4588,0.7815807611052391,0.5362084150116789,0.44984835
4588,0.7815807611052391,0.5294991475524338,0.44984835
4588,0.7815807611052391,0.5228953427148626,0.44984835
4588,0.7815807611052391,0.5163963082923642,0.44984835
4588,0.7815807611052391,0.5100013257988087,0.44984835
4588,0.7815807611052391,0.5037096515118904,0.44984835
4588,0.7815807611052391,0.4975205175081875,0.44984835
4588,0.7815807611052391,0.4914331326893129,0.44984835
4588,0.7815807611052391,0.4854466837984658,0.44984835
4588,0.7815807611052391,0.4795603364268319,0.44984835
4588,0.7815807611052391,0.47377323600918214,0.44984835
4588,0.7815807611052391,0.46808450880816327,0.44984835
4588,0.7815807611052391,0.46249326288671694,0.44984835
4588,0.7815807611052391,0.4569985890681163,0.44984835
4588,0.7815807611052391,0.45159956188316186,0.44984835
4588,0.7815807611052391,0.4462952405040425,0.44984835
4588,0.7815807611052391,0.4410846696644547,0.44984835
4588,0.7815807611052391,0.4359668805655672,0.44984835
4588,0.7815807611052391,0.4309408917674285,0.44984835
4588,0.7815807611052391,0.42600571006548504,0.44984835
4588,0.7815807611052391,0.42116033135185665,0.44984835
4588,0.7815807611052391,0.4164037414610718,0.44984835
4588,0.7815807611052391,0.4117349169999511,0.44984835
4588,0.7815807611052391,0.4071528261614086,0.44984835
4588,0.7815807611052391,0.4026564295219078,0.44984835
4588,0.7815807611052391,0.39824468082235587,0.44984835
4588,0.7815807611052391,0.39391652773224517,0.44984835
4588,0.7815807611052391,0.3896709125968786,0.44984835
4588,0.7815807611052391,0.3855067731674925,0.44984835
4588,0.7815807611052391,0.38142304331419513,0.44984835
4588,0.7815807611052391,0.37741865372155764,0.44984835
4588,0.7815807611052391,0.3734925325668077,0.44984835
4588,0.7815807611052391,0.36964360618053554,0.44984835
4588,0.7815807611052391,0.36587079968986785,0.44984835
4588,0.7815807611052391,0.36217303764405656,0.44984835
4588,0.7815807611052391,0.358549244622504,0.44984835
4588,0.7815807611052391,0.35499834582519774,0.44984835
4588,0.7815807611052391,0.3515192676455806,0.44984835
4588,0.7815807611052391,0.3481109382259036,0.44984835
4588,0.7815807611052391,0.3447722879950911,0.44984835
4588,0.7815807611052391,0.3415022501892251,0.44984835
4588,0.7815807611052391,0.33829976135468415,0.44984835
4588,0.7815807611052391,0.3351637618340703,0.44984835
4588,0.7815807611052391,0.33209319623502365,0.44984835
4588,0.7815807611052391,0.3290870138820391,0.44984835
4588,0.7815807611052391,0.32614416925144707,0.44984835
4588,0.7815807611052391,0.32326362238968087,0.44984835
4588,0.7815807611052391,0.32044433931500566,0.44984835
4588,0.7815807611052391,0.31768529240289645,0.44984835
4588,0.7815807611052391,0.31498546075520417,0.44984835
4588,0.7815807611052391,0.31234383055336684,0.44984835
4588,0.7815807611052391,0.3097593953958058,0.44984835
4588,0.7815807611052391,0.30723115661975914,0.44984835
4588,0.7815807611052391,0.3047581236077634,0.44984835
4588,0.7815807611052391,0.3023393140790059,0.44984835
4588,0.7815807611052391,0.2999737543657934,0.44984835
4588,0.7815807611052391,0.2976604796753603,0.44984835
4588,0.7815807611052391,0.29539853433730445,0.44984835
4588,0.7815807611052391,0.2931869720368601,0.44984835
4588,0.7815807611052391,0.29102485603430844,0.44984835
4588,0.7815807611052391,0.28891125937075685,0.44984835
4588,0.7815807611052391,0.2868452650605982,0.44984835
4588,0.7815807611052391,0.2848259662708814,0.44984835
4588,0.7815807611052391,0.28285246648791024,0.44984835
4588,0.7815807611052391,0.28092387967131977,0.44984835
4588,0.7815807611052391,0.27903933039594986,0.44984835
4588,0.7815807611052391,0.27719795398176045,0.44984835
4588,0.7815807611052391,0.27539889661212597,0.44984835
4588,0.7815807611052391,0.273641315440751,0.44984835
4588,0.7815807611052391,0.2719243786875441,0.44984835
4588,0.7815807611052391,0.27024726572371255,0.44984835
4588,0.7815807611052391,0.2686091671463739,0.44984835
4588,0.7815807611052391,0.26700928484300374,0.44984835
4588,0.7815807611052391,0.2654468320459721,0.44984835
4588,0.7815807611052391,0.26392103337750694,0.44984835
4588,0.7815807611052391,0.26243112488533515,0.44984835
4588,0.7815807611052391,0.26097635406932734,0.44984835
4588,0.7815807611052391,0.25955597989940343,0.44984835
4588,0.7815807611052391,0.2581692728250253,0.44984835
4588,0.7815807611052391,0.2568155147765191,0.44984835
4588,0.7815807611052391,0.2554939991585579,0.44984835
4588,0.7815807611052391,0.2542040308360405,0.44984835
4588,0.7815807611052391,0.2529449261126867,0.44984835
4588,0.7815807611052391,0.2517160127025947,0.44984835
4588,0.7815807611052391,0.25051662969505367,0.44984835
4588,0.7815807611052391,0.24934612751286825,0.44984835
4588,0.7815807611052391,0.24820386786447504,0.44984835
4588,0.7815807611052391,0.24708922369009825,0.44984835
4588,0.7815807611052391,0.2460015791022169,0.44984835
4588,0.7815807611052391,0.24494032932060106,0.44984835
4588,0.7815807611052391,0.24390488060214977,0.44984835
4588,0.7815807611052391,0.24289465016579878,0.44984835
4588,0.7815807611052391,0.2419090661127324,0.44984835
4588,0.7815807611052391,0.24094756734213735,0.44984835
4588,0.7815807611052391,0.24000960346273373,0.44984835
4588,0.7815807611052391,0.23909463470031236,0.44984835
4588,0.7815807611052391,0.23820213180151123,0.44984835
4588,0.7815807611052391,0.23733157593402882,0.44984835
4588,0.7815807611052391,0.23648245858352587,0.44984835
4588,0.7815807611052391,0.2356542814473846,0.44984835
4588,0.7815807611052391,0.23484655632556664,0.44984835
4588,0.7815807611052391,0.23405880500875043,0.44984835
4588,0.7815807611052391,0.2332905591639472,0.44984835
4588,0.7815807611052391,0.2325413602177847,0.44984835
4588,0.7815807611052391,0.231810759237659,0.44984835
4588,0.7815807611052391,0.23109831681091483,0.44984835
4588,0.7815807611052391,0.23040360292223477,0.44984835
4588,0.7815807611052391,0.22972619682942375,0.44984835
4588,0.7815807611052391,0.22906568693773294,0.44984835
4588,0.7815807611052391,0.22842167067289312,0.44984835
4588,0.7815807611052391,0.22779375435302202,0.44984835
4588,0.7815807611052391,0.22718155305953922,0.44984835
4588,0.7815807611052391,0.22658469050723679,0.44984835
4588,0.7815807611052391,0.22600279891367198,0.44984835
4588,0.7815807611052391,0.22543551886797103,0.44984835
4588,0.7815807611052391,0.22488249919922637,0.44984835
4588,0.7815807611052391,0.22434339684457083,0.44984835
4588,0.7815807611052391,0.22381787671707756,0.44984835
4588,0.7815807611052391,0.22330561157358958,0.44984835
4588,0.7815807611052391,0.22280628188260085,0.44984835
4588,0.7815807611052391,0.2223195756922787,0.44984835
4588,0.7815807611052391,0.22184518849875665,0.44984835
4588,0.7815807611052391,0.22138282311476984,0.44984835
4588,0.7815807611052391,0.22093218953875304,0.44984835
4588,0.7815807611052391,0.22049300482446552,0.44984835
4588,0.7815807611052391,0.2200649929512516,0.44984835
4588,0.7815807611052391,0.21964788469500135,0.44984835
4588,0.7815807611052391,0.21924141749990242,0.44984835
4588,0.7815807611052391,0.21884533535105277,0.44984835
4588,0.7815807611052391,0.21845938864798867,0.44984835
4588,0.7815807611052391,0.21808333407922603,0.44984835
4588,0.7815807611052391,0.21771693449784651,0.44984835
4588,0.7815807611052391,0.21735995879820652,0.44984835
4588,0.7815807611052391,0.2170121817938142,0.44984835
4588,0.7815807611052391,0.21667338409642795,0.44984835
4588,0.7815807611052391,0.2163433519964311,0.44984835
4588,0.7815807611052391,0.2160218773445168,0.44984835
4588,0.7815807611052391,0.21570875743474352,0.44984835
4588,0.7815807611052391,0.215403794888966,0.44984835
4588,0.7815807611052391,0.21510679754271786,0.44984835
4588,0.7815807611052391,0.21481757833254872,0.44984835
4588,0.7815807611052391,0.21453595518486407,0.44984835
4588,0.7815807611052391,0.21426175090627247,0.44984835
4588,0.7815807611052391,0.21399479307549776,0.44984835
4588,0.7815807611052391,0.2137349139368411,0.44984835
4588,0.7815807611052391,0.2134819502952417,0.44984835
4588,0.7815807611052391,0.21323574341293539,0.44984835
4588,0.7815807611052391,0.21299613890773028,0.44984835
4588,0.7815807611052391,0.21276298665291574,0.44984835
4588,0.7815807611052391,0.21253614067880663,0.44984835
4588,0.7815807611052391,0.2123154590759367,0.44984835
4588,0.7815807611052391,0.2121008038999056,0.44984835
4588,0.7815807611052391,0.2118920410778783,0.44984835
4588,0.7815807611052391,0.21168904031674668,0.44984835
4588,0.7815807611052391,0.21149167501294835,0.44984835
4588,0.7815807611052391,0.21129982216393664,0.44984835
4588,0.7815807611052391,0.21111336228131428,0.44984835
4588,0.7815807611052391,0.2109321793055999,0.44984835
4588,0.7815807611052391,0.2107561605226478,0.44984835
4588,0.7815807611052391,0.21058519648169707,0.44984835
4588,0.7815807611052391,0.21041918091503947,0.44984835
4588,0.7815807611052391,0.2102580106593099,0.44984835
4588,0.7815807611052391,0.2101015855783659,0.44984835
4588,0.7815807611052391,0.2099498084877639,0.44984835
4588,0.7815807611052391,0.2098025850808068,0.44984835
4588,0.7815807611052391,0.20965982385614534,0.44984835
4588,0.7815807611052391,0.20952143604692416,0.44984835
4588,0.7815807611052391,0.20938733555145525,0.44984835
4588,0.7815807611052391,0.20925743886539117,0.44984835
4588,0.7815807611052391,0.20913166501538805,0.44984835
4588,0.7815807611052391,0.20900993549423558,0.44984835
4588,0.7815807611052391,0.20889217419743908,0.44984835
4588,0.7815807611052391,0.20877830736121336,0.44984835
4588,0.7815807611052391,0.2086682635018987,0.44984835
4588,0.7815807611052391,0.20856197335674057,0.44984835
4588,0.7815807611052391,0.20845936982604032,0.44984835
4588,0.7815807611052391,0.2083603879166382,0.44984835
4588,0.7815807611052391,0.20826496468670377,0.44984835
4588,0.7815807611052391,0.20817303919181626,0.44984835
4588,0.7815807611052391,0.20808455243231214,0.44984835
4588,0.7815807611052391,0.20799944730186595,0.44984835
4588,0.7815807611052391,0.20791766853728788,0.44984835
4588,0.7815807611052391,0.2078391626695026,0.44984835
4588,0.7815807611052391,0.20776387797570606,0.44984835
4588,0.7815807611052391,0.20769176443264456,0.44984835
4588,0.7815807611052391,0.20762277367101314,0.44984835
4588,0.7815807611052391,0.20755685893094455,0.44984835
4588,0.7815807611052391,0.20749397501855227,0.44984835
4588,0.7815807611052391,0.20743407826350907,0.44984835
4588,0.7815807611052391,0.20737712647764825,0.44984835
4588,0.7815807611052391,0.20732307891453414,0.44984835
4588,0.7815807611052391,0.2072718962300045,0.44984835
4588,0.7815807611052391,0.2072235404436375,0.44984835
4588,0.7815807611052391,0.20717797490113996,0.44984835
4588,0.7815807611052391,0.20713516423761327,0.44984835
4588,0.7815807611052391,0.20709507434168278,0.44984835
4588,0.7815807611052391,0.20705767232046418,0.44984835
4588,0.7815807611052391,0.20702292646534223,0.44984835
4588,0.7815807611052391,0.2069908062185428,0.44984835
4588,0.7815807611052391,0.20696128214046253,0.44984835
4588,0.7815807611052391,0.20693432587775215,0.44984835
4588,0.7815807611052391,0.20690991013211804,0.44984835
4588,0.7815807611052391,0.2068880086298169,0.44984835
4588,0.7815807611052391,0.20686859609183772,0.44984835
4588,0.7815807611052391,0.2068516482047331,0.44984835
4588,0.7815807611052391,0.20683714159208424,0.44984835
4588,0.7815807611052391,0.20682505378659632,0.44984835
4588,0.7815807611052391,0.20681536320276755,0.44984835
4588,0.7815807611052391,0.20680804911015377,0.44984835
4588,0.7815807611052391,0.20680309160718105,0.44984835
4588,0.7815807611052391,0.2068004715954999,0.44984835
4588,0.7815807611052391,0.20680017075486362,0.44984835
4588,0.7815807611052391,0.2068021715185107,0.44984835
4588,0.7815807611052391,0.20680645704903217,0.44984835
4588,0.7815807611052391,0.20681301121471682,0.44984835
4588,0.7815807611052391,0.20682181856635404,0.44984835
4588,0.7815807611052391,0.20683286431447254,0.44984835
4588,0.7815807611052391,0.20684613430701587,0.44984835
4588,0.7815807611052391,0.20686161500742753,0.44984835
4588,0.7815807611052391,0.20687929347313722,0.44984835
4588,0.7815807611052391,0.20689915733444278,0.44984835
4588,0.7815807611052391,0.20692119477376505,0.44984835
4588,0.7815807611052391,0.2069453945052721,0.44984835
4588,0.7815807611052391,0.20697174575485863,0.44984835
4588,0.7815807611052391,0.20700023824046704,0.44984835
4588,0.7815807611052391,0.20703086215276428,0.44984835
4588,0.7815807611052391,0.2070636081361236,0.44984835
4588,0.7815807611052391,0.20709846726994147,0.44984835
4588,0.7815807611052391,0.20713543105026488,0.44984835
4588,0.7815807611052391,0.20717449137172866,0.44984835
4588,0.7815807611052391,0.20721564050978983,0.44984835
4588,0.7815807611052391,0.20725887110325028,0.44984835
4588,0.7815807611052391,0.20730417613709104,0.44984835
4588,0.7815807611052391,0.20735154892556318,0.44984835
4588,0.7815807611052391,0.2074009830955893,0.44984835
4588,0.7815807611052391,0.20745247257042193,0.44984835
4588,0.7815807611052391,0.20750601155359197,0.44984835
4588,0.7815807611052391,0.20756159451312076,0.44984835
4588,0.7815807611052391,0.20761921616601856,0.44984835
4588,0.7815807611052391,0.20767887146303757,0.44984835
4588,0.7815807611052391,0.2077405555737065,0.44984835
4588,0.7815807611052391,0.20780426387163778,0.44984835
4588,0.7815807611052391,0.2078699919200947,0.44984835
4588,0.7815807611052391,0.20793773545784752,0.44984835
4588,0.7815807611052391,0.2080074903852861,0.44984835
4588,0.7815807611052391,0.2080792527508178,0.44984835
4588,0.7815807611052391,0.2081530187375438,0.44984835
4588,0.7815807611052391,0.208228784650211,0.44984835
4588,0.7815807611052391,0.20830654690244874,0.44984835
4588,0.7815807611052391,0.208386302004293,0.44984835
4588,0.7815807611052391,0.20846804655000362,0.44984835
4588,0.7815807611052391,0.20855177720616974,0.44984835
4588,0.7815807611052391,0.208637490700121,0.44984835
4588,0.7815807611052391,0.20872518380863764,0.44984835
4588,0.7815807611052391,0.20881485334697264,0.44984835
4588,0.7815807611052391,0.20890649615818738,0.44984835
4588,0.7815807611052391,0.20900010910280029,0.44984835
4588,0.7815807611052391,0.2090956890487702,0.44984835
4588,0.7815807611052391,0.20919323286180935,0.44984835
4588,0.7815807611052391,0.2092927373960207,0.44984835
4588,0.7815807611052391,0.20939419948489363,0.44984835
4588,0.7815807611052391,0.20949761593264274,0.44984835
4588,0.7815807611052391,0.2096029835059039,0.44984835
4588,0.7815807611052391,0.20971029892578227,0.44984835
4588,0.7815807611052391,0.20981955886028927,0.44984835
4588,0.7815807611052391,0.20993075991713184,0.44984835
4588,0.7815807611052391,0.21004389863690417,0.44984835
4588,0.7815807611052391,0.21015897148665064,0.44984835
4588,0.7815807611052391,0.21027597485383065,0.44984835
4588,0.7815807611052391,0.21039490504069178,0.44984835
4588,0.7815807611052391,0.21051575825903185,0.44984835
4588,0.7815807611052391,0.21063853062539853,0.44984835
4588,0.7815807611052391,0.2107632181566812,0.44984835
4588,0.7815807611052391,0.210889816766162,0.44984835
4588,0.7815807611052391,0.21101832225995953,0.44984835
4588,0.7815807611052391,0.21114873033394646,0.44984835
4588,0.7815807611052391,0.21128103657108782,0.44984835
4588,0.7815807611052391,0.21141523643923044,0.44984835
4588,0.7815807611052391,0.21155132528935164,0.44984835
4588,0.7815807611052391,0.21168929835425915,0.44984835
4588,0.7815807611052391,0.21182915074776335,0.44984835
4588,0.7815807611052391,0.21197087746429055,0.44984835
4588,0.7815807611052391,0.21211447337900202,0.44984835
4588,0.7815807611052391,0.2122599332483588,0.44984835
4588,0.7815807611052391,0.21240725171117164,0.44984835
4588,0.7815807611052391,0.21255642329013213,0.44984835
4588,0.7815807611052391,0.21270744239382572,0.44984835
4588,0.7815807611052391,0.21286030331922412,0.44984835
4588,0.7815807611052391,0.21301500025466624,0.44984835
4588,0.7815807611052391,0.21317152728332334,0.44984835
4588,0.7815807611052391,0.21332987838715606,0.44984835
4588,0.7815807611052391,0.21349004745135447,0.44984835
4588,0.7815807611052391,0.21365202826926313,0.44984835
4588,0.7815807611052391,0.21381581454780405,0.44984835
4588,0.7815807611052391,0.2139813999133711,0.44984835
4588,0.7815807611052391,0.21414877791822104,0.44984835
4588,0.7815807611052391,0.2143179420473399,0.44984835
4588,0.7815807611052391,0.21448888572578698,0.44984835
4588,0.7815807611052391,0.21466160232652706,0.44984835
4588,0.7815807611052391,0.21483608517872912,0.44984835
4588,0.7815807611052391,0.21501232757652655,0.44984835
4588,0.7815807611052391,0.21519032278826009,0.44984835
4588,0.7815807611052391,0.2153700640661693,0.44984835
4588,0.7815807611052391,0.21555154465654286,0.44984835
4588,0.7815807611052391,0.21573475781031656,0.44984835
4588,0.7815807611052391,0.21591969679411968,0.44984835
4588,0.7815807611052391,0.2161063549017485,0.44984835
4588,0.7815807611052391,0.2162947254660798,0.44984835
4588,0.7815807611052391,0.2164848018713967,0.44984835
4588,0.7815807611052391,0.21667657756613706,0.44984835
4588,0.7815807611052391,0.21687004607603375,0.44984835
4588,0.7815807611052391,0.21706520101766824,0.44984835
4588,0.7815807611052391,0.21726203611239386,0.44984835
4588,0.7815807611052391,0.21746054520064365,0.44984835
4588,0.7815807611052391,0.2176607222566052,0.44984835
4588,0.7815807611052391,0.21786256140325172,0.44984835
4588,0.7815807611052391,0.21806605692771328,0.44984835
4588,0.7815807611052391,0.21827120329698027,0.44984835
4588,0.7815807611052391,0.2184779951739407,0.44984835
4588,0.7815807611052391,0.21868642743371394,0.44984835
4588,0.7815807611052391,0.2188964951802802,0.44984835
4588,0.7815807611052391,0.21910819376341348,0.44984835
4588,0.7815807611052391,0.21932151879586329,0.44984835
4588,0.7815807611052391,0.21953646617080658,0.44984835
4588,0.7815807611052391,0.21975303207954822,0.44984835
4588,0.7815807611052391,0.21997121302943873,0.44984835
4588,0.7815807611052391,0.2201910058620279,0.44984835
4588,0.7815807611052391,0.22041240777140678,0.44984835
4588,0.7815807611052391,0.22063541632274267,0.44984835
4588,0.7815807611052391,0.22086002947099956,0.44984835
4588,0.7815807611052391,0.2210862455798027,0.44984835
4588,0.7815807611052391,0.22131406344046153,0.44984835
4588,0.7815807611052391,0.22154348229111787,0.44984835
4588,0.7815807611052391,0.22177450183601527,0.44984835
4588,0.7815807611052391,0.22200712226486388,0.44984835
4588,0.7815807611052391,0.22224134427230746,0.44984835
4588,0.7815807611052391,0.22247716907743842,0.44984835
4588,0.7815807611052391,0.2227145984434013,0.44984835
4588,0.7815807611052391,0.22295363469701582,0.44984835
4588,0.7815807611052391,0.2231942807484417,0.44984835
4588,0.7815807611052391,0.22343654011085443,0.44984835
4588,0.7815807611052391,0.2236804169201254,0.44984835
4588,0.7815807611052391,0.2239259159544856,0.44984835
4588,0.7815807611052391,0.2241730426541674,0.44984835
4588,0.7815807611052391,0.22442180314099675,0.44984835
4588,0.7815807611052391,0.22467220423794582,0.44984835
4588,0.7815807611052391,0.22492425348860956,0.44984835
4588,0.7815807611052391,0.22517795917660147,0.44984835
4588,0.7815807611052391,0.22543333034485877,0.44984835
4588,0.7815807611052391,0.22569037681485998,0.44984835
4588,0.7815807611052391,0.2259491092056952,0.44984835
4588,0.7815807611052391,0.22620953895303483,0.44984835
4588,0.7815807611052391,0.22647167832795154,0.44984835
4588,0.7815807611052391,0.22673554045559222,0.44984835
4588,0.7815807611052391,0.22700113933369076,0.44984835
4588,0.7815807611052391,0.22726848985091236,0.44984835
4588,0.7815807611052391,0.22753760780502355,0.44984835
4588,0.7815807611052391,0.22780850992086152,0.44984835
4588,0.7815807611052391,0.22808121386812838,0.44984835
4588,0.7815807611052391,0.22835573827896005,0.44984835
4588,0.7815807611052391,0.22863210276530738,0.44984835
4588,0.7815807611052391,0.22891032793606533,0.44984835
4588,0.7815807611052391,0.22919043541401943,0.44984835
4588,0.7815807611052391,0.22947244785253137,0.44984835
4588,0.7815807611052391,0.2297563889519937,0.44984835
4588,0.7815807611052391,0.2300422834760643,0.44984835
4588,0.7815807611052391,0.2303301572676249,0.44984835
4588,0.7815807611052391,0.23062003726452357,0.44984835
4588,0.7815807611052391,0.23091195151503868,0.44984835
4588,0.7815807611052391,0.23120592919311503,0.44984835
4588,0.7815807611052391,0.2315020006133218,0.44984835
4588,0.7815807611052391,0.23180019724556966,0.44984835
4588,0.7815807611052391,0.23210055172957167,0.44984835
4588,0.7815807611052391,0.23240309788903263,0.44984835
4588,0.7815807611052391,0.23270787074560204,0.44984835
4588,0.7815807611052391,0.23301490653255424,0.44984835
4588,0.7815807611052391,0.2333242427082325,0.44984835
4588,0.7815807611052391,0.23363591796922284,0.44984835
4588,0.7815807611052391,0.2339499722633021,0.44984835
4588,0.7815807611052391,0.23426644680212452,0.44984835
4588,0.7815807611052391,0.23458538407367205,0.44984835
4588,0.7815807611052391,0.2349068278544809,0.44984835
4588,0.7815807611052391,0.2352308232216188,0.44984835
4588,0.7815807611052391,0.23555741656445484,0.44984835
4588,0.7815807611052391,0.2358866555961973,0.44984835
4588,0.7815807611052391,0.23621858936523316,0.44984835
4588,0.7815807611052391,0.23655326826625694,0.44984835
4588,0.7815807611052391,0.23689074405120072,0.44984835
4588,0.7815807611052391,0.2372310698399809,0.44984835
4588,0.7815807611052391,0.23757430013106612,0.44984835
4588,0.7815807611052391,0.23792049081187708,0.44984835
4588,0.7815807611052391,0.23826969916901533,0.44984835
4588,0.7815807611052391,0.2386219838983556,0.44984835
4588,0.7815807611052391,0.23897740511499255,0.44984835
4588,0.7815807611052391,0.23933602436306117,0.44984835
4588,0.7815807611052391,0.2396979046254296,0.44984835
4588,0.7815807611052391,0.240063110333304,0.44984835
4588,0.7815807611052391,0.2404317073757223,0.44984835
4588,0.7815807611052391,0.24080376310897678,0.44984835
4588,0.7815807611052391,0.24117934636596117,0.44984835
4588,0.7815807611052391,0.2415585274654607,0.44984835
4588,0.7815807611052391,0.24194137822140502,0.44984835
4588,0.7815807611052391,0.24232797195207703,0.44984835
4588,0.7815807611052391,0.24271838348932345,0.44984835
4588,0.7815807611052391,0.24311268918773474,0.44984835
4588,0.7815807611052391,0.2435109669338605,0.44984835
4588,0.7815807611052391,0.2439132961554283,0.44984835
4588,0.7815807611052391,0.24431975783060675,0.44984835
4588,0.7815807611052391,0.2447304344973227,0.44984835
4588,0.7815807611052391,0.2451454102626243,0.44984835
4588,0.7815807611052391,0.2455647708121473,0.44984835
4588,0.7815807611052391,0.2459886034196538,0.44984835
4588,0.7815807611052391,0.24641699695667826,0.44984835
4588,0.7815807611052391,0.24685004190229282,0.44984835
4588,0.7815807611052391,0.2472878303530135,0.44984835
4588,0.7815807611052391,0.24773045603283403,0.44984835
4588,0.7815807611052391,0.24817801430343173,0.44984835
4588,0.7815807611052391,0.2486306021745305,0.44984835
4588,0.7815807611052391,0.2490883183144685,0.44984835
4588,0.7815807611052391,0.24955126306093317,0.44984835
4588,0.7815807611052391,0.25001953843193125,0.44984835
4588,0.7815807611052391,0.25049324813695856,0.44984835
4588,0.7815807611052391,0.2509724975884083,0.44984835
4588,0.7815807611052391,0.25145739391322613,0.44984835
4588,0.7815807611052391,0.2519480459648087,0.44984835
4588,0.7815807611052391,0.25244456433517226,0.44984835
4588,0.7815807611052391,0.2529470613673909,0.44984835
4588,0.7815807611052391,0.25345565116831925,0.44984835
4588,0.7815807611052391,0.25397044962160387,0.44984835
4588,0.7815807611052391,0.25449157440100273,0.44984835
4588,0.7815807611052391,0.2550191449839926,0.44984835
4588,0.7815807611052391,0.25555328266571997,0.44984835
4588,0.7815807611052391,0.25609411057324977,0.44984835
4588,0.7815807611052391,0.25664175368015263,0.44984835
4588,0.7815807611052391,0.25719633882142645,0.44984835
4588,0.7815807611052391,0.2577579947087544,0.44984835
4588,0.7815807611052391,0.2583268519461009,0.44984835
4588,0.7815807611052391,0.25890304304566286,0.44984835
4588,0.7815807611052391,0.25948670244416766,0.44984835
4588,0.7815807611052391,0.26007796651952075,0.44984835
4588,0.7815807611052391,0.26067697360779873,0.44984835
4588,0.7815807611052391,0.2612838640206163,0.44984835
4588,0.7815807611052391,0.2618987800628261,0.44984835
4588,0.7815807611052391,0.2625218660505795,0.44984835
4588,0.7815807611052391,0.2631532683297441,0.44984835
4588,0.7815807611052391,0.2637931352946586,0.44984835
4588,0.7815807611052391,0.2644416174072415,0.44984835
4588,0.7815807611052391,0.2650988672164326,0.44984835
4588,0.7815807611052391,0.2657650393779858,0.44984835
4588,0.7815807611052391,0.26644029067457076,0.44984835
4588,0.7815807611052391,0.26712478003621887,0.44984835
4588,0.7815807611052391,0.26781866856107145,0.44984835
4588,0.7815807611052391,0.26852211953643446,0.44984835
4588,0.7815807611052391,0.2692352984601387,0.44984835
4588,0.7815807611052391,0.26995837306220155,0.44984835
4588,0.7815807611052391,0.27069151332669666,0.44984835
4588,0.7815807611052391,0.27143489151401995,0.44984835
4588,0.7815807611052391,0.27218868218322917,0.44984835
4588,0.7815807611052391,0.2729530622148003,0.44984835
4588,0.7815807611052391,0.27372821083346144,0.44984835
4588,0.7815807611052391,0.2745143096312907,0.44984835
4588,0.7815807611052391,0.27531154259106416,0.44984835
4588,0.7815807611052391,0.2761200961096339,0.44984835
4588,0.7815807611052391,0.2769401590215488,0.44984835
4588,0.7815807611052391,0.27777192262281536,0.44984835
4588,0.7815807611052391,0.27861558069474185,0.44984835
4588,0.7815807611052391,0.2794713295278367,0.44984835
4588,0.7815807611052391,0.2803393679458121,0.44984835
4588,0.7815807611052391,0.28121989732962677,0.44984835
4588,0.7815807611052391,0.2821131216415051,0.44984835
4588,0.7815807611052391,0.2830192474490598,0.44984835
4588,0.7815807611052391,0.28393848394917465,0.44984835
4588,0.7815807611052391,0.2848710429919921,0.44984835
4588,0.7815807611052391,0.28581713910473255,0.44984835
4588,0.7815807611052391,0.2867769895153913,0.44984835
4588,0.7815807611052391,0.2877508141762936,0.44984835
4588,0.7815807611052391,0.28873883578744375,0.44984835
4588,0.7815807611052391,0.28974127981964665,0.44984835
4588,0.7815807611052391,0.29075837453737685,0.44984835
4588,0.7815807611052391,0.29179035102135276,0.44984835
4588,0.7815807611052391,0.2928374431907639,0.44984835
4588,0.7815807611052391,0.2938998878251505,0.44984835
4588,0.7815807611052391,0.2949779245859107,0.44984835
4588,0.7815807611052391,0.29607179603722067,0.44984835
4588,0.7815807611052391,0.2971817476665995,0.44984835
4588,0.7815807611052391,0.2983080279049113,0.44984835
4588,0.7815807611052391,0.29945088814576565,0.44984835
4588,0.7815807611052391,0.3006105827643276,0.44984835
4588,0.7815807611052391,0.3017873691354384,0.44984835
4588,0.7815807611052391,0.30298150765104115,0.44984835
4588,0.7815807611052391,0.3041932617368564,0.44984835
4588,0.7815807611052391,0.3054228978682362,0.44984835
4588,0.7815807611052391,0.30667068558516797,0.44984835
4588,0.7815807611052391,0.3079368975063893,0.44984835
4588,0.7815807611052391,0.30922180934251636,0.44984835
4588,0.7815807611052391,0.3105256999081995,0.44984835
4588,0.7815807611052391,0.3118488511331869,0.44984835
4588,0.7815807611052391,0.3131915480722976,0.44984835
4588,0.7815807611052391,0.3145540789141941,0.44984835
4588,0.7815807611052391,0.31593673498896724,0.44984835
4588,0.7815807611052391,0.31733981077439716,0.44984835
4588,0.7815807611052391,0.3187636039008991,0.44984835
4588,0.7815807611052391,0.32020841515504556,0.44984835
4588,0.7815807611052391,0.3216745484816565,0.44984835
4588,0.7815807611052391,0.3231623109843352,0.44984835
4588,0.7815807611052391,0.32467201292443487,0.44984835
4588,0.7815807611052391,0.326203967718381,0.44984835
4588,0.7815807611052391,0.3277584919332719,0.44984835
4588,0.7815807611052391,0.3293359052807124,0.44984835
4588,0.7815807611052391,0.33093653060880596,0.44984835
4588,0.7815807611052391,0.3325606938922245,0.44984835
4588,0.7815807611052391,0.33420872422033154,0.44984835
4588,0.7815807611052391,0.3358809537832342,0.44984835
4588,0.7815807611052391,0.33757771785574586,0.44984835
4588,0.7815807611052391,0.33929935477915585,0.44984835
4588,0.7815807611052391,0.3410462059407504,0.44984835
4588,0.7815807611052391,0.3428186157510221,0.44984835
4588,0.7815807611052391,0.34461693161847334,0.44984835
4588,0.7815807611052391,0.34644150392196466,0.44984835
4588,0.7815807611052391,0.3482926859805231,0.44984835
4588,0.7815807611052391,0.35017083402053945,0.44984835
4588,0.7815807611052391,0.3520763071402811,0.44984835
4588,0.7815807611052391,0.3540094672716515,0.44984835
4588,0.7815807611052391,0.35597067913910635,0.44984835
4588,0.7815807611052391,0.35796031021567387,0.44984835
4588,0.7815807611052391,0.3599787306759896,0.44984835
4588,0.7815807611052391,0.3620263133462607,0.44984835
4588,0.7815807611052391,0.3641034336511134,0.44984835
4588,0.7815807611052391,0.36621046955721437,0.44984835
4588,0.7815807611052391,0.36834780151361257,0.44984835
4588,0.7815807611052391,0.3705158123887199,0.44984835
4588,0.7815807611052391,0.37271488740384295,0.44984835
4588,0.7815807611052391,0.37494541406320675,0.44984835
4588,0.7815807611052391,0.37720778208038414,0.44984835
4588,0.7815807611052391,0.379502383301047,0.44984835
4588,0.7815807611052391,0.3818296116220005,0.44984835
4588,0.7815807611052391,0.3841898629063619,0.44984835
4588,0.7815807611052391,0.38658353489486597,0.44984835
4588,0.7815807611052391,0.3890110271131966,0.44984835
4588,0.7815807611052391,0.3914727407752802,0.44984835
4588,0.7815807611052391,0.3939690786824392,0.44984835
4588,0.7815807611052391,0.39650044511839233,0.44984835
4588,0.7815807611052391,0.3990672457399592,0.44984835
4588,0.7815807611052391,0.40166988746344406,0.44984835
4588,0.7815807611052391,0.4043087783466311,0.44984835
4588,0.7815807611052391,0.4069843274662763,0.44984835
4588,0.7815807611052391,0.4096969447910904,0.44984835
4588,0.7815807611052391,0.41244704105009306,0.44984835
4588,0.7815807611052391,0.41523502759631153,0.44984835
4588,0.7815807611052391,0.41806131626573156,0.44984835
4588,0.7815807611052391,0.4209263192314679,0.44984835
4588,0.7815807611052391,0.4238304488530516,0.44984835
4588,0.7815807611052391,0.4267741175208315,0.44984835
4588,0.7815807611052391,0.42975773749538504,0.44984835
4588,0.7815807611052391,0.43278172074191107,0.44984835
4588,0.7815807611052391,0.4358464787595407,0.44984835
4588,0.7815807611052391,0.4389524224055256,0.44984835
4588,0.7815807611052391,0.44209996171425203,0.44984835
4588,0.7815807611052391,0.4452895057110263,0.44984835
4588,0.7815807611052391,0.44852146222061856,0.44984835
4588,0.7815807611052391,0.4517962376704895,0.44984835
4588,0.7815807611052391,0.4551142368886931,0.44984835
4588,0.7815807611052391,0.4584758628964066,0.44984835
4588,0.7815807611052391,0.4618815166950734,0.44984835
4588,0.7815807611052391,0.4653315970481028,0.44984835
4588,0.7815807611052391,0.4688265002571549,0.44984835
4588,0.7815807611052391,0.47236661993294193,0.44984835
4588,0.7815807611052391,0.4759523467605554,0.44984835
4588,0.7815807611052391,0.4795840682593151,0.44984835
4588,0.7815807611052391,0.48326216853711496,0.44984835
4588,0.7815807611052391,0.48698702803928057,0.44984835
4588,0.7815807611052391,0.4907590232919313,0.44984835
4588,0.7815807611052391,0.4945785266398544,0.44984835
4588,0.7815807611052391,0.4984459059789178,0.44984835
4588,0.7815807611052391,0.502361524483013,0.44984835
4588,0.7815807611052391,0.5063257403255725,0.44984835
4588,0.7815807611052391,0.5103389063956911,0.44984835
4588,0.7815807611052391,0.5144013700088508,0.44984835
4588,0.7815807611052391,0.5185134726123353,0.44984835
4588,0.7815807611052391,0.5226755494853415,0.44984835
4588,0.7815807611052391,0.5268879294338596,0.44984835
4588,0.7815807611052391,0.5311509344803672,0.44984835
4588,0.7815807611052391,0.5354648795484013,0.44984835
4588,0.7815807611052391,0.5398300721420786,0.44984835
4588,0.7815807611052391,0.5442468120206396,0.44984835
4588,0.7815807611052391,0.5487153908680938,0.44984835
4588,0.7815807611052391,0.5532360919580742,0.44984835
4588,0.7815807611052391,0.5578091898139477,0.44984835
4588,0.7815807611052391,0.562434949864348,0.44984835
4588,0.7815807611052391,0.5671136280941826,0.44984835
4588,0.7815807611052391,0.571845470691284,0.44984835
4588,0.7815807611052391,0.5766307136887497,0.44984835
4588,0.7815807611052391,0.5814695826032161,0.44984835
4588,0.7815807611052391,0.5863622920690814,0.44984835
4588,0.7815807611052391,0.5913090454689145,0.44984835
4588,0.7815807611052391,0.5963100345601651,0.44984835
4588,0.7815807611052391,0.6013654390983393,0.44984835
4588,0.7815807611052391,0.6064754264568017,0.44984835
4588,0.7815807611052391,0.6116401512434128,0.44984835
4588,0.7815807611052391,0.6168597549141408,0.44984835
4588,0.7815807611052391,0.6221343653838919,0.44984835
4588,0.7815807611052391,0.6274640966346919,0.44984835
4588,0.7815807611052391,0.6328490483215157,0.44984835
4588,0.7815807611052391,0.6382893053759017,0.44984835
4588,0.7815807611052391,0.6437849376076059,0.44984835
4588,0.7815807611052391,0.6493359993045553,0.44984835
4588,0.7815807611052391,0.6549425288312967,0.44984835
4588,0.7815807611052391,0.6606045482262164,0.44984835
4588,0.7815807611052391,0.6663220627977819,0.44984835
4588,0.7815807611052391,0.6720950607200633,0.44984835
4588,0.7815807611052391,0.6779235126278421,0.44984835
4588,0.7815807611052391,0.6838073712115079,0.44984835
4588,0.7815807611052391,0.6897465708121507,0.44984835
4588,0.7815807611052391,0.6957410270170177,0.44984835
4588,0.7815807611052391,0.7017906362557513,0.44984835
4588,0.7815807611052391,0.7078952753976393,0.44984835
4588,0.7815807611052391,0.7140548013502312,0.44984835
4588,0.7815807611052391,0.7202690506596567,0.44984835
4588,0.7815807611052391,0.7265378391129581,0.44984835
4588,0.7815807611052391,0.7328609613427753,0.44984835
4588,0.7815807611052391,0.7392381904347728,0.44984835
4588,0.7815807611052391,0.7456692775381035,0.44984835
4588,0.7815807611052391,0.7521539514793159,0.44984835
4588,0.7815807611052391,0.7586919183800499,0.44984835
4588,0.7815807611052391,0.7652828612789081,0.44984835
4588,0.7815807611052391,0.7719264397578692,0.44984835
4588,0.7815807611052391,0.7786222895736488,0.44984835
4588,0.7815807611052391,0.7853700222943646,0.44984835
4588,0.7815807611052391,0.7921692249419373,0.44984835
4588,0.7815807611052391,0.7990194596406154,0.44984835
4588,0.7815807611052391,0.8059202632720214,0.44984835
4588,0.7815807611052391,0.8128711471371263,0.44984835
4588,0.7815807611052391,0.8198715966255999,0.44984835
4588,0.7815807611052391,0.8269210708929008,0.44984835
4588,0.7815807611052391,0.8340190025455803,0.44984835
4588,0.7815807611052391,0.8411647973351759,0.44984835
4588,0.7815807611052391,0.8483578338611728,0.44984835
4588,0.7815807611052391,0.8555974632833949,0.44984835
4588,0.7815807611052391,0.8628830090443284,0.44984835
4588,0.7815807611052391,0.8702137666017647,0.44984835
4588,0.7815807611052391,0.8775890031721872,0.44984835
4588,0.7815807611052391,0.8850079574853741,0.44984835
4588,0.7815807611052391,0.8924698395506393,0.44984835
4588,0.7815807611052391,0.8999738304350908,0.44984835
4588,0.7815807611052391,0.9075190820544401,0.44984835
4588,0.7815807611052391,0.915104716976706,0.44984835
4588,0.7815807611052391,0.9227298282392579,0.44984835
4588,0.7815807611052391,0.930393479179697,0.44984835
4588,0.7815807611052391,0.9380947032808755,0.44984835
4588,0.7815807611052391,0.9458325040306045,0.44984835
4588,0.7815807611052391,0.9536058547963685,0.44984835
4588,0.7815807611052391,0.961413698715517,0.44984835
4588,0.7815807611052391,0.969254948601332,0.44984835
4588,0.7815807611052391,0.9771284868653318,0.44984835
4588,0.7815807611052391,0.9850331654562998,0.44984835
4588,0.7815807611052391,0.9929678058163347,0.44984835
4588,0.7815807611052391,1.0009311988543483,0.44984835
4588,0.7815807611052391,1.008922104937408,0.44984835
4588,0.7815807611052391,1.0169392539002546,0.44984835
4588,0.7815807611052391,1.02498134507337,0.44984835
4588,0.7815807611052391,1.0330470473299727,0.44984835
4588,0.7815807611052391,1.0411349991522292,0.44984835
4588,0.7815807611052391,1.0492438087170597,0.44984835
4588,0.7815807611052391,1.0573720540018494,0.44984835
4588,0.7815807611052391,1.0655182829103425,0.44984835
4588,0.7815807611052391,1.0736810134190629,0.44984835
4588,0.7815807611052391,1.0818587337445433,0.44984835
4588,0.7815807611052391,1.0900499025315527,0.44984835
4588,0.7815807611052391,1.0982529490627364,0.44984835
4588,0.7815807611052391,1.1064662734897286,0.44984835
4588,0.7815807611052391,1.1146882470861528,0.44984835
4588,0.7815807611052391,1.1229172125225662,0.44984835
4588,0.7815807611052391,1.1311514841636459,0.44984835
4588,0.7815807611052391,1.139389348387763,0.44984835
4588,0.7815807611052391,1.1476290639291193,0.44984835
4588,0.7815807611052391,1.1558688622426216,0.44984835
4588,0.7815807611052391,1.1641069478915491,0.44984835
4588,0.7815807611052391,1.1723414989582024,0.44984835
4588,0.7815807611052391,1.1805706674776384,0.44984835
4588,0.7815807611052391,1.1887925798944623,0.44984835
4588,0.7815807611052391,1.1970053375429004,0.44984835
4588,0.7815807611052391,1.2052070171500044,0.44984835
4588,0.7815807611052391,1.2133956713621543,0.44984835
4588,0.7815807611052391,1.2215693292948093,0.44984835
4588,0.7815807611052391,1.2297259971054006,0.44984835
4588,0.7815807611052391,1.2378636585894869,0.44984835
4588,0.7815807611052391,1.245980275799948,0.44984835
4588,0.7815807611052391,1.2540737896892185,0.44984835
4588,0.7815807611052391,1.2621421207744046,0.44984835
4588,0.7815807611052391,1.2701831698252033,0.44984835
4588,0.7815807611052391,1.2781948185744016,0.44984835
4588,0.7815807611052391,1.2861749304508183,0.44984835
4588,0.7815807611052391,1.2941213513345022,0.44984835
4588,0.7815807611052391,1.302031910333903,0.44984835
4588,0.7815807611052391,1.3099044205848198,0.44984835
4588,0.7815807611052391,1.3177366800708559,0.44984835
4588,0.7815807611052391,1.325526472465016,0.44984835
4588,0.7815807611052391,1.3332715679922356,0.44984835
4588,0.7815807611052391,1.3409697243123828,0.44984835
4588,0.7815807611052391,1.3486186874234984,0.44984835
4588,0.7815807611052391,1.356216192584731,0.44984835
4588,0.7815807611052391,1.3637599652586827,0.44984835
4588,0.7815807611052391,1.371247722072682,0.44984835
4588,0.7815807611052391,1.3786771717984805,0.44984835
4588,0.7815807611052391,1.3860460163500006,0.44984835
4588,0.7815807611052391,1.3933519517984785,0.44984835
4588,0.7815807611052391,1.4005926694046094,0.44984835
4588,0.7815807611052391,1.4077658566670506,0.44984835
4588,0.7815807611052391,1.4148691983867985,0.44984835
4588,0.7815807611052391,1.421900377746717,0.44984835
4588,0.7815807611052391,1.4288570774057059,0.44984835
4588,0.7815807611052391,1.4357369806068532,0.44984835
4588,0.7815807611052391,1.4425377722988437,0.44984835
4588,0.7815807611052391,1.4492571402700332,0.44984835
4588,0.7815807611052391,1.4558927762944105,0.44984835
4588,0.7815807611052391,1.4624423772888075,0.44984835
4588,0.7815807611052391,1.4689036464804732,0.44984835
4588,0.7815807611052391,1.4752742945844584,0.44984835
4588,0.7815807611052391,1.4815520409898244,0.44984835
4588,0.7815807611052391,1.4877346149540795,0.44984835
4588,0.7815807611052391,1.4938197568048037,0.44984835
4588,0.7815807611052391,1.4998052191478721,0.44984835
4588,0.7815807611052391,1.5056887680812427,0.44984835
4588,0.7815807611052391,1.511468184413574,0.44984835
4588,0.7815807611052391,1.5171412648867082,0.44984835
4588,0.7815807611052391,1.5227058234012174,0.44984835
4588,0.7815807611052391,1.5281596922440464,0.44984835
4588,0.7815807611052391,1.533500723317344,0.44984835
4588,0.7815807611052391,1.5387267893676315,0.44984835
4588,0.7815807611052391,1.5438357852142979,0.44984835
4588,0.7815807611052391,1.548825628976486,0.44984835
4588,0.7815807611052391,1.5536942632974693,0.44984835
4588,0.7815807611052391,1.5584396565655114,0.44984835
4588,0.7815807611052391,1.5630598041302877,0.44984835
4588,0.7815807611052391,1.5675527295138132,0.44984835
4588,0.7815807611052391,1.5719164856150543,0.44984835
4588,0.7815807611052391,1.5761491559070187,0.44984835
4588,0.7815807611052391,1.5802488556256173,0.44984835
4588,0.7815807611052391,1.584213732949037,0.44984835
4588,0.7815807611052391,1.5880419701668627,0.44984835
4588,0.7815807611052391,1.5917317848378159,0.44984835
4588,0.7815807611052391,1.5952814309352195,0.44984835
4588,0.7815807611052391,1.5986891999791077,0.44984835
4588,0.7815807611052391,1.6019534221541472,0.44984835
4588,0.7815807611052391,1.6050724674122248,0.44984835
4588,0.7815807611052391,1.608044746558894,0.44984835
4588,0.7815807611052391,1.6108687123225944,0.44984835
4588,0.7815807611052391,1.6135428604057331,0.44984835
4588,0.7815807611052391,1.6160657305167325,0.44984835
4588,0.7815807611052391,1.6184359073820396,0.44984835
4588,0.7815807611052391,1.6206520217371643,0.44984835
4588,0.7815807611052391,1.6227127512959094,0.44984835
4588,0.7815807611052391,1.6246168216968253,0.44984835
4588,0.7815807611052391,1.6263630074260098,0.44984835
4588,0.7815807611052391,1.6279501327154282,0.44984835
4588,0.7815807611052391,1.629377072415815,0.44984835
4588,0.7815807611052391,1.630642752843391,0.44984835
4588,0.7815807611052391,1.631746152599555,0.44984835
4588,0.7815807611052391,1.6326863033627268,0.44984835
4588,0.7815807611052391,1.6334622906515812,0.44984835
4588,0.7815807611052391,1.6340732545588812,0.44984835
4588,0.7815807611052391,1.63451839045524,0.44984835
4588,0.7815807611052391,1.6347969496619754,0.44984835
4588,0.7815807611052391,1.6349082400925303,0.44984835
4588,0.7815807611052391,1.634851626861603,0.44984835
4588,0.7815807611052391,1.6346265328614582,0.44984835
4588,0.7815807611052391,1.634232439304836,0.44984835
4588,0.7815807611052391,1.6336688862337476,0.44984835
4588,0.7815807611052391,1.6329354729936545,0.44984835
4588,0.7815807611052391,1.6320318586725675,0.44984835
4588,0.7815807611052391,1.6309577625043936,0.44984835
4588,0.7815807611052391,1.6297129642362658,0.44984835
4588,0.7815807611052391,1.6282973044591684,0.44984835
4588,0.7815807611052391,1.6267106849017423,0.44984835
4588,0.7815807611052391,1.6249530686865328,0.44984835
4588,0.7815807611052391,1.6230244805486886,0.44984835
4588,0.7815807611052391,1.6209250070165038,0.44984835
4588,0.7815807611052391,1.6186547965536944,0.44984835
4588,0.7815807611052391,1.616214059663124,0.44984835
4588,0.7815807611052391,1.6136030689516845,0.44984835
4588,0.7815807611052391,1.6108221591562673,0.44984835
4588,0.7815807611052391,1.6078717271305805,0.44984835
4588,0.7815807611052391,1.604752231792775,0.44984835
4588,0.7815807611052391,1.6014641940337377,0.44984835
4588,0.7815807611052391,1.5980081965860742,0.44984835
4588,0.7815807611052391,1.5943848838537056,0.44984835
4588,0.7815807611052391,1.5905949617021846,0.44984835
4588,0.7815807611052391,1.5866391972097487,0.44984835
4588,0.7815807611052391,1.58251841837922,0.44984835
4588,0.7815807611052391,1.578233513810894,0.44984835
4588,0.7815807611052391,1.5737854323366072,0.44984835
4588,0.7815807611052391,1.5691751826151525,0.44984835
4588,0.7815807611052391,1.5644038326893652,0.44984835
4588,0.7815807611052391,1.5594725095050104,0.44984835
4588,0.7815807611052391,1.554382398392034,0.44984835
4588,0.7815807611052391,1.5491347425082012,0.44984835
4588,0.7815807611052391,1.5437308422458624,0.44984835
4588,0.7815807611052391,1.5381720546019595,0.44984835
4588,0.7815807611052391,1.532459792511915,0.44984835
4588,0.7815807611052391,1.526595524147817,0.44984835
4588,0.7815807611052391,1.5205807721814717,0.44984835
4588,0.7815807611052391,1.5144171130127526,0.44984835
4588,0.7815807611052391,1.5081061759640204,0.44984835
4588,0.7815807611052391,1.5016496424410342,0.44984835
4588,0.7815807611052391,1.4950492450611743,0.44984835
4588,0.7815807611052391,1.4883067667494811,0.44984835
4588,0.7815807611052391,1.4814240398033907,0.44984835
4588,0.7815807611052391,1.4744029449267324,0.44984835
4588,0.7815807611052391,1.4672454102338965,0.44984835
4588,0.7815807611052391,1.459953410224845,0.44984835
4588,0.7815807611052391,1.4525289647318773,0.44984835
4588,0.7815807611052391,1.4449741378388816,0.44984835
4588,0.7815807611052391,1.4372910367740728,0.44984835
4588,0.7815807611052391,1.4294818107769418,0.44984835
4588,0.7815807611052391,1.4215486499405035,0.44984835
4588,0.7815807611052391,1.4134937840296087,0.44984835
4588,0.7815807611052391,1.4053194812764103,0.44984835
4588,0.7815807611052391,1.3970280471538479,0.44984835
4588,0.7815807611052391,1.3886218231281953,0.44984835
4588,0.7815807611052391,1.3801031853916863,0.44984835
4588,0.7815807611052391,1.3714745435762303,0.44984835
4588,0.7815807611052391,1.3627383394492172,0.44984835
4588,0.7815807611052391,1.353897045592529,0.44984835
4588,0.7815807611052391,1.3449531640657677,0.44984835
4588,0.7815807611052391,1.3359092250548512,0.44984835
4588,0.7815807611052391,1.326767785506955,0.44984835
4588,0.7815807611052391,1.3175314277530008,0.44984835
4589,0.7862877779008457,2.1531317227603637,0.4294331
4589,0.7862877779008457,2.1564733977282193,0.4294331
4589,0.7862877779008457,2.1595292465768643,0.4294331
4589,0.7862877779008457,2.1622984779978505,0.4294331
4589,0.7862877779008457,2.16478042483067,0.4294331
4589,0.7862877779008457,2.16697454441158,0.4294331
4589,0.7862877779008457,2.1688804188312445,0.4294331
4589,0.7862877779008457,2.170497755100897,0.4294331
4589,0.7862877779008457,2.1718263852270767,0.4294331
4589,0.7862877779008457,2.1728662661946667,0.4294331
4589,0.7862877779008457,2.173617479858644,0.4294331
4589,0.7862877779008457,2.174080232744521,0.4294331
4589,0.7862877779008457,2.1742548557577734,0.4294331
4589,0.7862877779008457,2.1741418038026383,0.4294331
4589,0.7862877779008457,2.173741655310918,0.4294331
4589,0.7862877779008457,2.1730551116809913,0.4294331
4589,0.7862877779008457,2.1720829966280433,0.4294331
4589,0.7862877779008457,2.170826255445983,0.4294331
4589,0.7862877779008457,2.1692859541821097,0.4294331
4589,0.7862877779008457,2.1674632787251373,0.4294331
4589,0.7862877779008457,2.165359533807981,0.4294331
4589,0.7862877779008457,2.162976141926009,0.4294331
4589,0.7862877779008457,2.160314642172139,0.4294331
4589,0.7862877779008457,2.157376688990061,0.4294331
4589,0.7862877779008457,2.1541640508467905,0.4294331
4589,0.7862877779008457,2.150678608826025,0.4294331
4589,0.7862877779008457,2.146922355143862,0.4294331
4589,0.7862877779008457,2.1428973915883556,0.4294331
4589,0.7862877779008457,2.138605927884532,0.4294331
4589,0.7862877779008457,2.1340502799867527,0.4294331
4589,0.7862877779008457,2.1292328682999715,0.4294331
4589,0.7862877779008457,2.124156215831862,0.4294331
4589,0.7862877779008457,2.118822946277757,0.4294331
4589,0.7862877779008457,2.113235782040254,0.4294331
4589,0.7862877779008457,2.107397542185607,0.4294331
4589,0.7862877779008457,2.10131114033901,0.4294331
4589,0.7862877779008457,2.094979582520753,0.4294331
4589,0.7862877779008457,2.08840596492569,0.4294331
4589,0.7862877779008457,2.0815934716480515,0.4294331
4589,0.7862877779008457,2.0745453723539473,0.4294331
4589,0.7862877779008457,2.0672650199039184,0.4294331
4589,0.7862877779008457,2.05975584792789,0.4294331
4589,0.7862877779008457,2.0520213683548802,0.4294331
4589,0.7862877779008457,2.0440651688999703,0.4294331
4589,0.7862877779008457,2.0358909105109437,0.4294331
4589,0.7862877779008457,2.0275023247770574,0.4294331
4589,0.7862877779008457,2.0189032113026557,0.4294331
4589,0.7862877779008457,2.0100974350477965,0.4294331
4589,0.7862877779008457,2.0010889236388576,0.4294331
4589,0.7862877779008457,1.9918816646513777,0.4294331
4589,0.7862877779008457,1.9824797028678458,0.4294331
4589,0.7862877779008457,1.9728871375130916,0.4294331
4589,0.7862877779008457,1.9631081194696203,0.4294331
4589,0.7862877779008457,1.953146848475837,0.4294331
4589,0.7862877779008457,1.9430075703094347,0.4294331
4589,0.7862877779008457,1.9326945739587293,0.4294331
4589,0.7862877779008457,1.922212188784489,0.4294331
4589,0.7862877779008457,1.9115647816747419,0.4294331
4589,0.7862877779008457,1.9007567541952755,0.4294331
4589,0.7862877779008457,1.8897925397382105,0.4294331
4589,0.7862877779008457,1.8786766006713103,0.4294331
4589,0.7862877779008457,1.8674134254904236,0.4294331
4589,0.7862877779008457,1.856007525977661,0.4294331
4589,0.7862877779008457,1.8444634343676063,0.4294331
4589,0.7862877779008457,1.8327857005241397,0.4294331
4589,0.7862877779008457,1.820978889130122,0.4294331
4589,0.7862877779008457,1.809047576892458,0.4294331
4589,0.7862877779008457,1.7969963497646833,0.4294331
4589,0.7862877779008457,1.784829800189488,0.4294331
4589,0.7862877779008457,1.7725525243633584,0.4294331
4589,0.7862877779008457,1.7601691195255385,0.4294331
4589,0.7862877779008457,1.7476841812734745,0.4294331
4589,0.7862877779008457,1.735102300906781,0.4294331
4589,0.7862877779008457,1.7224280628019129,0.4294331
4589,0.7862877779008457,1.70966604181935,0.4294331
4589,0.7862877779008457,1.6968208007454508,0.4294331
4589,0.7862877779008457,1.6838968877706497,0.4294331
4589,0.7862877779008457,1.6708988340059883,0.4294331
4589,0.7862877779008457,1.6578311510396977,0.4294331
4589,0.7862877779008457,1.6446983285355,0.4294331
4589,0.7862877779008457,1.6315048318743501,0.4294331
4589,0.7862877779008457,1.6182550998411709,0.4294331
4589,0.7862877779008457,1.6049535423580512,0.4294331
4589,0.7862877779008457,1.5916045382654977,0.4294331
4589,0.7862877779008457,1.5782124331529725,0.4294331
4589,0.7862877779008457,1.5647815372401335,0.4294331
4589,0.7862877779008457,1.5513161233100523,0.4294331
4589,0.7862877779008457,1.5378204246955083,0.4294331
4589,0.7862877779008457,1.5242986333195392,0.4294331
4589,0.7862877779008457,1.510754897791296,0.4294331
4589,0.7862877779008457,1.497193321558151,0.4294331
4589,0.7862877779008457,1.4836179611150127,0.4294331
4589,0.7862877779008457,1.4700328242715877,0.4294331
4589,0.7862877779008457,1.456441868478504,0.4294331
4589,0.7862877779008457,1.4428489992128777,0.4294331
4589,0.7862877779008457,1.4292580684239622,0.4294331
4589,0.7862877779008457,1.4156728730395205,0.4294331
4589,0.7862877779008457,1.4020971535332512,0.4294331
4589,0.7862877779008457,1.3885345925538952,0.4294331
4589,0.7862877779008457,1.3749888136161463,0.4294331
4589,0.7862877779008457,1.3614633798538271,0.4294331
4589,0.7862877779008457,1.347961792835428,0.4294331
4589,0.7862877779008457,1.3344874914422125,0.4294331
4589,0.7862877779008457,1.3210438508089388,0.4294331
4589,0.7862877779008457,1.3076341813272385,0.4294331
4589,0.7862877779008457,1.2942617277115092,0.4294331
4589,0.7862877779008457,1.2809296681274025,0.4294331
4589,0.7862877779008457,1.2676411133824652,0.4294331
4589,0.7862877779008457,1.2543991061789357,0.4294331
4589,0.7862877779008457,1.2412066204282228,0.4294331
4589,0.7862877779008457,1.2280665606268104,0.4294331
4589,0.7862877779008457,1.214981761293127,0.4294331
4589,0.7862877779008457,1.2019549864649164,0.4294331
4589,0.7862877779008457,1.1889889292565778,0.4294331
4589,0.7862877779008457,1.1760862114759092,0.4294331
4589,0.7862877779008457,1.1632493832996007,0.4294331
4589,0.7862877779008457,1.150480923006808,0.4294331
4589,0.7862877779008457,1.1377832367700675,0.4294331
4589,0.7862877779008457,1.1251586585028002,0.4294331
4589,0.7862877779008457,1.1126094497625105,0.4294331
4589,0.7862877779008457,1.1001377997089312,0.4294331
4589,0.7862877779008457,1.0877458251160446,0.4294331
4589,0.7862877779008457,1.0754355704372192,0.4294331
4589,0.7862877779008457,1.0632090079223024,0.4294331
4589,0.7862877779008457,1.051068037785746,0.4294331
4589,0.7862877779008457,1.0390144884246866,0.4294331
4589,0.7862877779008457,1.027050116685869,0.4294331
4589,0.7862877779008457,1.0151766081803155,0.4294331
4589,0.7862877779008457,1.003395577644557,0.4294331
4589,0.7862877779008457,0.9917085693473118,0.4294331
4589,0.7862877779008457,0.9801170575403059,0.4294331
4589,0.7862877779008457,0.9686224469521486,0.4294331
4589,0.7862877779008457,0.9572260733238173,0.4294331
4589,0.7862877779008457,0.9459292039847386,0.4294331
4589,0.7862877779008457,0.9347330384679365,0.4294331
4589,0.7862877779008457,0.9236387091630928,0.4294331
4589,0.7862877779008457,0.9126472820061509,0.4294331
4589,0.7862877779008457,0.9017597572041656,0.4294331
4589,0.7862877779008457,0.8909770699939956,0.4294331
4589,0.7862877779008457,0.8803000914335947,0.4294331
4589,0.7862877779008457,0.8697296292244163,0.4294331
4589,0.7862877779008457,0.8592664285637015,0.4294331
4589,0.7862877779008457,0.8489111730252008,0.4294331
4589,0.7862877779008457,0.8386644854669747,0.4294331
4589,0.7862877779008457,0.8285269289649541,0.4294331
4589,0.7862877779008457,0.8184990077708434,0.4294331
4589,0.7862877779008457,0.8085811682930101,0.4294331
4589,0.7862877779008457,0.7987738000990651,0.4294331
4589,0.7862877779008457,0.7890772369386826,0.4294331
4589,0.7862877779008457,0.779491757785401,0.4294331
4589,0.7862877779008457,0.7700175878960098,0.4294331
4589,0.7862877779008457,0.7606548998862702,0.4294331
4589,0.7862877779008457,0.7514038148215366,0.4294331
4589,0.7862877779008457,0.7422644033211361,0.4294331
4589,0.7862877779008457,0.7332366866750518,0.4294331
4589,0.7862877779008457,0.724320637971794,0.4294331
4589,0.7862877779008457,0.7155161832360655,0.4294331
4589,0.7862877779008457,0.7068232025751151,0.4294331
4589,0.7862877779008457,0.6982415313324392,0.4294331
4589,0.7862877779008457,0.6897709612477189,0.4294331
4589,0.7862877779008457,0.6814112416217709,0.4294331
4589,0.7862877779008457,0.6731620804853818,0.4294331
4589,0.7862877779008457,0.6650231457708672,0.4294331
4589,0.7862877779008457,0.6569940664852539,0.4294331
4589,0.7862877779008457,0.6490744338839969,0.4294331
4589,0.7862877779008457,0.6412638026442007,0.4294331
4589,0.7862877779008457,0.6335616920362247,0.4294331
4589,0.7862877779008457,0.6259675870927602,0.4294331
4589,0.7862877779008457,0.6184809397743363,0.4294331
4589,0.7862877779008457,0.6111011701303171,0.4294331
4589,0.7862877779008457,0.603827667454429,0.4294331
4589,0.7862877779008457,0.5966597914339804,0.4294331
4589,0.7862877779008457,0.5895968732918428,0.4294331
4589,0.7862877779008457,0.582638216920371,0.4294331
4589,0.7862877779008457,0.5757831000064559,0.4294331
4589,0.7862877779008457,0.5690307751469075,0.4294331
4589,0.7862877779008457,0.5623804709534239,0.4294331
4589,0.7862877779008457,0.5558313931464133,0.4294331
4589,0.7862877779008457,0.5493827256369905,0.4294331
4589,0.7862877779008457,0.5430336315964459,0.4294331
4589,0.7862877779008457,0.5367832545125938,0.4294331
4589,0.7862877779008457,0.5306307192323544,0.4294331
4589,0.7862877779008457,0.5245751329900332,0.4294331
4589,0.7862877779008457,0.5186155864207063,0.4294331
4589,0.7862877779008457,0.5127511545582432,0.4294331
4589,0.7862877779008457,0.5069808978174303,0.4294331
4589,0.7862877779008457,0.5013038629597926,0.4294331
4589,0.7862877779008457,0.49571908404263015,0.4294331
4589,0.7862877779008457,0.49022558335091265,0.4294331
4589,0.7862877779008457,0.4848223723116345,0.4294331
4589,0.7862877779008457,0.4795084523903091,0.4294331
4589,0.7862877779008457,0.47428281596927613,0.4294331
4589,0.7862877779008457,0.46914444720752035,0.4294331
4589,0.7862877779008457,0.46409232288178187,0.4294331
4589,0.7862877779008457,0.4591254132086963,0.4294331
4589,0.7862877779008457,0.4542426826477525,0.4294331
4589,0.7862877779008457,0.4494430906849195,0.4294331
4589,0.7862877779008457,0.44472559259675,0.4294331
4589,0.7862877779008457,0.44008914019486894,0.4294331
4589,0.7862877779008457,0.4355326825507119,0.4294331
4589,0.7862877779008457,0.43105516670043054,0.4294331
4589,0.7862877779008457,0.42665553832994835,0.4294331
4589,0.7862877779008457,0.4223327424400659,0.4294331
4589,0.7862877779008457,0.4180857239916711,0.4294331
4589,0.7862877779008457,0.4139134285310031,0.4294331
4589,0.7862877779008457,0.40981480279503407,0.4294331
4589,0.7862877779008457,0.40578879529701206,0.4294331
4589,0.7862877779008457,0.4018343568922286,0.4294331
4589,0.7862877779008457,0.39795044132408913,0.4294331
4589,0.7862877779008457,0.3941360057506204,0.4294331
4589,0.7862877779008457,0.390390011251514,0.4294331
4589,0.7862877779008457,0.38671142331585345,0.4294331
4589,0.7862877779008457,0.3830992123106846,0.4294331
4589,0.7862877779008457,0.37955235393060344,0.4294331
4589,0.7862877779008457,0.37606982962854607,0.4294331
4589,0.7862877779008457,0.37265062702798823,0.4294331
4589,0.7862877779008457,0.3692937403167451,0.4294331
4589,0.7862877779008457,0.36599817062266377,0.4294331
4589,0.7862877779008457,0.3627629263713638,0.4294331
4589,0.7862877779008457,0.3595870236263528,0.4294331
4589,0.7862877779008457,0.35646948641173143,0.4294331
4589,0.7862877779008457,0.3534093470178061,0.4294331
4589,0.7862877779008457,0.35040564628984483,0.4294331
4589,0.7862877779008457,0.3474574339003141,0.4294331
4589,0.7862877779008457,0.3445637686048775,0.4294331
4589,0.7862877779008457,0.34172371848244926,0.4294331
4589,0.7862877779008457,0.33893636115967996,0.4294331
4589,0.7862877779008457,0.3362007840201081,0.4294331
4589,0.7862877779008457,0.33351608439840297,0.4294331
4589,0.7862877779008457,0.3308813697599515,0.4294331
4589,0.7862877779008457,0.32829575786619775,0.4294331
4589,0.7862877779008457,0.3257583769260175,0.4294331
4589,0.7862877779008457,0.32326836573353723,0.4294331
4589,0.7862877779008457,0.3208248737926947,0.4294331
4589,0.7862877779008457,0.3184270614289351,0.4294331
4589,0.7862877779008457,0.31607409988837676,0.4294331
4589,0.7862877779008457,0.31376517142481025,0.4294331
4589,0.7862877779008457,0.31149946937490985,0.4294331
4589,0.7862877779008457,0.30927619822196767,0.4294331
4589,0.7862877779008457,0.30709457364857545,0.4294331
4589,0.7862877779008457,0.3049538225785603,0.4294331
4589,0.7862877779008457,0.30285318320857474,0.4294331
4589,0.7862877779008457,0.3007919050296519,0.4294331
4589,0.7862877779008457,0.2987692488391514,0.4294331
4589,0.7862877779008457,0.29678448674337266,0.4294331
4589,0.7862877779008457,0.29483690215125957,0.4294331
4589,0.7862877779008457,0.29292578975949246,0.4294331
4589,0.7862877779008457,0.2910504555293575,0.4294331
4589,0.7862877779008457,0.2892102166557004,0.4294331
4589,0.7862877779008457,0.2874044015283458,0.4294331
4589,0.7862877779008457,0.2856323496862715,0.4294331
4589,0.7862877779008457,0.28389341176492355,0.4294331
4589,0.7862877779008457,0.2821869494369574,0.4294331
4589,0.7862877779008457,0.2805123353467452,0.4294331
4589,0.7862877779008457,0.2788689530389777,0.4294331
4589,0.7862877779008457,0.27725619688166286,0.4294331
4589,0.7862877779008457,0.2756734719838294,0.4294331
4589,0.7862877779008457,0.2741201941082412,0.4294331
4589,0.7862877779008457,0.27259578957942754,0.4294331
4589,0.7862877779008457,0.2710996951873024,0.4294331
4589,0.7862877779008457,0.2696313580866833,0.4294331
4589,0.7862877779008457,0.2681902356929555,0.4294331
4589,0.7862877779008457,0.2667757955741966,0.4294331
4589,0.7862877779008457,0.2653875153399778,0.4294331
4589,0.7862877779008457,0.26402488252715994,0.4294331
4589,0.7862877779008457,0.26268739448287376,0.4294331
4589,0.7862877779008457,0.26137455824498873,0.4294331
4589,0.7862877779008457,0.26008589042027097,0.4294331
4589,0.7862877779008457,0.25882091706048005,0.4294331
4589,0.7862877779008457,0.25757917353662324,0.4294331
4589,0.7862877779008457,0.2563602044115975,0.4294331
4589,0.7862877779008457,0.2551635633114132,0.4294331
4589,0.7862877779008457,0.25398881279522434,0.4294331
4589,0.7862877779008457,0.25283552422434263,0.4294331
4589,0.7862877779008457,0.25170327763044326,0.4294331
4589,0.7862877779008457,0.2505916615831406,0.4294331
4589,0.7862877779008457,0.24950027305709538,0.4294331
4589,0.7862877779008457,0.24842871729886265,0.4294331
4589,0.7862877779008457,0.24737660769359163,0.4294331
4589,0.7862877779008457,0.24634356563177895,0.4294331
4589,0.7862877779008457,0.24532922037618796,0.4294331
4589,0.7862877779008457,0.2443332089291105,0.4294331
4589,0.7862877779008457,0.24335517590008166,0.4294331
4589,0.7862877779008457,0.24239477337418233,0.4294331
4589,0.7862877779008457,0.24145166078106173,0.4294331
4589,0.7862877779008457,0.24052550476478313,0.4294331
4589,0.7862877779008457,0.23961597905460996,0.4294331
4589,0.7862877779008457,0.2387227643368371,0.4294331
4589,0.7862877779008457,0.23784554812775702,0.4294331
4589,0.7862877779008457,0.2369840246478598,0.4294331
4589,0.7862877779008457,0.2361378946973418,0.4294331
4589,0.7862877779008457,0.2353068655330204,0.4294331
4589,0.7862877779008457,0.2344906507467063,0.4294331
4589,0.7862877779008457,0.23368897014511897,0.4294331
4589,0.7862877779008457,0.23290154963139764,0.4294331
4589,0.7862877779008457,0.23212812108826683,0.4294331
4589,0.7862877779008457,0.23136842226291449,0.4294331
4589,0.7862877779008457,0.2306221966536192,0.4294331
4589,0.7862877779008457,0.22988919339817498,0.4294331
4589,0.7862877779008457,0.2291691671641515,0.4294331
4589,0.7862877779008457,0.2284618780410161,0.4294331
4589,0.7862877779008457,0.2277670914341499,0.4294331
4589,0.7862877779008457,0.2270845779607815,0.4294331
4589,0.7862877779008457,0.2264141133478531,0.4294331
4589,0.7862877779008457,0.22575547833183937,0.4294331
4589,0.7862877779008457,0.2251084585605265,0.4294331
4589,0.7862877779008457,0.22447284449675417,0.4294331
4589,0.7862877779008457,0.22384843132413634,0.4294331
4589,0.7862877779008457,0.2232350188547505,0.4294331
4589,0.7862877779008457,0.2226324114387896,0.4294331
4589,0.7862877779008457,0.22204041787618436,0.4294331
4589,0.7862877779008457,0.22145885133016005,0.4294331
4589,0.7862877779008457,0.22088752924274802,0.4294331
4589,0.7862877779008457,0.22032627325220958,0.4294331
4589,0.7862877779008457,0.21977490911235906,0.4294331
4589,0.7862877779008457,0.21923326661377981,0.4294331
4589,0.7862877779008457,0.2187011795068892,0.4294331
4589,0.7862877779008457,0.2181784854268347,0.4294331
4589,0.7862877779008457,0.2176650258202089,0.4294331
4589,0.7862877779008457,0.21716064587351797,0.4294331
4589,0.7862877779008457,0.21666519444340626,0.4294331
4589,0.7862877779008457,0.2161785239885886,0.4294331
4589,0.7862877779008457,0.21570049050345003,0.4294331
4589,0.7862877779008457,0.21523095345328938,0.4294331
4589,0.7862877779008457,0.2147697757111503,0.4294331
4589,0.7862877779008457,0.21431682349622683,0.4294331
4589,0.7862877779008457,0.213871966313772,0.4294331
4589,0.7862877779008457,0.21343507689649,0.4294331
4589,0.7862877779008457,0.21300603114736724,0.4294331
4589,0.7862877779008457,0.21258470808387891,0.4294331
4589,0.7862877779008457,0.21217098978356017,0.4294331
4589,0.7862877779008457,0.21176476133086541,0.4294331
4589,0.7862877779008457,0.21136591076528957,0.4294331
4589,0.7862877779008457,0.2109743290306997,0.4294331
4589,0.7862877779008457,0.21058990992583485,0.4294331
4589,0.7862877779008457,0.2102125500559186,0.4294331
4589,0.7862877779008457,0.20984214878534782,0.4294331
4589,0.7862877779008457,0.20947860819141434,0.4294331
4589,0.7862877779008457,0.2091218330189898,0.4294331
4589,0.7862877779008457,0.20877173063617005,0.4294331
4589,0.7862877779008457,0.20842821099078637,0.4294331
4589,0.7862877779008457,0.2080911865677734,0.4294331
4589,0.7862877779008457,0.20776057234732848,0.4294331
4589,0.7862877779008457,0.20743628576382953,0.4294331
4589,0.7862877779008457,0.20711824666546322,0.4294331
4589,0.7862877779008457,0.20680637727451825,0.4294331
4589,0.7862877779008457,0.20650060214829755,0.4294331
4589,0.7862877779008457,0.2062008481406212,0.4294331
4589,0.7862877779008457,0.2059070443638661,0.4294331
4589,0.7862877779008457,0.2056191221515033,0.4294331
4589,0.7862877779008457,0.20533701502109708,0.4294331
4589,0.7862877779008457,0.20506065863773326,0.4294331
4589,0.7862877779008457,0.2047899907778158,0.4294331
4589,0.7862877779008457,0.20452495129322892,0.4294331
4589,0.7862877779008457,0.204265482075799,0.4294331
4589,0.7862877779008457,0.20401152702203873,0.4294331
4589,0.7862877779008457,0.2037630319981391,0.4294331
4589,0.7862877779008457,0.20351994480516433,0.4294331
4589,0.7862877779008457,0.20328221514444078,0.4294331
4589,0.7862877779008457,0.20304979458308023,0.4294331
4589,0.7862877779008457,0.20282263651965055,0.4294331
4589,0.7862877779008457,0.20260069614991907,0.4294331
4589,0.7862877779008457,0.20238393043267877,0.4294331
4589,0.7862877779008457,0.20217229805561857,0.4294331
4589,0.7862877779008457,0.2019657594012167,0.4294331
4589,0.7862877779008457,0.2017642765126325,0.4294331
4589,0.7862877779008457,0.20156781305957652,0.4294331
4589,0.7862877779008457,0.20137633430415203,0.4294331
4589,0.7862877779008457,0.20118980706662848,0.4294331
4589,0.7862877779008457,0.201008199691148,0.4294331
4589,0.7862877779008457,0.20083148201134512,0.4294331
4589,0.7862877779008457,0.20065962531586254,0.4294331
4589,0.7862877779008457,0.20049260231375307,0.4294331
4589,0.7862877779008457,0.2003303870997642,0.4294331
4589,0.7862877779008457,0.20017295511947775,0.4294331
4589,0.7862877779008457,0.20002028313432094,0.4294331
4589,0.7862877779008457,0.19987234918641875,0.4294331
4589,0.7862877779008457,0.19972913256329794,0.4294331
4589,0.7862877779008457,0.1995906137624375,0.4294331
4589,0.7862877779008457,0.19945677445564794,0.4294331
4589,0.7862877779008457,0.1993275974533003,0.4294331
4589,0.7862877779008457,0.19920306666839063,0.4294331
4589,0.7862877779008457,0.19908316708044585,0.4294331
4589,0.7862877779008457,0.19896788469926366,0.4294331
4589,0.7862877779008457,0.19885720652851605,0.4294331
4589,0.7862877779008457,0.19875112052918675,0.4294331
4589,0.7862877779008457,0.19864961558287703,0.4294331
4589,0.7862877779008457,0.19855268145497582,0.4294331
4589,0.7862877779008457,0.19846030875769882,0.4294331
4589,0.7862877779008457,0.1983724889130171,0.4294331
4589,0.7862877779008457,0.19828921411547645,0.4294331
4589,0.7862877779008457,0.19821047729491836,0.4294331
4589,0.7862877779008457,0.19813627207913498,0.4294331
4589,0.7862877779008457,0.19806659275643718,0.4294331
4589,0.7862877779008457,0.1980014342381861,0.4294331
4589,0.7862877779008457,0.19794079202127918,0.4294331
4589,0.7862877779008457,0.19788466215061726,0.4294331
4589,0.7862877779008457,0.19783304118157785,0.4294331
4589,0.7862877779008457,0.19778592614249074,0.4294331
4589,0.7862877779008457,0.19774331449715674,0.4294331
4589,0.7862877779008457,0.19770520410742304,0.4294331
4589,0.7862877779008457,0.19767159319583055,0.4294331
4589,0.7862877779008457,0.19764248030835876,0.4294331
4589,0.7862877779008457,0.19761786427728725,0.4294331
4589,0.7862877779008457,0.19759774418420992,0.4294331
4589,0.7862877779008457,0.1975821193231982,0.4294331
4589,0.7862877779008457,0.19757098916416388,0.4294331
4589,0.7862877779008457,0.19756435331643024,0.4294331
4589,0.7862877779008457,0.19756221149254416,0.4294331
4589,0.7862877779008457,0.19756456347234333,0.4294331
4589,0.7862877779008457,0.19757140906732154,0.4294331
4589,0.7862877779008457,0.1975827480852969,0.4294331
4589,0.7862877779008457,0.19759858029542826,0.4294331
4589,0.7862877779008457,0.19761890539359542,0.4294331
4589,0.7862877779008457,0.1976437229681631,0.4294331
4589,0.7862877779008457,0.19767303246618131,0.4294331
4589,0.7862877779008457,0.19770683316001328,0.4294331
4589,0.7862877779008457,0.1977451241144492,0.4294331
4589,0.7862877779008457,0.19778790415431222,0.4294331
4589,0.7862877779008457,0.19783517183259644,0.4294331
4589,0.7862877779008457,0.197886925399152,0.4294331
4589,0.7862877779008457,0.197943162769959,0.4294331
4589,0.7862877779008457,0.19800388149699566,0.4294331
4589,0.7862877779008457,0.19806907873875754,0.4294331
4589,0.7862877779008457,0.1981387512314207,0.4294331
4589,0.7862877779008457,0.19821289526069727,0.4294331
4589,0.7862877779008457,0.19829150663440734,0.4294331
4589,0.7862877779008457,0.19837458065578126,0.4294331
4589,0.7862877779008457,0.1984621120975205,0.4294331
4589,0.7862877779008457,0.19855409517666822,0.4294331
4589,0.7862877779008457,0.19865052353026205,0.4294331
4589,0.7862877779008457,0.1987513901918421,0.4294331
4589,0.7862877779008457,0.19885668756881508,0.4294331
4589,0.7862877779008457,0.19896640742069455,0.4294331
4589,0.7862877779008457,0.19908054083825513,0.4294331
4589,0.7862877779008457,0.19919907822360708,0.4294331
4589,0.7862877779008457,0.19932200927121235,0.4294331
4589,0.7862877779008457,0.19944932294988896,0.4294331
4589,0.7862877779008457,0.1995810074857807,0.4294331
4589,0.7862877779008457,0.19971705034635417,0.4294331
4589,0.7862877779008457,0.199857438225398,0.4294331
4589,0.7862877779008457,0.20000215702909488,0.4294331
4589,0.7862877779008457,0.20015119186312952,0.4294331
4589,0.7862877779008457,0.20030452702088375,0.4294331
4589,0.7862877779008457,0.2004621459727234,0.4294331
4589,0.7862877779008457,0.200624031356389,0.4294331
4589,0.7862877779008457,0.20079016496850371,0.4294331
4589,0.7862877779008457,0.20096052775722095,0.4294331
4589,0.7862877779008457,0.20113509981600652,0.4294331
4589,0.7862877779008457,0.2013138603785813,0.4294331
4589,0.7862877779008457,0.20149678781502978,0.4294331
4589,0.7862877779008457,0.20168385962907395,0.4294331
4589,0.7862877779008457,0.2018750524565291,0.4294331
4589,0.7862877779008457,0.20207034206496113,0.4294331
4589,0.7862877779008457,0.20226970335451344,0.4294331
4589,0.7862877779008457,0.20247311035995502,0.4294331
4589,0.7862877779008457,0.20268053625391383,0.4294331
4589,0.7862877779008457,0.20289195335131902,0.4294331
4589,0.7862877779008457,0.20310733311505177,0.4294331
4589,0.7862877779008457,0.20332664616279922,0.4294331
4589,0.7862877779008457,0.20354986227511415,0.4294331
4589,0.7862877779008457,0.20377695040467847,0.4294331
4589,0.7862877779008457,0.2040078786867696,0.4294331
4589,0.7862877779008457,0.2042426144509154,0.4294331
4589,0.7862877779008457,0.20448112423375525,0.4294331
4589,0.7862877779008457,0.20472337379307612,0.4294331
4589,0.7862877779008457,0.204969328123023,0.4294331
4589,0.7862877779008457,0.20521895147049773,0.4294331
4589,0.7862877779008457,0.20547220735269833,0.4294331
4589,0.7862877779008457,0.2057290585758194,0.4294331
4589,0.7862877779008457,0.205989467254894,0.4294331
4589,0.7862877779008457,0.20625339483475144,0.4294331
4589,0.7862877779008457,0.20652080211209517,0.4294331
4589,0.7862877779008457,0.20679164925867732,0.4294331
4589,0.7862877779008457,0.20706589584555277,0.4294331
4589,0.7862877779008457,0.20734350086839964,0.4294331
4589,0.7862877779008457,0.2076244227738889,0.4294331
4589,0.7862877779008457,0.2079086194870794,0.4294331
4589,0.7862877779008457,0.20819604843982215,0.4294331
4589,0.7862877779008457,0.20848666660015394,0.4294331
4589,0.7862877779008457,0.20878043050265804,0.4294331
4589,0.7862877779008457,0.20907729627976132,0.4294331
4589,0.7862877779008457,0.20937721969395864,0.4294331
4589,0.7862877779008457,0.20968015617093885,0.4294331
4589,0.7862877779008457,0.20998606083355348,0.4294331
4589,0.7862877779008457,0.2102948885366647,0.4294331
4589,0.7862877779008457,0.21060659390278583,0.4294331
4589,0.7862877779008457,0.2109211313585178,0.4294331
4589,0.7862877779008457,0.21123845517174897,0.4294331
4589,0.7862877779008457,0.2115585194895795,0.4294331
4589,0.7862877779008457,0.2118812783769537,0.4294331
4589,0.7862877779008457,0.2122066858559551,0.4294331
4589,0.7862877779008457,0.21253469594574584,0.4294331
4589,0.7862877779008457,0.21286526270311243,0.4294331
4589,0.7862877779008457,0.21319834026357998,0.4294331
4589,0.7862877779008457,0.2135338828830731,0.4294331
4589,0.7862877779008457,0.21387184498008116,0.4294331
4589,0.7862877779008457,0.21421218117829655,0.4294331
4589,0.7862877779008457,0.21455484634969005,0.4294331
4589,0.7862877779008457,0.21489979565798745,0.4294331
4589,0.7862877779008457,0.2152469846025215,0.4294331
4589,0.7862877779008457,0.21559636906240187,0.4294331
4589,0.7862877779008457,0.21594790534099195,0.4294331
4589,0.7862877779008457,0.21630155021063455,0.4294331
4589,0.7862877779008457,0.21665726095760324,0.4294331
4589,0.7862877779008457,0.2170149954272438,0.4294331
4589,0.7862877779008457,0.2173747120692474,0.4294331
4589,0.7862877779008457,0.2177363699830477,0.4294331
4589,0.7862877779008457,0.21809992896328295,0.4294331
4589,0.7862877779008457,0.21846534954529379,0.4294331
4589,0.7862877779008457,0.2188325930506188,0.4294331
4589,0.7862877779008457,0.21920162163244658,0.4294331
4589,0.7862877779008457,0.21957239832099176,0.4294331
4589,0.7862877779008457,0.21994488706874635,0.4294331
4589,0.7862877779008457,0.22031905279559796,0.4294331
4589,0.7862877779008457,0.22069486143372963,0.4294331
4589,0.7862877779008457,0.2210722799723152,0.4294331
4589,0.7862877779008457,0.221451276501928,0.4294331
4589,0.7862877779008457,0.22183182025867323,0.4294331
4589,0.7862877779008457,0.222213881667959,0.4294331
4589,0.7862877779008457,0.22259743238790033,0.4294331
4589,0.7862877779008457,0.22298244535232323,0.4294331
4589,0.7862877779008457,0.22336889481331143,0.4294331
4589,0.7862877779008457,0.2237567563832787,0.4294331
4589,0.7862877779008457,0.22414600707652516,0.4294331
4589,0.7862877779008457,0.22453662535024835,0.4294331
4589,0.7862877779008457,0.22492859114497035,0.4294331
4589,0.7862877779008457,0.2253218859243578,0.4294331
4589,0.7862877779008457,0.22571649271437605,0.4294331
4589,0.7862877779008457,0.22611239614179787,0.4294331
4589,0.7862877779008457,0.22650958247198053,0.4294331
4589,0.7862877779008457,0.22690803964590697,0.4294331
4589,0.7862877779008457,0.22730775731646913,0.4294331
4589,0.7862877779008457,0.2277087268839523,0.4294331
4589,0.7862877779008457,0.22811094153068692,0.4294331
4589,0.7862877779008457,0.2285143962548723,0.4294331
4589,0.7862877779008457,0.2289190879034933,0.4294331
4589,0.7862877779008457,0.22932501520436596,0.4294331
4589,0.7862877779008457,0.22973217879724367,0.4294331
4589,0.7862877779008457,0.23014058126396678,0.4294331
4589,0.7862877779008457,0.2305502271576611,0.4294331
4589,0.7862877779008457,0.23096112303093114,0.4294331
4589,0.7862877779008457,0.23137327746304337,0.4294331
4589,0.7862877779008457,0.23178670108608407,0.4294331
4589,0.7862877779008457,0.23220140661005792,0.4294331
4589,0.7862877779008457,0.2326174088469321,0.4294331
4589,0.7862877779008457,0.2330347247335889,0.4294331
4589,0.7862877779008457,0.23345337335368654,0.4294331
4589,0.7862877779008457,0.23387337595840615,0.4294331
4589,0.7862877779008457,0.23429475598608124,0.4294331
4589,0.7862877779008457,0.23471753908068277,0.4294331
4589,0.7862877779008457,0.23514175310917623,0.4294331
4589,0.7862877779008457,0.23556742817770276,0.4294331
4589,0.7862877779008457,0.23599459664662456,0.4294331
4589,0.7862877779008457,0.23642329314437938,0.4294331
4589,0.7862877779008457,0.2368535545801806,0.4294331
4589,0.7862877779008457,0.23728542015552892,0.4294331
4589,0.7862877779008457,0.23771893137454456,0.4294331
4589,0.7862877779008457,0.23815413205313138,0.4294331
4589,0.7862877779008457,0.23859106832694332,0.4294331
4589,0.7862877779008457,0.23902978865817606,0.4294331
4589,0.7862877779008457,0.23947034384118476,0.4294331
4589,0.7862877779008457,0.23991278700692364,0.4294331
4589,0.7862877779008457,0.24035717362621253,0.4294331
4589,0.7862877779008457,0.24080356151184826,0.4294331
4589,0.7862877779008457,0.2412520108195475,0.4294331
4589,0.7862877779008457,0.24170258404775324,0.4294331
4589,0.7862877779008457,0.24215534603629227,0.4294331
4589,0.7862877779008457,0.24261036396391494,0.4294331
4589,0.7862877779008457,0.24306770734471458,0.4294331
4589,0.7862877779008457,0.24352744802344392,0.4294331
4589,0.7862877779008457,0.24398966016975066,0.4294331
4589,0.7862877779008457,0.2444544202713379,0.4294331
4589,0.7862877779008457,0.2449218071260678,0.4294331
4589,0.7862877779008457,0.24539190183303916,0.4294331
4589,0.7862877779008457,0.24586478778263987,0.4294331
4589,0.7862877779008457,0.24634055064560656,0.4294331
4589,0.7862877779008457,0.24681927836111492,0.4294331
4589,0.7862877779008457,0.247301061123913,0.4294331
4589,0.7862877779008457,0.2477859913705305,0.4294331
4589,0.7862877779008457,0.2482741637645847,0.4294331
4589,0.7862877779008457,0.24876567518121767,0.4294331
4589,0.7862877779008457,0.2492606246906683,0.4294331
4589,0.7862877779008457,0.24975911354104335,0.4294331
4589,0.7862877779008457,0.25026124514028303,0.4294331
4589,0.7862877779008457,0.2507671250373738,0.4294331
4589,0.7862877779008457,0.2512768609028179,0.4294331
4589,0.7862877779008457,0.25179056250842397,0.4294331
4589,0.7862877779008457,0.2523083417064097,0.4294331
4589,0.7862877779008457,0.25283031240788933,0.4294331
4589,0.7862877779008457,0.25335659056075266,0.4294331
4589,0.7862877779008457,0.2538872941269827,0.4294331
4589,0.7862877779008457,0.2544225430594523,0.4294331
4589,0.7862877779008457,0.25496245927822053,0.4294331
4589,0.7862877779008457,0.2555071666463784,0.4294331
4589,0.7862877779008457,0.2560567909454879,0.4294331
4589,0.7862877779008457,0.25661145985062717,0.4294331
4589,0.7862877779008457,0.25717130290510903,0.4294331
4589,0.7862877779008457,0.25773645149490376,0.4294331
4589,0.7862877779008457,0.2583070388227822,0.4294331
4589,0.7862877779008457,0.2588831998822702,0.4294331
4589,0.7862877779008457,0.2594650714313961,0.4294331
4589,0.7862877779008457,0.2600527919663202,0.4294331
4589,0.7862877779008457,0.2606465016948612,0.4294331
4589,0.7862877779008457,0.261246342509971,0.4294331
4589,0.7862877779008457,0.2618524579631947,0.4294331
4589,0.7862877779008457,0.26246499323816147,0.4294331
4589,0.7862877779008457,0.2630840951241456,0.4294331
4589,0.7862877779008457,0.26370991198975186,0.4294331
4589,0.7862877779008457,0.2643425937567335,0.4294331
4589,0.7862877779008457,0.26498229187403816,0.4294331
4589,0.7862877779008457,0.265629159292071,0.4294331
4589,0.7862877779008457,0.26628335043724605,0.4294331
4589,0.7862877779008457,0.2669450211868693,0.4294331
4589,0.7862877779008457,0.26761432884438285,0.4294331
4589,0.7862877779008457,0.2682914321149996,0.4294331
4589,0.7862877779008457,0.268976491081815,0.4294331
4589,0.7862877779008457,0.26966966718238233,0.4294331
4589,0.7862877779008457,0.27037112318583095,0.4294331
4589,0.7862877779008457,0.27108102317053434,0.4294331
4589,0.7862877779008457,0.27179953250239147,0.4294331
4589,0.7862877779008457,0.2725268178137869,0.4294331
4589,0.7862877779008457,0.27326304698316284,0.4294331
4589,0.7862877779008457,0.2740083891153604,0.4294331
4589,0.7862877779008457,0.2747630145227314,0.4294331
4589,0.7862877779008457,0.2755270947069593,0.4294331
4589,0.7862877779008457,0.2763008023418233,0.4294331
4589,0.7862877779008457,0.27708431125671756,0.4294331
4589,0.7862877779008457,0.2778777964210753,0.4294331
4589,0.7862877779008457,0.2786814339298243,0.4294331
4589,0.7862877779008457,0.27949540098964215,0.4294331
4589,0.7862877779008457,0.28031987590625695,0.4294331
4589,0.7862877779008457,0.2811550380727933,0.4294331
4589,0.7862877779008457,0.28200106795916996,0.4294331
4589,0.7862877779008457,0.28285814710241264,0.4294331
4589,0.7862877779008457,0.2837264580982091,0.4294331
4589,0.7862877779008457,0.2846061845935262,0.4294331
4589,0.7862877779008457,0.2854975112802962,0.4294331
4589,0.7862877779008457,0.2864006238904236,0.4294331
4589,0.7862877779008457,0.28731570919171107,0.4294331
4589,0.7862877779008457,0.2882429549851424,0.4294331
4589,0.7862877779008457,0.2891825501033266,0.4294331
4589,0.7862877779008457,0.2901346844101397,0.4294331
4589,0.7862877779008457,0.2910995488015922,0.4294331
4589,0.7862877779008457,0.2920773352079267,0.4294331
4589,0.7862877779008457,0.29306823659695286,0.4294331
4589,0.7862877779008457,0.2940724469786415,0.4294331
4589,0.7862877779008457,0.2950901614109346,0.4294331
4589,0.7862877779008457,0.2961215760068176,0.4294331
4589,0.7862877779008457,0.29716688794266527,0.4294331
4589,0.7862877779008457,0.2982262954678465,0.4294331
4589,0.7862877779008457,0.29929999791543277,0.4294331
4589,0.7862877779008457,0.30038819571430264,0.4294331
4589,0.7862877779008457,0.30149109040240013,0.4294331
4589,0.7862877779008457,0.3026088846412014,0.4294331
4589,0.7862877779008457,0.30374178223139403,0.4294331
4589,0.7862877779008457,0.3048899881297228,0.4294331
4589,0.7862877779008457,0.3060537084670016,0.4294331
4589,0.7862877779008457,0.30723315056727324,0.4294331
4589,0.7862877779008457,0.30842852296807305,0.4294331
4589,0.7862877779008457,0.3096400354417854,0.4294331
4589,0.7862877779008457,0.3108678990180735,0.4294331
4589,0.7862877779008457,0.3121123260073188,0.4294331
4589,0.7862877779008457,0.3133735300250671,0.4294331
4589,0.7862877779008457,0.3146517260174386,0.4294331
4589,0.7862877779008457,0.31594713028743887,0.4294331
4589,0.7862877779008457,0.31725996052217126,0.4294331
4589,0.7862877779008457,0.3185904358208608,0.4294331
4589,0.7862877779008457,0.31993877672367704,0.4294331
4589,0.7862877779008457,0.3213052052412831,0.4294331
4589,0.7862877779008457,0.32268994488507846,0.4294331
4589,0.7862877779008457,0.32409322069806207,0.4294331
4589,0.7862877779008457,0.32551525928625435,0.4294331
4589,0.7862877779008457,0.32695628885065503,0.4294331
4589,0.7862877779008457,0.32841653921961983,0.4294331
4589,0.7862877779008457,0.32989624188162353,0.4294331
4589,0.7862877779008457,0.3313956300183353,0.4294331
4589,0.7862877779008457,0.33291493853793297,0.4294331
4589,0.7862877779008457,0.334454404108572,0.4294331
4589,0.7862877779008457,0.3360142651919433,0.4294331
4589,0.7862877779008457,0.3375947620768436,0.4294331
4589,0.7862877779008457,0.33919613691266304,0.4294331
4589,0.7862877779008457,0.3408186337427025,0.4294331
4589,0.7862877779008457,0.34246249853726013,0.4294331
4589,0.7862877779008457,0.34412797922636407,0.4294331
4589,0.7862877779008457,0.3458153257320702,0.4294331
4589,0.7862877779008457,0.3475247900002427,0.4294331
4589,0.7862877779008457,0.3492566260316978,0.4294331
4589,0.7862877779008457,0.3510110899126259,0.4294331
4589,0.7862877779008457,0.35278843984417513,0.4294331
4589,0.7862877779008457,0.35458893617111464,0.4294331
4589,0.7862877779008457,0.3564128414094449,0.4294331
4589,0.7862877779008457,0.358260420272852,0.4294331
4589,0.7862877779008457,0.3601319396979094,0.4294331
4589,0.7862877779008457,0.3620276688678904,0.4294331
4589,0.7862877779008457,0.3639478792350964,0.4294331
4589,0.7862877779008457,0.36589284454156384,0.4294331
4589,0.7862877779008457,0.36786284083804355,0.4294331
4589,0.7862877779008457,0.3698581465011212,0.4294331
4589,0.7862877779008457,0.37187904224837187,0.4294331
4589,0.7862877779008457,0.37392581115139245,0.4294331
4589,0.7862877779008457,0.37599873864662614,0.4294331
4589,0.7862877779008457,0.3780981125438086,0.4294331
4589,0.7862877779008457,0.3802242230319437,0.4294331
4589,0.7862877779008457,0.38237736268264966,0.4294331
4589,0.7862877779008457,0.3845578264507562,0.4294331
4589,0.7862877779008457,0.38676591167201935,0.4294331
4589,0.7862877779008457,0.3890019180578297,0.4294331
4589,0.7862877779008457,0.3912661476867453,0.4294331
4589,0.7862877779008457,0.39355890499275364,0.4294331
4589,0.7862877779008457,0.3958804967501037,0.4294331
4589,0.7862877779008457,0.3982312320545772,0.4294331
4589,0.7862877779008457,0.40061142230106483,0.4294331
4589,0.7862877779008457,0.4030213811573079,0.4294331
4589,0.7862877779008457,0.4054614245336563,0.4294331
4589,0.7862877779008457,0.4079318705487357,0.4294331
4589,0.7862877779008457,0.41043303949085963,0.4294331
4589,0.7862877779008457,0.41296525377505905,0.4294331
4589,0.7862877779008457,0.4155288378955989,0.4294331
4589,0.7862877779008457,0.41812411837383556,0.4294331
4589,0.7862877779008457,0.4207514237012991,0.4294331
4589,0.7862877779008457,0.4234110842778495,0.4294331
4589,0.7862877779008457,0.42610343234477677,0.4294331
4589,0.7862877779008457,0.4288288019127349,0.4294331
4589,0.7862877779008457,0.4315875286843546,0.4294331
4589,0.7862877779008457,0.4343799499714258,0.4294331
4589,0.7862877779008457,0.4372064046065188,0.4294331
4589,0.7862877779008457,0.4400672328489182,0.4294331
4589,0.7862877779008457,0.44296277628475894,0.4294331
4589,0.7862877779008457,0.44589337772124343,0.4294331
4589,0.7862877779008457,0.44885938107481604,0.4294331
4589,0.7862877779008457,0.4518611312531911,0.4294331
4589,0.7862877779008457,0.45489897403113416,0.4294331
4589,0.7862877779008457,0.45797325591986965,0.4294331
4589,0.7862877779008457,0.4610843240300311,0.4294331
4589,0.7862877779008457,0.4642325259280569,0.4294331
4589,0.7862877779008457,0.46741820948591994,0.4294331
4589,0.7862877779008457,0.4706417227241235,0.4294331
4589,0.7862877779008457,0.4739034136478534,0.4294331
4589,0.7862877779008457,0.4772036300762425,0.4294331
4589,0.7862877779008457,0.4805427194646218,0.4294331
4589,0.7862877779008457,0.4839210287197436,0.4294331
4589,0.7862877779008457,0.48733890400785984,0.4294331
4589,0.7862877779008457,0.4907966905556337,0.4294331
4589,0.7862877779008457,0.49429473244380734,0.4294331
4589,0.7862877779008457,0.4978333723935907,0.4294331
4589,0.7862877779008457,0.5014129515457233,0.4294331
4589,0.7862877779008457,0.5050338092321696,0.4294331
4589,0.7862877779008457,0.5086962827404382,0.4294331
4589,0.7862877779008457,0.5124007070704737,0.4294331
4589,0.7862877779008457,0.5161474146841186,0.4294331
4589,0.7862877779008457,0.5199367352471682,0.4294331
4589,0.7862877779008457,0.5237689953639348,0.4294331
4589,0.7862877779008457,0.5276445183044494,0.4294331
4589,0.7862877779008457,0.5315636237241936,0.4294331
4589,0.7862877779008457,0.5355266273764617,0.4294331
4589,0.7862877779008457,0.5395338408173681,0.4294331
4589,0.7862877779008457,0.5435855711035117,0.4294331
4589,0.7862877779008457,0.5476821204823965,0.4294331
4589,0.7862877779008457,0.5518237860755986,0.4294331
4589,0.7862877779008457,0.5560108595548178,0.4294331
4589,0.7862877779008457,0.5602436268108224,0.4294331
4589,0.7862877779008457,0.5645223676154206,0.4294331
4589,0.7862877779008457,0.5688473552765179,0.4294331
4589,0.7862877779008457,0.5732188562863842,0.4294331
4589,0.7862877779008457,0.5776371299632421,0.4294331
4589,0.7862877779008457,0.5821024280862825,0.4294331
4589,0.7862877779008457,0.5866149945242424,0.4294331
4589,0.7862877779008457,0.5911750648577153,0.4294331
4589,0.7862877779008457,0.5957828659953124,0.4294331
4589,0.7862877779008457,0.6004386157838543,0.4294331
4589,0.7862877779008457,0.605142522612752,0.4294331
4589,0.7862877779008457,0.609894785012785,0.4294331
4589,0.7862877779008457,0.6146955912494584,0.4294331
4589,0.7862877779008457,0.6195451189111172,0.4294331
4589,0.7862877779008457,0.6244435344920802,0.4294331
4589,0.7862877779008457,0.6293909929709965,0.4294331
4589,0.7862877779008457,0.6343876373846346,0.4294331
4589,0.7862877779008457,0.6394335983974092,0.4294331
4589,0.7862877779008457,0.6445289938668498,0.4294331
4589,0.7862877779008457,0.6496739284053051,0.4294331
4589,0.7862877779008457,0.6548684929381611,0.4294331
4589,0.7862877779008457,0.6601127642588549,0.4294331
4589,0.7862877779008457,0.6654068045810003,0.4294331
4589,0.7862877779008457,0.6707506610878978,0.4294331
4589,0.7862877779008457,0.6761443654798139,0.4294331
4589,0.7862877779008457,0.6815879335192833,0.4294331
4589,0.7862877779008457,0.6870813645748544,0.4294331
4589,0.7862877779008457,0.6926246411635634,0.4294331
4589,0.7862877779008457,0.6982177284925467,0.4294331
4589,0.7862877779008457,0.7038605740001294,0.4294331
4589,0.7862877779008457,0.7095531068967925,0.4294331
4589,0.7862877779008457,0.7152952377064064,0.4294331
4589,0.7862877779008457,0.7210868578081248,0.4294331
4589,0.7862877779008457,0.7269278389793428,0.4294331
4589,0.7862877779008457,0.7328180329401653,0.4294331
4589,0.7862877779008457,0.7387572708997628,0.4294331
4589,0.7862877779008457,0.7447453631051156,0.4294331
4589,0.7862877779008457,0.7507820983925114,0.4294331
4589,0.7862877779008457,0.7568672437423424,0.4294331
4589,0.7862877779008457,0.7630005438375453,0.4294331
4589,0.7862877779008457,0.7691817206262654,0.4294331
4589,0.7862877779008457,0.7754104728891396,0.4294331
4589,0.7862877779008457,0.781686475811682,0.4294331
4589,0.7862877779008457,0.7880093805623412,0.4294331
4589,0.7862877779008457,0.7943788138765713,0.4294331
4589,0.7862877779008457,0.8007943776475558,0.4294331
4589,0.7862877779008457,0.8072556485240109,0.4294331
4589,0.7862877779008457,0.813762177515589,0.4294331
4589,0.7862877779008457,0.82031348960638,0.4294331
4589,0.7862877779008457,0.8269090833770547,0.4294331
4589,0.7862877779008457,0.8335484306361428,0.4294331
4589,0.7862877779008457,0.8402309760609605,0.4294331
4589,0.7862877779008457,0.8469561368487276,0.4294331
4589,0.7862877779008457,0.8537233023783849,0.4294331
4589,0.7862877779008457,0.8605318338836193,0.4294331
4589,0.7862877779008457,0.8673810641376626,0.4294331
4589,0.7862877779008457,0.8742702971503814,0.4294331
4589,0.7862877779008457,0.8811988078780806,0.4294331
4589,0.7862877779008457,0.8881658419467362,0.4294331
4589,0.7862877779008457,0.895170615388984,0.4294331
4589,0.7862877779008457,0.9022123143955061,0.4294331
4589,0.7862877779008457,0.9092900950812911,0.4294331
4589,0.7862877779008457,0.9164030832672536,0.4294331
4589,0.7862877779008457,0.9235503742777668,0.4294331
4589,0.7862877779008457,0.9307310327545877,0.4294331
4589,0.7862877779008457,0.937944092487664,0.4294331
4589,0.7862877779008457,0.9451885562633335,0.4294331
4589,0.7862877779008457,0.9524633957303875,0.4294331
4589,0.7862877779008457,0.9597675512844636,0.4294331
4589,0.7862877779008457,0.9670999319712726,0.4294331
4589,0.7862877779008457,0.9744594154090821,0.4294331
4589,0.7862877779008457,0.9818448477309156,0.4294331
4589,0.7862877779008457,0.9892550435469276,0.4294331
4589,0.7862877779008457,0.9966887859273571,0.4294331
4589,0.7862877779008457,1.0041448264064996,0.4294331
4589,0.7862877779008457,1.0116218850080805,0.4294331
4589,0.7862877779008457,1.0191186502924456,0.4294331
4589,0.7862877779008457,1.0266337794259366,0.4294331
4589,0.7862877779008457,1.0341658982728086,0.4294331
4589,0.7862877779008457,1.0417136015100597,0.4294331
4589,0.7862877779008457,1.0492754527654928,0.4294331
4589,0.7862877779008457,1.0568499847793398,0.4294331
4589,0.7862877779008457,1.0644356995897366,0.4294331
4589,0.7862877779008457,1.0720310687423384,0.4294331
4589,0.7862877779008457,1.079634533524356,0.4294331
4589,0.7862877779008457,1.0872445052232516,0.4294331
4589,0.7862877779008457,1.094859365410311,0.4294331
4589,0.7862877779008457,1.1024774662493002,0.4294331
4589,0.7862877779008457,1.110097130830486,0.4294331
4589,0.7862877779008457,1.1177166535299772,0.4294331
4589,0.7862877779008457,1.1253343003948064,0.4294331
4589,0.7862877779008457,1.1329483095536506,0.4294331
4589,0.7862877779008457,1.1405568916534152,0.4294331
4589,0.7862877779008457,1.1481582303217193,0.4294331
4589,0.7862877779008457,1.1557504826553717,0.4294331
4589,0.7862877779008457,1.1633317797347824,0.4294331
4589,0.7862877779008457,1.170900227164467,0.4294331
4589,0.7862877779008457,1.1784539056394763,0.4294331
4589,0.7862877779008457,1.18599087153781,0.4294331
4589,0.7862877779008457,1.1935091575386934,0.4294331
4589,0.7862877779008457,1.2010067732666532,0.4294331
4589,0.7862877779008457,1.2084817059612882,0.4294331
4589,0.7862877779008457,1.2159319211725206,0.4294331
4589,0.7862877779008457,1.2233553634812544,0.4294331
4589,0.7862877779008457,1.2307499572451381,0.4294331
4589,0.7862877779008457,1.238113607369339,0.4294331
4589,0.7862877779008457,1.2454442001019128,0.4294331
4589,0.7862877779008457,1.2527396038536538,0.4294331
4589,0.7862877779008457,1.2599976700419742,0.4294331
4589,0.7862877779008457,1.2672162339586068,0.4294331
4589,0.7862877779008457,1.2743931156606765,0.4294331
4589,0.7862877779008457,1.2815261208848077,0.4294331
4589,0.7862877779008457,1.2886130419837873,0.4294331
4589,0.7862877779008457,1.2956516588854448,0.4294331
4589,0.7862877779008457,1.3026397400731704,0.4294331
4589,0.7862877779008457,1.3095750435876488,0.4294331
4589,0.7862877779008457,1.3164553180492287,0.4294331
4589,0.7862877779008457,1.3232783037004452,0.4294331
4589,0.7862877779008457,1.330041733468044,0.4294331
4589,0.7862877779008457,1.3367433340439403,0.4294331
4589,0.7862877779008457,1.3433808269845045,0.4294331
4589,0.7862877779008457,1.3499519298274736,0.4294331
4589,0.7862877779008457,1.3564543572258339,0.4294331
4589,0.7862877779008457,1.3628858220980031,0.4294331
4589,0.7862877779008457,1.369244036793471,0.4294331
4589,0.7862877779008457,1.3755267142732952,0.4294331
4589,0.7862877779008457,1.3817315693045862,0.4294331
4589,0.7862877779008457,1.3878563196681624,0.4294331
4589,0.7862877779008457,1.3938986873786579,0.4294331
4589,0.7862877779008457,1.3998563999161149,0.4294331
4589,0.7862877779008457,1.4057271914683047,0.4294331
4589,0.7862877779008457,1.4115088041827955,0.4294331
4589,0.7862877779008457,1.4171989894280137,0.4294331
4589,0.7862877779008457,1.4227955090621722,0.4294331
4589,0.7862877779008457,1.4282961367093236,0.4294331
4589,0.7862877779008457,1.4336986590414378,0.4294331
4589,0.7862877779008457,1.4390008770656615,0.4294331
4589,0.7862877779008457,1.4442006074156084,0.4294331
4589,0.7862877779008457,1.4492956836458821,0.4294331
4589,0.7862877779008457,1.4542839575286106,0.4294331
4589,0.7862877779008457,1.4591633003511713,0.4294331
4589,0.7862877779008457,1.4639316042138446,0.4294331
4589,0.7862877779008457,1.4685867833265513,0.4294331
4589,0.7862877779008457,1.473126775303539,0.4294331
4589,0.7862877779008457,1.4775495424548195,0.4294331
4589,0.7862877779008457,1.48185307307358,0.4294331
4589,0.7862877779008457,1.486035382718197,0.4294331
4589,0.7862877779008457,1.4900945154878877,0.4294331
4589,0.7862877779008457,1.4940285452910074,0.4294331
4589,0.7862877779008457,1.4978355771046636,0.4294331
4589,0.7862877779008457,1.501513748224816,0.4294331
4589,0.7862877779008457,1.505061229505574,0.4294331
4589,0.7862877779008457,1.5084762265867084,0.4294331
4589,0.7862877779008457,1.5117569811082108,0.4294331
4589,0.7862877779008457,1.5149017719109226,0.4294331
4589,0.7862877779008457,1.5179089162220047,0.4294331
4589,0.7862877779008457,1.5207767708242732,0.4294331
4589,0.7862877779008457,1.5235037332083539,0.4294331
4589,0.7862877779008457,1.526088242706481,0.4294331
4589,0.7862877779008457,1.528528781606959,0.4294331
4589,0.7862877779008457,1.5308238762482704,0.4294331
4589,0.7862877779008457,1.5329720980917472,0.4294331
4589,0.7862877779008457,1.5349720647717757,0.4294331
4589,0.7862877779008457,1.5368224411226108,0.4294331
4589,0.7862877779008457,1.5385219401807406,0.4294331
4589,0.7862877779008457,1.540069324161801,0.4294331
4589,0.7862877779008457,1.5414634054112406,0.4294331
4589,0.7862877779008457,1.5427030473275796,0.4294331
4589,0.7862877779008457,1.5437871652575168,0.4294331
4589,0.7862877779008457,1.5447147273619548,0.4294331
4589,0.7862877779008457,1.5454847554519875,0.4294331
4589,0.7862877779008457,1.5460963257941185,0.4294331
4589,0.7862877779008457,1.5465485698837858,0.4294331
4589,0.7862877779008457,1.5468406751864905,0.4294331
4589,0.7862877779008457,1.5469718858456138,0.4294331
4589,0.7862877779008457,1.5469415033563776,0.4294331
4589,0.7862877779008457,1.5467488872050303,0.4294331
4589,0.7862877779008457,1.5463934554726733,0.4294331
4589,0.7862877779008457,1.5458746854030945,0.4294331
4589,0.7862877779008457,1.5451921139338753,0.4294331
4589,0.7862877779008457,1.5443453381903176,0.4294331
4589,0.7862877779008457,1.5433340159414666,0.4294331
4589,0.7862877779008457,1.542157866017854,0.4294331
4589,0.7862877779008457,1.5408166686903453,0.4294331
4589,0.7862877779008457,1.5393102660097162,0.4294331
4589,0.7862877779008457,1.5376385621064872,0.4294331
4589,0.7862877779008457,1.5358015234505948,0.4294331
4589,0.7862877779008457,1.533799179070682,0.4294331
4589,0.7862877779008457,1.5316316207325045,0.4294331
4589,0.7862877779008457,1.5292990030763307,0.4294331
4589,0.7862877779008457,1.526801543712982,0.4294331
4589,0.7862877779008457,1.5241395232784682,0.4294331
4589,0.7862877779008457,1.5213132854467766,0.4294331
4589,0.7862877779008457,1.5183232369010484,0.4294331
4589,0.7862877779008457,1.5151698472627633,0.4294331
4589,0.7862877779008457,1.5118536489790269,0.4294331
4589,0.7862877779008457,1.508375237167953,0.4294331
4589,0.7862877779008457,1.5047352694221132,0.4294331
4589,0.7862877779008457,1.500934465570161,0.4294331
4589,0.7862877779008457,1.4969736073968114,0.4294331
4589,0.7862877779008457,1.4928535383211972,0.4294331
4589,0.7862877779008457,1.4885751630338555,0.4294331
4589,0.7862877779008457,1.4841394470926932,0.4294331
4589,0.7862877779008457,1.4795474164779474,0.4294331
4589,0.7862877779008457,1.4748001571067282,0.4294331
4589,0.7862877779008457,1.4698988143072793,0.4294331
4589,0.7862877779008457,1.4648445922534772,0.4294331
4589,0.7862877779008457,1.459638753359944,0.4294331
4589,0.7862877779008457,1.4542826176382353,0.4294331
4589,0.7862877779008457,1.4487775620146022,0.4294331
4589,0.7862877779008457,1.443125019609911,0.4294331
4589,0.7862877779008457,1.4373264789822189,0.4294331
4589,0.7862877779008457,1.4313834833326904,0.4294331
4589,0.7862877779008457,1.425297629675447,0.4294331
4589,0.7862877779008457,1.4190705679720326,0.4294331
4589,0.7862877779008457,1.412704000231248,0.4294331
4589,0.7862877779008457,1.4061996795750638,0.4294331
4589,0.7862877779008457,1.3995594092713526,0.4294331
4589,0.7862877779008457,1.3927850417343521,0.4294331
4589,0.7862877779008457,1.3858784774935922,0.4294331
4589,0.7862877779008457,1.3788416641321775,0.4294331
4589,0.7862877779008457,1.3716765951953964,0.4294331
4589,0.7862877779008457,1.3643853090704188,0.4294331
4589,0.7862877779008457,1.356969887838245,0.4294331
4589,0.7862877779008457,1.349432456098626,0.4294331
4589,0.7862877779008457,1.341775179769177,0.4294331
4589,0.7862877779008457,1.3340002648596025,0.4294331
4589,0.7862877779008457,1.3261099562219891,0.4294331
4589,0.7862877779008457,1.3181065362784539,0.4294331
4589,0.7862877779008457,1.3099923237269706,0.4294331
4589,0.7862877779008457,1.3017696722266552,0.4294331
4589,0.7862877779008457,1.2934409690635293,0.4294331
4589,0.7862877779008457,1.2850086337979512,0.4294331
4589,0.7862877779008457,1.2764751168948199,0.4294331
4589,0.7862877779008457,1.2678428983376913,0.4294331
4589,0.7862877779008457,1.259114486228039,0.4294331
4589,0.7862877779008457,1.2502924153708173,0.4294331
4589,0.7862877779008457,1.241379245847432,0.4294331
4589,0.7862877779008457,1.2323775615774561,0.4294331
4646,0.738881244461029,1.863998331933064,0.45717606
4646,0.738881244461029,1.8694649882437204,0.45717606
4646,0.738881244461029,1.874688021570047,0.45717606
4646,0.738881244461029,1.8796658019053105,0.45717606
4646,0.738881244461029,1.884396808750817,0.45717606
4646,0.738881244461029,1.8888796320771413,0.45717606
4646,0.738881244461029,1.893112973201293,0.45717606
4646,0.738881244461029,1.8970956455788848,0.45717606
4646,0.738881244461029,1.9008265755106217,0.45717606
4646,0.738881244461029,1.904304802762491,0.45717606
4646,0.738881244461029,1.9075294810990706,0.45717606
4646,0.738881244461029,1.9104998787295642,0.45717606
4646,0.738881244461029,1.9132153786661574,0.45717606
4646,0.738881244461029,1.9156754789945347,0.45717606
4646,0.738881244461029,1.9178797930561986,0.45717606
4646,0.738881244461029,1.9198280495428113,0.45717606
4646,0.738881244461029,1.9215200925023008,0.45717606
4646,0.738881244461029,1.922955881257098,0.45717606
4646,0.738881244461029,1.9241354902345076,0.45717606
4646,0.738881244461029,1.9250591087097568,0.45717606
4646,0.738881244461029,1.9257270404618712,0.45717606
4646,0.738881244461029,1.9261397033431558,0.45717606
4646,0.738881244461029,1.9262976287626037,0.45717606
4646,0.738881244461029,1.9262014610841633,0.45717606
4646,0.738881244461029,1.9258519569403996,0.45717606
4646,0.738881244461029,1.925249984462678,0.45717606
4646,0.738881244461029,1.9243965224285495,0.45717606
4646,0.738881244461029,1.9232926593275836,0.45717606
4646,0.738881244461029,1.921939592346663,0.45717606
4646,0.738881244461029,1.9203386262759903,0.45717606
4646,0.738881244461029,1.9184911723370695,0.45717606
4646,0.738881244461029,1.9163987469340342,0.45717606
4646,0.738881244461029,1.9140629703297893,0.45717606
4646,0.738881244461029,1.9114855652484313,0.45717606
4646,0.738881244461029,1.9086683554056239,0.45717606
4646,0.738881244461029,1.905613263968465,0.45717606
4646,0.738881244461029,1.9023223119467572,0.45717606
4646,0.738881244461029,1.8987976165172642,0.45717606
4646,0.738881244461029,1.895041389282997,0.45717606
4646,0.738881244461029,1.891055934469365,0.45717606
4646,0.738881244461029,1.886843647059149,0.45717606
4646,0.738881244461029,1.8824070108684292,0.45717606
4646,0.738881244461029,1.8777485965654406,0.45717606
4646,0.738881244461029,1.872871059634568,0.45717606
4646,0.738881244461029,1.8677771382876365,0.45717606
4646,0.738881244461029,1.8624696513247765,0.45717606
4646,0.738881244461029,1.8569514959470232,0.45717606
4646,0.738881244461029,1.851225645523059,0.45717606
4646,0.738881244461029,1.8452951473124164,0.45717606
4646,0.738881244461029,1.83916312014749,0.45717606
4646,0.738881244461029,1.8328327520767487,0.45717606
4646,0.738881244461029,1.8263072979716704,0.45717606
4646,0.738881244461029,1.8195900770996971,0.45717606
4646,0.738881244461029,1.8126844706658007,0.45717606
4646,0.738881244461029,1.8055939193251198,0.45717606
4646,0.738881244461029,1.7983219206690906,0.45717606
4646,0.738881244461029,1.7908720266876983,0.45717606
4646,0.738881244461029,1.7832478412102228,0.45717606
4646,0.738881244461029,1.7754530173271441,0.45717606
4646,0.738881244461029,1.7674912547955923,0.45717606
4646,0.738881244461029,1.7593662974309212,0.45717606
4646,0.738881244461029,1.7510819304868932,0.45717606
4646,0.738881244461029,1.7426419780270013,0.45717606
4646,0.738881244461029,1.7340503002893313,0.45717606
4646,0.738881244461029,1.7253107910475447,0.45717606
4646,0.738881244461029,1.716427374970347,0.45717606
4646,0.738881244461029,1.7074040049819192,0.45717606
4646,0.738881244461029,1.6982446596256535,0.45717606
4646,0.738881244461029,1.688953340433696,0.45717606
4646,0.738881244461029,1.679534069304479,0.45717606
4646,0.738881244461029,1.6699908858907366,0.45717606
4646,0.738881244461029,1.6603278450001526,0.45717606
4646,0.738881244461029,1.6505490140109287,0.45717606
4646,0.738881244461029,1.6406584703045495,0.45717606
4646,0.738881244461029,1.6306602987177634,0.45717606
4646,0.738881244461029,1.6205585890160796,0.45717606
4646,0.738881244461029,1.610357433390703,0.45717606
4646,0.738881244461029,1.6000609239810308,0.45717606
4646,0.738881244461029,1.5896731504246493,0.45717606
4646,0.738881244461029,1.579198197436782,0.45717606
4646,0.738881244461029,1.568640142421019,0.45717606
4646,0.738881244461029,1.5580030531131992,0.45717606
4646,0.738881244461029,1.5472909852602004,0.45717606
4646,0.738881244461029,1.5365079803352564,0.45717606
4646,0.738881244461029,1.5256580632915824,0.45717606
4646,0.738881244461029,1.5147452403557766,0.45717606
4646,0.738881244461029,1.5037734968625864,0.45717606
4646,0.738881244461029,1.4927467951324187,0.45717606
4646,0.738881244461029,1.4816690723930945,0.45717606
4646,0.738881244461029,1.470544238747096,0.45717606
4646,0.738881244461029,1.4593761751855623,0.45717606
4646,0.738881244461029,1.4481687316502838,0.45717606
4646,0.738881244461029,1.4369257251447818,0.45717606
4646,0.738881244461029,1.4256509378955424,0.45717606
4646,0.738881244461029,1.414348115564383,0.45717606
4646,0.738881244461029,1.4030209655129062,0.45717606
4646,0.738881244461029,1.3916731551198513,0.45717606
4646,0.738881244461029,1.3803083101521763,0.45717606
4646,0.738881244461029,1.3689300131905446,0.45717606
4646,0.738881244461029,1.3575418021098933,0.45717606
4646,0.738881244461029,1.346147168615639,0.45717606
4646,0.738881244461029,1.3347495568360714,0.45717606
4646,0.738881244461029,1.323352361971302,0.45717606
4646,0.738881244461029,1.3119589289992784,0.45717606
4646,0.738881244461029,1.300572551438981,0.45717606
4646,0.738881244461029,1.2891964701712775,0.45717606
4646,0.738881244461029,1.2778338723173894,0.45717606
4646,0.738881244461029,1.2664878901752539,0.45717606
4646,0.738881244461029,1.2551616002137371,0.45717606
4646,0.738881244461029,1.243858022124723,0.45717606
4646,0.738881244461029,1.2325801179330051,0.45717606
4646,0.738881244461029,1.2213307911638218,0.45717606
4646,0.738881244461029,1.2101128860678858,0.45717606
4646,0.738881244461029,1.1989291869036074,0.45717606
4646,0.738881244461029,1.1877824172762377,0.45717606
4646,0.738881244461029,1.1766752395335471,0.45717606
4646,0.738881244461029,1.1656102542176567,0.45717606
4646,0.738881244461029,1.1545899995724838,0.45717606
4646,0.738881244461029,1.1436169511063685,0.45717606
4646,0.738881244461029,1.1326935212092375,0.45717606
4646,0.738881244461029,1.121822058823715,0.45717606
4646,0.738881244461029,1.1110048491695088,0.45717606
4646,0.738881244461029,1.1002441135204082,0.45717606
4646,0.738881244461029,1.0895420090330143,0.45717606
4646,0.738881244461029,1.0789006286265959,0.45717606
4646,0.738881244461029,1.0683220009130316,0.45717606
4646,0.738881244461029,1.057808090176154,0.45717606
4646,0.738881244461029,1.0473607963994278,0.45717606
4646,0.738881244461029,1.036981955341169,0.45717606
4646,0.738881244461029,1.0266733386561755,0.45717606
4646,0.738881244461029,1.016436654062897,0.45717606
4646,0.738881244461029,1.0062735455550638,0.45717606
4646,0.738881244461029,0.9961855936566536,0.45717606
4646,0.738881244461029,0.9861743157192083,0.45717606
4646,0.738881244461029,0.9762411662603421,0.45717606
4646,0.738881244461029,0.9663875373422934,0.45717606
4646,0.738881244461029,0.9566147589894249,0.45717606
4646,0.738881244461029,0.9469240996434298,0.45717606
4646,0.738881244461029,0.9373167666551491,0.45717606
4646,0.738881244461029,0.9277939068117155,0.45717606
4646,0.738881244461029,0.9183566068978729,0.45717606
4646,0.738881244461029,0.9090058942902274,0.45717606
4646,0.738881244461029,0.8997427375832012,0.45717606
4646,0.738881244461029,0.8905680472454621,0.45717606
4646,0.738881244461029,0.8814826763055581,0.45717606
4646,0.738881244461029,0.8724874210655337,0.45717606
4646,0.738881244461029,0.8635830218413117,0.45717606
4646,0.738881244461029,0.8547701637284986,0.45717606
4646,0.738881244461029,0.8460494773924717,0.45717606
4646,0.738881244461029,0.8374215398813837,0.45717606
4646,0.738881244461029,0.8288868754609944,0.45717606
4646,0.738881244461029,0.820445956469933,0.45717606
4646,0.738881244461029,0.812099204194267,0.45717606
4646,0.738881244461029,0.8038469897601168,0.45717606
4646,0.738881244461029,0.7956896350430903,0.45717606
4646,0.738881244461029,0.7876274135933818,0.45717606
4646,0.738881244461029,0.7796605515752694,0.45717606
4646,0.738881244461029,0.7717892287199304,0.45717606
4646,0.738881244461029,0.7640135792902942,0.45717606
4646,0.738881244461029,0.7563336930569075,0.45717606
4646,0.738881244461029,0.7487496162835546,0.45717606
4646,0.738881244461029,0.7412613527216398,0.45717606
4646,0.738881244461029,0.7338688646121415,0.45717606
4646,0.738881244461029,0.7265720736940869,0.45717606
4646,0.738881244461029,0.7193708622185253,0.45717606
4646,0.738881244461029,0.7122650739669028,0.45717606
4646,0.738881244461029,0.7052545152728743,0.45717606
4646,0.738881244461029,0.6983389560465175,0.45717606
4646,0.738881244461029,0.6915181308000147,0.45717606
4646,0.738881244461029,0.6847917396738189,0.45717606
4646,0.738881244461029,0.6781594494624135,0.45717606
4646,0.738881244461029,0.6716208946387426,0.45717606
4646,0.738881244461029,0.6651756783764385,0.45717606
4646,0.738881244461029,0.6588233735690351,0.45717606
4646,0.738881244461029,0.6525635238452493,0.45717606
4646,0.738881244461029,0.646395644579676,0.45717606
4646,0.738881244461029,0.6403192238979826,0.45717606
4646,0.738881244461029,0.6343337236759541,0.45717606
4646,0.738881244461029,0.628438580531621,0.45717606
4646,0.738881244461029,0.6226332068098046,0.45717606
4646,0.738881244461029,0.6169169915584108,0.45717606
4646,0.738881244461029,0.6112893014958023,0.45717606
4646,0.738881244461029,0.6057494819687118,0.45717606
4646,0.738881244461029,0.6002968579000347,0.45717606
4646,0.738881244461029,0.5949307347259777,0.45717606
4646,0.738881244461029,0.5896503993220584,0.45717606
4646,0.738881244461029,0.5844551209174086,0.45717606
4646,0.738881244461029,0.5793441519969209,0.45717606
4646,0.738881244461029,0.5743167291908219,0.45717606
4646,0.738881244461029,0.5693720741511838,0.45717606
4646,0.738881244461029,0.564509394415031,0.45717606
4646,0.738881244461029,0.5597278842536627,0.45717606
4646,0.738881244461029,0.555026725507795,0.45717606
4646,0.738881244461029,0.5504050884082803,0.45717606
4646,0.738881244461029,0.5458621323820374,0.45717606
4646,0.738881244461029,0.5413970068429544,0.45717606
4646,0.738881244461029,0.5370088519675041,0.45717606
4646,0.738881244461029,0.532696799454861,0.45717606
4646,0.738881244461029,0.5284599732712882,0.45717606
4646,0.738881244461029,0.5242974903786347,0.45717606
4646,0.738881244461029,0.5202084614467976,0.45717606
4646,0.738881244461029,0.5161919915499612,0.45717606
4646,0.738881244461029,0.5122471808465807,0.45717606
4646,0.738881244461029,0.5083731252429039,0.45717606
4646,0.738881244461029,0.5045689170400716,0.45717606
4646,0.738881244461029,0.5008336455646591,0.45717606
4646,0.738881244461029,0.49716639778265065,0.45717606
4646,0.738881244461029,0.49356625889682637,0.45717606
4646,0.738881244461029,0.4900323129275709,0.45717606
4646,0.738881244461029,0.48656364327708596,0.45717606
4646,0.738881244461029,0.4831593332770832,0.45717606
4646,0.738881244461029,0.4798184667199718,0.45717606
4646,0.738881244461029,0.47654012837361387,0.45717606
4646,0.738881244461029,0.47332340447973825,0.45717606
4646,0.738881244461029,0.4701673832360824,0.45717606
4646,0.738881244461029,0.4670711552624007,0.45717606
4646,0.738881244461029,0.464033814050409,0.45717606
4646,0.738881244461029,0.4610544563978515,0.45717606
4646,0.738881244461029,0.4581321828267977,0.45717606
4646,0.738881244461029,0.4552660979863307,0.45717606
4646,0.738881244461029,0.4524553110398015,0.45717606
4646,0.738881244461029,0.44969893603680877,0.45717606
4646,0.738881244461029,0.4469960922701054,0.45717606
4646,0.738881244461029,0.4443459046176149,0.45717606
4646,0.738881244461029,0.4417475038697446,0.45717606
4646,0.738881244461029,0.43920002704226124,0.45717606
4646,0.738881244461029,0.4367026176748516,0.45717606
4646,0.738881244461029,0.4342544261157009,0.45717606
4646,0.738881244461029,0.43185460979221535,0.45717606
4646,0.738881244461029,0.42950233346821265,0.45717606
4646,0.738881244461029,0.42719676948775065,0.45717606
4646,0.738881244461029,0.4249370980058973,0.45717606
4646,0.738881244461029,0.4227225072066276,0.45717606
4646,0.738881244461029,0.4205521935081862,0.45717606
4646,0.738881244461029,0.4184253617560716,0.45717606
4646,0.738881244461029,0.4163412254039982,0.45717606
4646,0.738881244461029,0.41429900668302344,0.45717606
4646,0.738881244461029,0.41229793675914794,0.45717606
4646,0.738881244461029,0.4103372558796429,0.45717606
4646,0.738881244461029,0.4084162135083575,0.45717606
4646,0.738881244461029,0.4065340684503006,0.45717606
4646,0.738881244461029,0.40469008896574166,0.45717606
4646,0.738881244461029,0.4028835528741115,0.45717606
4646,0.738881244461029,0.4011137476479841,0.45717606
4646,0.738881244461029,0.3993799704973507,0.45717606
4646,0.738881244461029,0.39768152844455174,0.45717606
4646,0.738881244461029,0.3960177383900305,0.45717606
4646,0.738881244461029,0.39438792716924553,0.45717606
4646,0.738881244461029,0.39279143160096136,0.45717606
4646,0.738881244461029,0.3912275985272145,0.45717606
4646,0.738881244461029,0.3896957848451768,0.45717606
4646,0.738881244461029,0.3881953575312118,0.45717606
4646,0.738881244461029,0.38672569365733245,0.45717606
4646,0.738881244461029,0.38528618040037543,0.45717606
4646,0.738881244461029,0.3838762150440629,0.45717606
4646,0.738881244461029,0.38249520497427103,0.45717606
4646,0.738881244461029,0.381142567667692,0.45717606
4646,0.738881244461029,0.3798177306741657,0.45717606
4646,0.738881244461029,0.3785201315928905,0.45717606
4646,0.738881244461029,0.3772492180427723,0.45717606
4646,0.738881244461029,0.3760044476270986,0.45717606
4646,0.738881244461029,0.3747852878928072,0.45717606
4646,0.738881244461029,0.37359121628454,0.45717606
4646,0.738881244461029,0.37242172009371516,0.45717606
4646,0.738881244461029,0.3712762964027984,0.45717606
4646,0.738881244461029,0.37015445202502895,0.45717606
4646,0.738881244461029,0.3690557034397601,0.45717606
4646,0.738881244461029,0.36797957672363774,0.45717606
4646,0.738881244461029,0.36692560747779523,0.45717606
4646,0.738881244461029,0.3658933407512817,0.45717606
4646,0.738881244461029,0.36488233096086065,0.45717606
4646,0.738881244461029,0.3638921418074201,0.45717606
4646,0.738881244461029,0.3629223461891195,0.45717606
4646,0.738881244461029,0.36197252611147757,0.45717606
4646,0.738881244461029,0.36104227259455646,0.45717606
4646,0.738881244461029,0.36013118557740204,0.45717606
4646,0.738881244461029,0.3592388738199093,0.45717606
4646,0.738881244461029,0.35836495480226316,0.45717606
4646,0.738881244461029,0.3575090546220976,0.45717606
4646,0.738881244461029,0.35667080788953326,0.45717606
4646,0.738881244461029,0.35584985762021965,0.45717606
4646,0.738881244461029,0.3550458551265407,0.45717606
4646,0.738881244461029,0.35425845990708404,0.45717606
4646,0.738881244461029,0.35348733953453554,0.45717606
4646,0.738881244461029,0.3527321695421108,0.45717606
4646,0.738881244461029,0.35199263330864217,0.45717606
4646,0.738881244461029,0.35126842194243607,0.45717606
4646,0.738881244461029,0.3505592341640329,0.45717606
4646,0.738881244461029,0.349864776187949,0.45717606
4646,0.738881244461029,0.34918476160353373,0.45717606
4646,0.738881244461029,0.348518911255037,0.45717606
4646,0.738881244461029,0.34786695312096294,0.45717606
4646,0.738881244461029,0.3472286221928458,0.45717606
4646,0.738881244461029,0.3466036603535084,0.45717606
4646,0.738881244461029,0.3459918162548946,0.45717606
4646,0.738881244461029,0.34539284519558267,0.45717606
4646,0.738881244461029,0.344806508998036,0.45717606
4646,0.738881244461029,0.34423257588568346,0.45717606
4646,0.738881244461029,0.3436708203599093,0.45717606
4646,0.738881244461029,0.3431210230770076,0.45717606
4646,0.738881244461029,0.34258297072519717,0.45717606
4646,0.738881244461029,0.3420564559017497,0.45717606
4646,0.738881244461029,0.3415412769902835,0.45717606
4646,0.738881244461029,0.3410372380383295,0.45717606
4646,0.738881244461029,0.3405441486351602,0.45717606
4646,0.738881244461029,0.34006182379002503,0.45717606
4646,0.738881244461029,0.3395900838107684,0.45717606
4646,0.738881244461029,0.33912875418293215,0.45717606
4646,0.738881244461029,0.3386776654493785,0.45717606
4646,0.738881244461029,0.33823665309048234,0.45717606
4646,0.738881244461029,0.3378055574049466,0.45717606
4646,0.738881244461029,0.3373842233912677,0.45717606
4646,0.738881244461029,0.3369725006299262,0.45717606
4646,0.738881244461029,0.33657024316631373,0.45717606
4646,0.738881244461029,0.3361773093944566,0.45717606
4646,0.738881244461029,0.33579356194155696,0.45717606
4646,0.738881244461029,0.33541886755342143,0.45717606
4646,0.738881244461029,0.3350530969807578,0.45717606
4646,0.738881244461029,0.33469612486644146,0.45717606
4646,0.738881244461029,0.33434782963371873,0.45717606
4646,0.738881244461029,0.3340080933754442,0.45717606
4646,0.738881244461029,0.3336768017443087,0.45717606
4646,0.738881244461029,0.3333538438441693,0.45717606
4646,0.738881244461029,0.33303911212243037,0.45717606
4646,0.738881244461029,0.3327325022635627,0.45717606
4646,0.738881244461029,0.3324339130837695,0.45717606
4646,0.738881244461029,0.332143246426791,0.45717606
4646,0.738881244461029,0.3318604070609354,0.45717606
4646,0.738881244461029,0.3315853025772935,0.45717606
4646,0.738881244461029,0.3313178432892272,0.45717606
4646,0.738881244461029,0.3310579421330816,0.45717606
4646,0.738881244461029,0.33080551457020757,0.45717606
4646,0.738881244461029,0.3305604784902675,0.45717606
4646,0.738881244461029,0.330322754115878,0.45717606
4646,0.738881244461029,0.33009226390858526,0.45717606
4646,0.738881244461029,0.3298689324762077,0.45717606
4646,0.738881244461029,0.3296526864815493,0.45717606
4646,0.738881244461029,0.3294434545525197,0.45717606
4646,0.738881244461029,0.3292411671936612,0.45717606
4646,0.738881244461029,0.3290457566991067,0.45717606
4646,0.738881244461029,0.3288571570669933,0.45717606
4646,0.738881244461029,0.3286753039153182,0.45717606
4646,0.738881244461029,0.3285001343993009,0.45717606
4646,0.738881244461029,0.328331587130207,0.45717606
4646,0.738881244461029,0.32816960209570967,0.45717606
4646,0.738881244461029,0.3280141205817457,0.45717606
4646,0.738881244461029,0.3278650850959187,0.45717606
4646,0.738881244461029,0.3277224392924513,0.45717606
4646,0.738881244461029,0.3275861278986984,0.45717606
4646,0.738881244461029,0.3274560966432199,0.45717606
4646,0.738881244461029,0.3273322921854573,0.45717606
4646,0.738881244461029,0.3272146620469905,0.45717606
4646,0.738881244461029,0.3271031545444178,0.45717606
4646,0.738881244461029,0.3269977187238358,0.45717606
4646,0.738881244461029,0.3268983042969629,0.45717606
4646,0.738881244461029,0.3268048615788947,0.45717606
4646,0.738881244461029,0.3267173414275147,0.45717606
4646,0.738881244461029,0.32663569518454816,0.45717606
4646,0.738881244461029,0.32655987461829417,0.45717606
4646,0.738881244461029,0.3264898318680277,0.45717606
4646,0.738881244461029,0.32642551939009107,0.45717606
4646,0.738881244461029,0.3263668899056496,0.45717606
4646,0.738881244461029,0.32631389635018376,0.45717606
4646,0.738881244461029,0.32626649182463946,0.45717606
4646,0.738881244461029,0.3262246295483286,0.45717606
4646,0.738881244461029,0.3261882628135028,0.45717606
4646,0.738881244461029,0.3261573449416769,0.45717606
4646,0.738881244461029,0.32613182924166106,0.45717606
4646,0.738881244461029,0.3261116689693152,0.45717606
4646,0.738881244461029,0.3260968172890401,0.45717606
4646,0.738881244461029,0.32608722723699657,0.45717606
4646,0.738881244461029,0.3260828516860552,0.45717606
4646,0.738881244461029,0.3260836433124847,0.45717606
4646,0.738881244461029,0.3260895545643654,0.45717606
4646,0.738881244461029,0.32610053763175295,0.45717606
4646,0.738881244461029,0.32611654441855953,0.45717606
4646,0.738881244461029,0.32613752651617023,0.45717606
4646,0.738881244461029,0.32616343517879004,0.45717606
4646,0.738881244461029,0.32619422130052583,0.45717606
4646,0.738881244461029,0.3262298353941642,0.45717606
4646,0.738881244461029,0.32627022757170043,0.45717606
4646,0.738881244461029,0.32631534752654523,0.45717606
4646,0.738881244461029,0.3263651445174582,0.45717606
4646,0.738881244461029,0.3264195673541793,0.45717606
4646,0.738881244461029,0.32647856438472533,0.45717606
4646,0.738881244461029,0.32654208348440306,0.45717606
4646,0.738881244461029,0.32661007204646103,0.45717606
4646,0.738881244461029,0.32668247697441555,0.45717606
4646,0.738881244461029,0.3267592446760292,0.45717606
4646,0.738881244461029,0.32684032105890626,0.45717606
4646,0.738881244461029,0.3269256515277318,0.45717606
4646,0.738881244461029,0.3270151809830963,0.45717606
4646,0.738881244461029,0.32710885382193405,0.45717606
4646,0.738881244461029,0.3272066139395111,0.45717606
4646,0.738881244461029,0.32730840473299017,0.45717606
4646,0.738881244461029,0.3274141691065262,0.45717606
4646,0.738881244461029,0.32752384947788254,0.45717606
4646,0.738881244461029,0.3276373877865411,0.45717606
4646,0.738881244461029,0.3277547255032999,0.45717606
4646,0.738881244461029,0.3278758036413113,0.45717606
4646,0.738881244461029,0.32800056276856393,0.45717606
4646,0.738881244461029,0.3281289430217592,0.45717606
4646,0.738881244461029,0.32826088412158566,0.45717606
4646,0.738881244461029,0.32839632538932184,0.45717606
4646,0.738881244461029,0.32853520576479567,0.45717606
4646,0.738881244461029,0.3286774638256081,0.45717606
4646,0.738881244461029,0.3288230378076625,0.45717606
4646,0.738881244461029,0.3289718656269011,0.45717606
4646,0.738881244461029,0.3291238849022593,0.45717606
4646,0.738881244461029,0.32927903297980343,0.45717606
4646,0.738881244461029,0.32943724695798765,0.45717606
4646,0.738881244461029,0.32959846371403595,0.45717606
4646,0.738881244461029,0.3297626199313845,0.45717606
4646,0.738881244461029,0.3299296521281624,0.45717606
4646,0.738881244461029,0.33009949668667354,0.45717606
4646,0.738881244461029,0.33027208988382306,0.45717606
4646,0.738881244461029,0.33044736792248114,0.45717606
4646,0.738881244461029,0.33062526696372957,0.45717606
4646,0.738881244461029,0.3308057231599295,0.45717606
4646,0.738881244461029,0.3309886726886046,0.45717606
4646,0.738881244461029,0.33117405178708315,0.45717606
4646,0.738881244461029,0.33136179678784733,0.45717606
4646,0.738881244461029,0.331551844154558,0.45717606
4646,0.738881244461029,0.33174413051871166,0.45717606
4646,0.738881244461029,0.33193859271686726,0.45717606
4646,0.738881244461029,0.3321351678284365,0.45717606
4646,0.738881244461029,0.33233379321394535,0.45717606
4646,0.738881244461029,0.3325344065537387,0.45717606
4646,0.738881244461029,0.332736945887116,0.45717606
4646,0.738881244461029,0.3329413496517868,0.45717606
4646,0.738881244461029,0.3331475567236447,0.45717606
4646,0.738881244461029,0.3333555064568066,0.45717606
4646,0.738881244461029,0.333565138723855,0.45717606
4646,0.738881244461029,0.3337763939562313,0.45717606
4646,0.738881244461029,0.33398921318477126,0.45717606
4646,0.738881244461029,0.3342035380802666,0.45717606
4646,0.738881244461029,0.3344193109940817,0.45717606
4646,0.738881244461029,0.3346364749987014,0.45717606
4646,0.738881244461029,0.33485497392822455,0.45717606
4646,0.738881244461029,0.33507475241870616,0.45717606
4646,0.738881244461029,0.335295755948338,0.45717606
4646,0.738881244461029,0.33551793087737675,0.45717606
4646,0.738881244461029,0.33574122448782007,0.45717606
4646,0.738881244461029,0.3359655850227382,0.45717606
4646,0.738881244461029,0.33619096172524426,0.45717606
4646,0.738881244461029,0.33641730487703253,0.45717606
4646,0.738881244461029,0.33664456583645996,0.45717606
4646,0.738881244461029,0.33687269707609485,0.45717606
4646,0.738881244461029,0.33710165221971705,0.45717606
4646,0.738881244461029,0.33733138607871055,0.45717606
4646,0.738881244461029,0.337561854687789,0.45717606
4646,0.738881244461029,0.3377930153400352,0.45717606
4646,0.738881244461029,0.33802482662119104,0.45717606
4646,0.738881244461029,0.3382572484431658,0.45717606
4646,0.738881244461029,0.3384902420767036,0.45717606
4646,0.738881244461029,0.3387237701832079,0.45717606
4646,0.738881244461029,0.3389577968456137,0.45717606
4646,0.738881244461029,0.3391922875983492,0.45717606
4646,0.738881244461029,0.33942720945626864,0.45717606
4646,0.738881244461029,0.33966253094259247,0.45717606
4646,0.738881244461029,0.33989822211575504,0.45717606
4646,0.738881244461029,0.3401342545951595,0.45717606
4646,0.738881244461029,0.3403706015857936,0.45717606
4646,0.738881244461029,0.34060723790168773,0.45717606
4646,0.738881244461029,0.34084413998814933,0.45717606
4646,0.738881244461029,0.34108128594277987,0.45717606
4646,0.738881244461029,0.3413186555352172,0.45717606
4646,0.738881244461029,0.341556230225599,0.45717606
4646,0.738881244461029,0.3417939931816953,0.45717606
4646,0.738881244461029,0.3420319292946936,0.45717606
4646,0.738881244461029,0.3422700251936347,0.45717606
4646,0.738881244461029,0.34250826925843686,0.45717606
4646,0.738881244461029,0.34274665163150686,0.45717606
4646,0.738881244461029,0.342985164227932,0.45717606
4646,0.738881244461029,0.34322380074421377,0.45717606
4646,0.738881244461029,0.343462556665532,0.45717606
4646,0.738881244461029,0.34370142927152975,0.45717606
4646,0.738881244461029,0.3439404176405901,0.45717606
4646,0.738881244461029,0.3441795226526313,0.45717606
4646,0.738881244461029,0.34441874699035857,0.45717606
4646,0.738881244461029,0.3446580951390002,0.45717606
4646,0.738881244461029,0.3448975733845125,0.45717606
4646,0.738881244461029,0.34513718981024244,0.45717606
4646,0.738881244461029,0.34537695429204945,0.45717606
4646,0.738881244461029,0.34561687849189693,0.45717606
4646,0.738881244461029,0.3458569758498713,0.45717606
4646,0.738881244461029,0.34609726157470067,0.45717606
4646,0.738881244461029,0.3463377526327009,0.45717606
4646,0.738881244461029,0.3465784677352132,0.45717606
4646,0.738881244461029,0.3468194273245057,0.45717606
4646,0.738881244461029,0.3470606535581672,0.45717606
4646,0.738881244461029,0.3473021702919841,0.45717606
4646,0.738881244461029,0.34754400306134475,0.45717606
4646,0.738881244461029,0.34778617906114384,0.45717606
4646,0.738881244461029,0.3480287271242312,0.45717606
4646,0.738881244461029,0.3482716776984263,0.45717606
4646,0.738881244461029,0.3485150628220888,0.45717606
4646,0.738881244461029,0.34875891609829485,0.45717606
4646,0.738881244461029,0.3490032726676202,0.45717606
4646,0.738881244461029,0.3492481691795754,0.45717606
4646,0.738881244461029,0.34949364376269987,0.45717606
4646,0.738881244461029,0.34973973599333813,0.45717606
4646,0.738881244461029,0.3499864868631603,0.45717606
4646,0.738881244461029,0.35023393874541386,0.45717606
4646,0.738881244461029,0.35048213535996936,0.45717606
4646,0.738881244461029,0.3507311217371662,0.45717606
4646,0.738881244461029,0.35098094418053155,0.45717606
4646,0.738881244461029,0.35123165022836533,0.45717606
4646,0.738881244461029,0.3514832886142521,0.45717606
4646,0.738881244461029,0.35173590922653986,0.45717606
4646,0.738881244461029,0.351989563066803,0.45717606
4646,0.738881244461029,0.3522443022073689,0.45717606
4646,0.738881244461029,0.3525001797479037,0.45717606
4646,0.738881244461029,0.3527572497711435,0.45717606
4646,0.738881244461029,0.35301556729777067,0.45717606
4646,0.738881244461029,0.35327518824053356,0.45717606
4646,0.738881244461029,0.3535361693576059,0.45717606
4646,0.738881244461029,0.3537985682052463,0.45717606
4646,0.738881244461029,0.35406244308984874,0.45717606
4646,0.738881244461029,0.3543278530193502,0.45717606
4646,0.738881244461029,0.354594857654124,0.45717606
4646,0.738881244461029,0.3548635172573681,0.45717606
4646,0.738881244461029,0.35513389264503403,0.45717606
4646,0.738881244461029,0.35540604513538504,0.45717606
4646,0.738881244461029,0.3556800364981834,0.45717606
4646,0.738881244461029,0.35595592890360533,0.45717606
4646,0.738881244461029,0.3562337848709219,0.45717606
4646,0.738881244461029,0.3565136672169749,0.45717606
4646,0.738881244461029,0.35679563900453726,0.45717606
4646,0.738881244461029,0.35707976349059695,0.45717606
4646,0.738881244461029,0.3573661040746152,0.45717606
4646,0.738881244461029,0.35765472424680655,0.45717606
4646,0.738881244461029,0.3579456875365179,0.45717606
4646,0.738881244461029,0.35823905746074347,0.45717606
4646,0.738881244461029,0.3585348974728304,0.45717606
4646,0.738881244461029,0.35883327091143985,0.45717606
4646,0.738881244461029,0.35913424094980734,0.45717606
4646,0.738881244461029,0.35943787054535575,0.45717606
4646,0.738881244461029,0.35974422238973747,0.45717606
4646,0.738881244461029,0.3600533588593081,0.45717606
4646,0.738881244461029,0.3603653419661684,0.45717606
4646,0.738881244461029,0.3606802333097182,0.45717606
4646,0.738881244461029,0.36099809402888416,0.45717606
4646,0.738881244461029,0.36131898475499885,0.45717606
4646,0.738881244461029,0.3616429655654046,0.45717606
4646,0.738881244461029,0.3619700959378456,0.45717606
4646,0.738881244461029,0.36230043470569123,0.45717606
4646,0.738881244461029,0.3626340400140127,0.45717606
4646,0.738881244461029,0.36297096927662453,0.45717606
4646,0.738881244461029,0.3633112791340618,0.45717606
4646,0.738881244461029,0.3636550254126051,0.45717606
4646,0.738881244461029,0.3640022630843678,0.45717606
4646,0.738881244461029,0.364353046228482,0.45717606
4646,0.738881244461029,0.36470742799346384,0.45717606
4646,0.738881244461029,0.3650654605607629,0.45717606
4646,0.738881244461029,0.36542719510956934,0.45717606
4646,0.738881244461029,0.36579268178289137,0.45717606
4646,0.738881244461029,0.3661619696549615,0.45717606
4646,0.738881244461029,0.3665351067000158,0.45717606
4646,0.738881244461029,0.36691213976246145,0.45717606
4646,0.738881244461029,0.3672931145284934,0.45717606
4646,0.738881244461029,0.36767807549917214,0.45717606
4646,0.738881244461029,0.36806706596501937,0.45717606
4646,0.738881244461029,0.3684601279821448,0.45717606
4646,0.738881244461029,0.36885730234995356,0.45717606
4646,0.738881244461029,0.3692586285904418,0.45717606
4646,0.738881244461029,0.3696641449291289,0.45717606
4646,0.738881244461029,0.3700738882776521,0.45717606
4646,0.738881244461029,0.3704878942180238,0.45717606
4646,0.738881244461029,0.37090619698861416,0.45717606
4646,0.738881244461029,0.37132882947184376,0.45717606
4646,0.738881244461029,0.37175582318365247,0.45717606
4646,0.738881244461029,0.3721872082646995,0.45717606
4646,0.738881244461029,0.372623013473377,0.45717606
4646,0.738881244461029,0.373063266180625,0.45717606
4646,0.738881244461029,0.37350799236655735,0.45717606
4646,0.738881244461029,0.37395721661890363,0.45717606
4646,0.738881244461029,0.37441096213332997,0.45717606
4646,0.738881244461029,0.37486925071557786,0.45717606
4646,0.738881244461029,0.37533210278548074,0.45717606
4646,0.738881244461029,0.3757995373828476,0.45717606
4646,0.738881244461029,0.37627157217520824,0.45717606
4646,0.738881244461029,0.3767482234674524,0.45717606
4646,0.738881244461029,0.3772295062133223,0.45717606
4646,0.738881244461029,0.37771543402881413,0.45717606
4646,0.738881244461029,0.3782060192074295,0.45717606
4646,0.738881244461029,0.37870127273731247,0.45717606
4646,0.738881244461029,0.37920120432026516,0.45717606
4646,0.738881244461029,0.37970582239260636,0.45717606
4646,0.738881244461029,0.38021513414790026,0.45717606
4646,0.738881244461029,0.3807291455615352,0.45717606
4646,0.738881244461029,0.38124786141711864,0.45717606
4646,0.738881244461029,0.38177128533473076,0.45717606
4646,0.738881244461029,0.3822994198009414,0.45717606
4646,0.738881244461029,0.3828322662006637,0.45717606
4646,0.738881244461029,0.38336982485076654,0.45717606
4646,0.738881244461029,0.38391209503544993,0.45717606
4646,0.738881244461029,0.3844590750433514,0.45717606
4646,0.738881244461029,0.3850107622063869,0.45717606
4646,0.738881244461029,0.38556715294028826,0.45717606
4646,0.738881244461029,0.38612824278679214,0.45717606
4646,0.738881244461029,0.3866940264575042,0.45717606
4646,0.738881244461029,0.38726449787936557,0.45717606
4646,0.738881244461029,0.38783965024172956,0.45717606
4646,0.738881244461029,0.3884194760449853,0.45717606
4646,0.738881244461029,0.3890039671507345,0.45717606
4646,0.738881244461029,0.38959311483345205,0.45717606
4646,0.738881244461029,0.390186909833643,0.45717606
4646,0.738881244461029,0.3907853424124201,0.45717606
4646,0.738881244461029,0.39138840240749634,0.45717606
4646,0.738881244461029,0.3919960792905173,0.45717606
4646,0.738881244461029,0.3926083622257814,0.45717606
4646,0.738881244461029,0.3932252401302043,0.45717606
4646,0.738881244461029,0.39384670173455444,0.45717606
4646,0.738881244461029,0.3944727356459153,0.45717606
4646,0.738881244461029,0.3951033304113205,0.45717606
4646,0.738881244461029,0.39573847458250255,0.45717606
4646,0.738881244461029,0.3963781567818104,0.45717606
4646,0.738881244461029,0.3970223657690719,0.45717606
4646,0.738881244461029,0.3976710905095538,0.45717606
4646,0.738881244461029,0.39832432024285347,0.45717606
4646,0.738881244461029,0.398982044552718,0.45717606
4646,0.738881244461029,0.39964425343774557,0.45717606
4646,0.738881244461029,0.40031093738291557,0.45717606
4646,0.738881244461029,0.4009820874319233,0.45717606
4646,0.738881244461029,0.40165769526023914,0.45717606
4646,0.738881244461029,0.4023377532488789,0.45717606
4646,0.738881244461029,0.40302225455880825,0.45717606
4646,0.738881244461029,0.40371119320599946,0.45717606
4646,0.738881244461029,0.404404564136974,0.45717606
4646,0.738881244461029,0.4051023633049129,0.45717606
4646,0.738881244461029,0.40580458774622763,0.45717606
4646,0.738881244461029,0.40651123565750996,0.45717606
4646,0.738881244461029,0.4072223064728998,0.45717606
4646,0.738881244461029,0.40793780094176335,0.45717606
4646,0.738881244461029,0.40865772120663185,0.45717606
4646,0.738881244461029,0.4093820708813856,0.45717606
4646,0.738881244461029,0.41011085512963974,0.45717606
4646,0.738881244461029,0.41084408074323064,0.45717606
4646,0.738881244461029,0.4115817562208248,0.45717606
4646,0.738881244461029,0.41232389184656476,0.45717606
4646,0.738881244461029,0.41307049976871546,0.45717606
4646,0.738881244461029,0.4138215940782715,0.45717606
4646,0.738881244461029,0.41457719088746653,0.45717606
4646,0.738881244461029,0.4153373084081591,0.45717606
4646,0.738881244461029,0.41610196703003643,0.45717606
4646,0.738881244461029,0.4168711893986043,0.45717606
4646,0.738881244461029,0.41764500049289527,0.45717606
4646,0.738881244461029,0.4184234277029024,0.45717606
4646,0.738881244461029,0.419206500906627,0.45717606
4646,0.738881244461029,0.4199942525467746,0.45717606
4646,0.738881244461029,0.4207867177069898,0.45717606
4646,0.738881244461029,0.4215839341876379,0.45717606
4646,0.738881244461029,0.42238594258107565,0.45717606
4646,0.738881244461029,0.42319278634636426,0.45717606
4646,0.738881244461029,0.4240045118833998,0.45717606
4646,0.738881244461029,0.4248211686064243,0.45717606
4646,0.738881244461029,0.42564280901686147,0.45717606
4646,0.738881244461029,0.4264694887754695,0.45717606
4646,0.738881244461029,0.42730126677374447,0.45717606
4646,0.738881244461029,0.42813820520455625,0.45717606
4646,0.738881244461029,0.4289803696320027,0.45717606
4646,0.738881244461029,0.42982782906038314,0.45717606
4646,0.738881244461029,0.43068065600234384,0.45717606
4646,0.738881244461029,0.431538926546096,0.45717606
4646,0.738881244461029,0.43240272042169975,0.45717606
4646,0.738881244461029,0.4332721210663871,0.45717606
4646,0.738881244461029,0.4341472156888861,0.45717606
4646,0.738881244461029,0.4350280953327214,0.45717606
4646,0.738881244461029,0.4359148549384372,0.45717606
4646,0.738881244461029,0.4368075934047643,0.45717606
4646,0.738881244461029,0.43770641364865104,0.45717606
4646,0.738881244461029,0.43861142266415704,0.45717606
4646,0.738881244461029,0.43952273158017474,0.45717606
4646,0.738881244461029,0.4404404557169575,0.45717606
4646,0.738881244461029,0.44136471464141996,0.45717606
4646,0.738881244461029,0.44229563222119245,0.45717606
4646,0.738881244461029,0.4432333366773739,0.45717606
4646,0.738881244461029,0.4441779606360305,0.45717606
4646,0.738881244461029,0.44512964117830756,0.45717606
4646,0.738881244461029,0.44608851988923204,0.45717606
4646,0.738881244461029,0.447054742905114,0.45717606
4646,0.738881244461029,0.4480284609595326,0.45717606
4646,0.738881244461029,0.44900982942793444,0.45717606
4646,0.738881244461029,0.4499990083707141,0.45717606
4646,0.738881244461029,0.4509961625748661,0.45717606
4646,0.738881244461029,0.452001461594097,0.45717606
4646,0.738881244461029,0.45301507978742395,0.45717606
4646,0.738881244461029,0.4540371963562027,0.45717606
4646,0.738881244461029,0.45506799537957177,0.45717606
4646,0.738881244461029,0.4561076658482875,0.45717606
4646,0.738881244461029,0.45715640169691796,0.45717606
4646,0.738881244461029,0.4582144018343664,0.45717606
4646,0.738881244461029,0.4592818701727047,0.45717606
4646,0.738881244461029,0.4603590156542809,0.45717606
4646,0.738881244461029,0.46144605227705726,0.45717606
4646,0.738881244461029,0.462543199118203,0.45717606
4646,0.738881244461029,0.4636506803558142,0.45717606
4646,0.738881244461029,0.46476872528883534,0.45717606
4646,0.738881244461029,0.46589756835507623,0.45717606
4646,0.738881244461029,0.4670374491473172,0.45717606
4646,0.738881244461029,0.4681886124274609,0.45717606
4646,0.738881244461029,0.4693513081387013,0.45717606
4646,0.738881244461029,0.47052579141567336,0.45717606
4646,0.738881244461029,0.47171232259252466,0.45717606
4646,0.738881244461029,0.4729111672088922,0.45717606
4646,0.738881244461029,0.4741225960137422,0.45717606
4646,0.738881244461029,0.4753468849670058,0.45717606
4646,0.738881244461029,0.47658431523899286,0.45717606
4646,0.738881244461029,0.4778351732075261,0.45717606
4646,0.738881244461029,0.4790997504527428,0.45717606
4646,0.738881244461029,0.4803783437495322,0.45717606
4646,0.738881244461029,0.4816712550575384,0.45717606
4646,0.738881244461029,0.48297879150868955,0.45717606
4646,0.738881244461029,0.4843012653921921,0.45717606
4646,0.738881244461029,0.48563899413692785,0.45717606
4646,0.738881244461029,0.4869923002912257,0.45717606
4646,0.738881244461029,0.48836151149990387,0.45717606
4646,0.738881244461029,0.48974696047855465,0.45717606
4646,0.738881244461029,0.49114898498500087,0.45717606
4646,0.738881244461029,0.4925679277878413,0.45717606
4646,0.738881244461029,0.4940041366320505,0.45717606
4646,0.738881244461029,0.49545796420153193,0.45717606
4646,0.738881244461029,0.49692976807856215,0.45717606
4646,0.738881244461029,0.49841991070008024,0.45717606
4646,0.738881244461029,0.49992875931069125,0.45717606
4646,0.738881244461029,0.5014566859123747,0.45717606
4646,0.738881244461029,0.503004067210761,0.45717606
4646,0.738881244461029,0.5045712845579311,0.45717606
4646,0.738881244461029,0.5061587238916424,0.45717606
4646,0.738881244461029,0.5077667756709018,0.45717606
4646,0.738881244461029,0.5093958348077973,0.45717606
4646,0.738881244461029,0.5110463005955116,0.45717606
4646,0.738881244461029,0.5127185766324006,0.45717606
4646,0.738881244461029,0.5144130707420966,0.45717606
4646,0.738881244461029,0.5161301948894781,0.45717606
4646,0.738881244461029,0.5178703650924794,0.45717606
4646,0.738881244461029,0.5196340013296055,0.45717606
4646,0.738881244461029,0.521421527443058,0.45717606
4646,0.738881244461029,0.523233371037399,0.45717606
4646,0.738881244461029,0.5250699633736329,0.45717606
4646,0.738881244461029,0.5269317392586099,0.45717606
4646,0.738881244461029,0.5288191369296867,0.45717606
4646,0.738881244461029,0.5307325979344663,0.45717606
4646,0.738881244461029,0.5326725670056267,0.45717606
4646,0.738881244461029,0.5346394919306324,0.45717606
4646,0.738881244461029,0.5366338234162905,0.45717606
4646,0.738881244461029,0.5386560149480424,0.45717606
4646,0.738881244461029,0.5407065226438756,0.45717606
4646,0.738881244461029,0.5427858051027528,0.45717606
4646,0.738881244461029,0.5448943232474999,0.45717606
4646,0.738881244461029,0.5470325401619943,0.45717606
4646,0.738881244461029,0.5492009209226021,0.45717606
4646,0.738881244461029,0.5513999324237319,0.45717606
4646,0.738881244461029,0.553630043197468,0.45717606
4646,0.738881244461029,0.5558917232271033,0.45717606
4646,0.738881244461029,0.5581854437545681,0.45717606
4646,0.738881244461029,0.5605116770815878,0.45717606
4646,0.738881244461029,0.5628708963645493,0.45717606
4646,0.738881244461029,0.5652635754029444,0.45717606
4646,0.738881244461029,0.5676901884213229,0.45717606
4646,0.738881244461029,0.5701512098446792,0.45717606
4646,0.738881244461029,0.5726471140671893,0.45717606
4646,0.738881244461029,0.57517837521424,0.45717606
4646,0.738881244461029,0.5777454668976543,0.45717606
4646,0.738881244461029,0.5803488619640762,0.45717606
4646,0.738881244461029,0.5829890322364326,0.45717606
4646,0.738881244461029,0.5856664482484393,0.45717606
4646,0.738881244461029,0.5883815789720666,0.45717606
4646,0.738881244461029,0.5911348915379551,0.45717606
4646,0.738881244461029,0.5939268509487119,0.45717606
4646,0.738881244461029,0.5967579197850688,0.45717606
4646,0.738881244461029,0.599628557904868,0.45717606
4646,0.738881244461029,0.6025392221348492,0.45717606
4646,0.738881244461029,0.6054903659552294,0.45717606
4646,0.738881244461029,0.6084824391770485,0.45717606
4646,0.738881244461029,0.6115158876123236,0.45717606
4646,0.738881244461029,0.6145911527369294,0.45717606
4646,0.738881244461029,0.6177086713463432,0.45717606
4646,0.738881244461029,0.6208688752041375,0.45717606
4646,0.738881244461029,0.6240721906833606,0.45717606
4646,0.738881244461029,0.6273190384007854,0.45717606
4646,0.738881244461029,0.6306098328440769,0.45717606
4646,0.738881244461029,0.6339449819919556,0.45717606
4646,0.738881244461029,0.637324886927405,0.45717606
4646,0.738881244461029,0.640749941444009,0.45717606
4646,0.738881244461029,0.6442205316454657,0.45717606
4646,0.738881244461029,0.6477370355384456,0.45717606
4646,0.738881244461029,0.6512998226188308,0.45717606
4646,0.738881244461029,0.6549092534514863,0.45717606
4646,0.738881244461029,0.6585656792436491,0.45717606
4646,0.738881244461029,0.6622694414121578,0.45717606
4646,0.738881244461029,0.6660208711445702,0.45717606
4646,0.738881244461029,0.6698202889543927,0.45717606
4646,0.738881244461029,0.6736680042305692,0.45717606
4646,0.738881244461029,0.6775643147814266,0.45717606
4646,0.738881244461029,0.6815095063732607,0.45717606
4646,0.738881244461029,0.6855038522637785,0.45717606
4646,0.738881244461029,0.6895476127305986,0.45717606
4646,0.738881244461029,0.6936410345950741,0.45717606
4646,0.738881244461029,0.6977843507416676,0.45717606
4646,0.738881244461029,0.701977779633101,0.45717606
4646,0.738881244461029,0.7062215248216304,0.45717606
4646,0.738881244461029,0.7105157744566308,0.45717606
4646,0.738881244461029,0.714860700788895,0.45717606
4646,0.738881244461029,0.7192564596718339,0.45717606
4646,0.738881244461029,0.7237031900600145,0.45717606
4646,0.738881244461029,0.7282010135052934,0.45717606
4646,0.738881244461029,0.7327500336509223,0.45717606
4646,0.738881244461029,0.7373503357239941,0.45717606
4646,0.738881244461029,0.7420019860265668,0.45717606
4646,0.738881244461029,0.7467050314258893,0.45717606
4646,0.738881244461029,0.7514594988441233,0.45717606
4646,0.738881244461029,0.7562653947479374,0.45717606
4646,0.738881244461029,0.761122704638429,0.45717606
4646,0.738881244461029,0.7660313925418044,0.45717606
4646,0.738881244461029,0.7709914005012563,0.45717606
4646,0.738881244461029,0.7760026480704888,0.45717606
4646,0.738881244461029,0.7810650318094007,0.45717606
4646,0.738881244461029,0.7861784247823436,0.45717606
4646,0.738881244461029,0.791342676059511,0.45717606
4646,0.738881244461029,0.7965576102219163,0.45717606
4646,0.738881244461029,0.8018230268705079,0.45717606
4646,0.738881244461029,0.8071387001399127,0.45717606
4646,0.738881244461029,0.8125043782173661,0.45717606
4646,0.738881244461029,0.8179197828673637,0.45717606
4646,0.738881244461029,0.8233846089625745,0.45717606
4646,0.738881244461029,0.828898524021592,0.45717606
4646,0.738881244461029,0.8344611677540966,0.45717606
4646,0.738881244461029,0.8400721516139688,0.45717606
4646,0.738881244461029,0.8457310583609774,0.45717606
4646,0.738881244461029,0.8514374416316289,0.45717606
4646,0.738881244461029,0.8571908255196944,0.45717606
4646,0.738881244461029,0.8629907041671847,0.45717606
4646,0.738881244461029,0.8688365413661712,0.45717606
4646,0.738881244461029,0.8747277701722095,0.45717606
4646,0.738881244461029,0.8806637925299434,0.45717606
4646,0.738881244461029,0.8866439789114503,0.45717606
4646,0.738881244461029,0.8926676679680557,0.45717606
4646,0.738881244461029,0.8987341661960787,0.45717606
4646,0.738881244461029,0.9048427476172975,0.45717606
4646,0.738881244461029,0.9109926534746524,0.45717606
4646,0.738881244461029,0.9171830919437984,0.45717606
4646,0.738881244461029,0.923413237861211,0.45717606
4646,0.738881244461029,0.9296822324693502,0.45717606
4646,0.738881244461029,0.9359891831795942,0.45717606
4646,0.738881244461029,0.942333163353481,0.45717606
4646,0.738881244461029,0.9487132121029155,0.45717606
4646,0.738881244461029,0.9551283341098601,0.45717606
4646,0.738881244461029,0.9615774994662446,0.45717606
4646,0.738881244461029,0.9680596435344869,0.45717606
4646,0.738881244461029,0.9745736668293786,0.45717606
4646,0.738881244461029,0.9811184349218098,0.45717606
4646,0.738881244461029,0.9876927783648776,0.45717606
4646,0.738881244461029,0.9942954926430138,0.45717606
4646,0.738881244461029,1.000925338144562,0.45717606
4646,0.738881244461029,1.0075810401583805,0.45717606
4646,0.738881244461029,1.0142612888950298,0.45717606
4646,0.738881244461029,1.0209647395329042,0.45717606
4646,0.738881244461029,1.0276900122899184,0.45717606
4646,0.738881244461029,1.0344356925211535,0.45717606
4646,0.738881244461029,1.0412003308429063,0.45717606
4646,0.738881244461029,1.047982443283601,0.45717606
4646,0.738881244461029,1.054780511461923,0.45717606
4646,0.738881244461029,1.0615929827926325,0.45717606
4646,0.738881244461029,1.0684182707203398,0.45717606
4646,0.738881244461029,1.0752547549816853,0.45717606
4646,0.738881244461029,1.0821007818961965,0.45717606
4646,0.738881244461029,1.0889546646860966,0.45717606
4646,0.738881244461029,1.0958146838254057,0.45717606
4646,0.738881244461029,1.1026790874185814,0.45717606
4646,0.738881244461029,1.1095460916088544,0.45717606
4646,0.738881244461029,1.116413881016546,0.45717606
4646,0.738881244461029,1.1232806092075052,0.45717606
4646,0.738881244461029,1.1301443991918183,0.45717606
4646,0.738881244461029,1.1370033439528722,0.45717606
4646,0.738881244461029,1.143855507006961,0.45717606
4646,0.738881244461029,1.1506989229933728,0.45717606
4646,0.738881244461029,1.157531598295035,0.45717606
4646,0.738881244461029,1.1643515116898242,0.45717606
4646,0.738881244461029,1.1711566150322466,0.45717606
4646,0.738881244461029,1.177944833965738,0.45717606
4646,0.738881244461029,1.1847140686652136,0.45717606
4646,0.738881244461029,1.1914621946099448,0.45717606
4646,0.738881244461029,1.1981870633864498,0.45717606
4646,0.738881244461029,1.204886503521268,0.45717606
4646,0.738881244461029,1.211558321343395,0.45717606
4646,0.738881244461029,1.2182003018760859,0.45717606
4646,0.738881244461029,1.2248102097577138,0.45717606
4646,0.738881244461029,1.23138579019139,0.45717606
4646,0.738881244461029,1.2379247699229319,0.45717606
4646,0.738881244461029,1.2444248582467925,0.45717606
4646,0.738881244461029,1.2508837480395285,0.45717606
4646,0.738881244461029,1.2572991168202614,0.45717606
4646,0.738881244461029,1.263668627837742,0.45717606
4646,0.738881244461029,1.269989931183288,0.45717606
4646,0.738881244461029,1.276260664929237,0.45717606
4646,0.738881244461029,1.2824784562920795,0.45717606
4646,0.738881244461029,1.2886409228197893,0.45717606
4646,0.738881244461029,1.2947456736025489,0.45717606
4646,0.738881244461029,1.300790310506215,0.45717606
4646,0.738881244461029,1.306772429427741,0.45717606
4646,0.738881244461029,1.3126896215717891,0.45717606
4646,0.738881244461029,1.318539474747673,0.45717606
4646,0.738881244461029,1.324319574685818,0.45717606
4646,0.738881244461029,1.3300275063728302,0.45717606
4646,0.738881244461029,1.3356608554042824,0.45717606
4646,0.738881244461029,1.3412172093542025,0.45717606
4646,0.738881244461029,1.346694159160413,0.45717606
4646,0.738881244461029,1.352089300524553,0.45717606
4646,0.738881244461029,1.3574002353258914,0.45717606
4646,0.738881244461029,1.362624573047792,0.45717606
4646,0.738881244461029,1.3677599322157714,0.45717606
4646,0.738881244461029,1.3728039418460174,0.45717606
4646,0.738881244461029,1.377754242903191,0.45717606
4646,0.738881244461029,1.382608489766517,0.45717606
4646,0.738881244461029,1.3873643517027292,0.45717606
4646,0.738881244461029,1.3920195143448588,0.45717606
4646,0.738881244461029,1.396571681175571,0.45717606
4646,0.738881244461029,1.4010185750137891,0.45717606
4646,0.738881244461029,1.4053579395033853,0.45717606
4646,0.738881244461029,1.4095875406026184,0.45717606
4646,0.738881244461029,1.4137051680730484,0.45717606
4646,0.738881244461029,1.4177086369666472,0.45717606
4646,0.738881244461029,1.4215957891097093,0.45717606
4646,0.738881244461029,1.4253644945822945,0.45717606
4646,0.738881244461029,1.4290126531918896,0.45717606
4646,0.738881244461029,1.432538195939833,0.45717606
4646,0.738881244461029,1.4359390864792894,0.45717606
4646,0.738881244461029,1.4392133225632564,0.45717606
4646,0.738881244461029,1.4423589374814425,0.45717606
4646,0.738881244461029,1.4453740014844494,0.45717606
4646,0.738881244461029,1.4482566231940388,0.45717606
4646,0.738881244461029,1.4510049509980358,0.45717606
4646,0.738881244461029,1.453617174428606,0.45717606
4646,0.738881244461029,1.456091525522454,0.45717606
4646,0.738881244461029,1.4584262801616397,0.45717606
4646,0.738881244461029,1.4606197593937147,0.45717606
4646,0.738881244461029,1.4626703307297855,0.45717606
4646,0.738881244461029,1.4645764094192357,0.45717606
4646,0.738881244461029,1.4663364596997428,0.45717606
4646,0.738881244461029,1.467948996021416,0.45717606
4646,0.738881244461029,1.4694125842436734,0.45717606
4646,0.738881244461029,1.470725842803627,0.45717606
4646,0.738881244461029,1.4718874438548193,0.45717606
4646,0.738881244461029,1.472896114375012,0.45717606
4646,0.738881244461029,1.473750637241852,0.45717606
4646,0.738881244461029,1.4744498522753309,0.45717606
4646,0.738881244461029,1.474992657245786,0.45717606
4646,0.738881244461029,1.4753780088464348,0.45717606
4646,0.738881244461029,1.4756049236292645,0.45717606
4646,0.738881244461029,1.4756724789033628,0.45717606
4646,0.738881244461029,1.47557981359451,0.45717606
4646,0.738881244461029,1.4753261290651984,0.45717606
4646,0.738881244461029,1.4749106898940139,0.45717606
4646,0.738881244461029,1.4743328246135934,0.45717606
4646,0.738881244461029,1.4735919264061064,0.45717606
4646,0.738881244461029,1.4726874537556451,0.45717606
4646,0.738881244461029,1.4716189310565293,0.45717606
4646,0.738881244461029,1.4703859491769247,0.45717606
4646,0.738881244461029,1.4689881659769366,0.45717606
4646,0.738881244461029,1.4674253067806524,0.45717606
4646,0.738881244461029,1.4656971648013253,0.45717606
4646,0.738881244461029,1.4638036015193538,0.45717606
4646,0.738881244461029,1.4617445470123112,0.45717606
4646,0.738881244461029,1.4595200002366628,0.45717606
4646,0.738881244461029,1.4571300292607139,0.45717606
4646,0.738881244461029,1.4545747714483794,0.45717606
4646,0.738881244461029,1.4518544335934898,0.45717606
4646,0.738881244461029,1.4489692920042279,0.45717606
4646,0.738881244461029,1.445919692537649,0.45717606
4646,0.738881244461029,1.4427060505838813,0.45717606
4646,0.738881244461029,1.4393288510000681,0.45717606
4646,0.738881244461029,1.435788647993865,0.45717606
4646,0.738881244461029,1.4320860649564198,0.45717606
4646,0.738881244461029,1.4282217942449988,0.45717606
4646,0.738881244461029,1.4241965969151928,0.45717606
4646,0.738881244461029,1.4200113024029277,0.45717606
4646,0.738881244461029,1.4156668081563668,0.45717606
4646,0.738881244461029,1.4111640792180558,0.45717606
4646,0.738881244461029,1.4065041477574516,0.45717606
4646,0.738881244461029,1.401688112554272,0.45717606
4646,0.738881244461029,1.3967171384330643,0.45717606
4646,0.738881244461029,1.3915924556492834,0.45717606
4646,0.738881244461029,1.3863153592275796,0.45717606
4646,0.738881244461029,1.3808872082526427,0.45717606
4646,0.738881244461029,1.3753094251133249,0.45717606
4646,0.738881244461029,1.3695834947005898,0.45717606
4646,0.738881244461029,1.3637109635600422,0.45717606
4646,0.738881244461029,1.3576934389996904,0.45717606
4646,0.738881244461029,1.3515325881537996,0.45717606
4646,0.738881244461029,1.3452301370036368,0.45717606
4646,0.738881244461029,1.3387878693559145,0.45717606
4646,0.738881244461029,1.3322076257799467,0.45717606
4646,0.738881244461029,1.325491302504396,0.45717606
4646,0.738881244461029,1.3186408502746387,0.45717606
4646,0.738881244461029,1.311658273171788,0.45717606
4646,0.738881244461029,1.3045456273944271,0.45717606
4646,0.738881244461029,1.297305020004214,0.45717606
4646,0.738881244461029,1.289938607636416,0.45717606
4746,0.8910499344227522,1.8082363544023092,0.50837094
4746,0.8910499344227522,1.8108469731658374,0.50837094
4746,0.8910499344227522,1.8132149436255687,0.50837094
4746,0.8910499344227522,1.8153395832304968,0.50837094
4746,0.8910499344227522,1.8172203138362137,0.50837094
4746,0.8910499344227522,1.8188566620416413,0.50837094
4746,0.8910499344227522,1.8202482594502116,0.50837094
4746,0.8910499344227522,1.8213948428554358,0.50837094
4746,0.8910499344227522,1.8222962543504415,0.50837094
4746,0.8910499344227522,1.8229524413616778,0.50837094
4746,0.8910499344227522,1.8233634566066397,0.50837094
4746,0.8910499344227522,1.8235294579757915,0.50837094
4746,0.8910499344227522,1.8234507083388034,0.50837094
4746,0.8910499344227522,1.823127575275339,0.50837094
4746,0.8910499344227522,1.8225605307307937,0.50837094
4746,0.8910499344227522,1.8217501505972895,0.50837094
4746,0.8910499344227522,1.8206971142204291,0.50837094
4746,0.8910499344227522,1.8194022038323683,0.50837094
4746,0.8910499344227522,1.8178663039118277,0.50837094
4746,0.8910499344227522,1.8160904004716851,0.50837094
4746,0.8910499344227522,1.8140755802749922,0.50837094
4746,0.8910499344227522,1.811823029980171,0.50837094
4746,0.8910499344227522,1.8093340352163936,0.50837094
4746,0.8910499344227522,1.8066099795899588,0.50837094
4746,0.8910499344227522,1.803652343622905,0.50837094
4746,0.8910499344227522,1.800462703624802,0.50837094
4746,0.8910499344227522,1.7970427304989776,0.50837094
4746,0.8910499344227522,1.7933941884843778,0.50837094
4746,0.8910499344227522,1.7895189338344182,0.50837094
4746,0.8910499344227522,1.78541891343403,0.50837094
4746,0.8910499344227522,1.781096163356516,0.50837094
4746,0.8910499344227522,1.7765528073615338,0.50837094
4746,0.8910499344227522,1.7717910553357838,0.50837094
4746,0.8910499344227522,1.7668132016779663,0.50837094
4746,0.8910499344227522,1.7616216236296374,0.50837094
4746,0.8910499344227522,1.7562187795536532,0.50837094
4746,0.8910499344227522,1.750607207161872,0.50837094
4746,0.8910499344227522,1.7447895216939044,0.50837094
4746,0.8910499344227522,1.7387684140487676,0.50837094
4746,0.8910499344227522,1.7325466488711523,0.50837094
4746,0.8910499344227522,1.7261270625943463,0.50837094
4746,0.8910499344227522,1.7195125614415785,0.50837094
4746,0.8910499344227522,1.7127061193878226,0.50837094
4746,0.8910499344227522,1.7057107760840435,0.50837094
4746,0.8910499344227522,1.698529634745744,0.50837094
4746,0.8910499344227522,1.691165860008126,0.50837094
4746,0.8910499344227522,1.6836226757495512,0.50837094
4746,0.8910499344227522,1.675903362885643,0.50837094
4746,0.8910499344227522,1.668011257136095,0.50837094
4746,0.8910499344227522,1.6599497467660722,0.50837094
4746,0.8910499344227522,1.6517222703046068,0.50837094
4746,0.8910499344227522,1.643332314241878,0.50837094
4746,0.8910499344227522,1.6347834107076396,0.50837094
4746,0.8910499344227522,1.6260791351329171,0.50837094
4746,0.8910499344227522,1.6172231038969824,0.50837094
4746,0.8910499344227522,1.608218971961968,0.50837094
4746,0.8910499344227522,1.5990704304970669,0.50837094
4746,0.8910499344227522,1.5897812044944672,0.50837094
4746,0.8910499344227522,1.5803550503792667,0.50837094
4746,0.8910499344227522,1.5707957536153496,0.50837094
4746,0.8910499344227522,1.5611071263093577,0.50837094
4746,0.8910499344227522,1.5512930048148579,0.50837094
4746,0.8910499344227522,1.541357247338796,0.50837094
4746,0.8910499344227522,1.5313037315521767,0.50837094
4746,0.8910499344227522,1.5211363522071417,0.50837094
4746,0.8910499344227522,1.5108590187623248,0.50837094
4746,0.8910499344227522,1.5004756530185264,0.50837094
4746,0.8910499344227522,1.4899901867666494,0.50837094
4746,0.8910499344227522,1.4794065594497605,0.50837094
4746,0.8910499344227522,1.4687287158412416,0.50837094
4746,0.8910499344227522,1.4579606037408404,0.50837094
4746,0.8910499344227522,1.4471061716904345,0.50837094
4746,0.8910499344227522,1.4361693667112725,0.50837094
4746,0.8910499344227522,1.4251541320645267,0.50837094
4746,0.8910499344227522,1.4140644050367006,0.50837094
4746,0.8910499344227522,1.402904114751703,0.50837094
4746,0.8910499344227522,1.3916771800111247,0.50837094
4746,0.8910499344227522,1.3803875071642464,0.50837094
4746,0.8910499344227522,1.3690389880094198,0.50837094
4746,0.8910499344227522,1.3576354977282155,0.50837094
4746,0.8910499344227522,1.3461808928537289,0.50837094
4746,0.8910499344227522,1.3346790092745422,0.50837094
4746,0.8910499344227522,1.3231336602755444,0.50837094
4746,0.8910499344227522,1.3115486346169685,0.50837094
4746,0.8910499344227522,1.2999276946527976,0.50837094
4746,0.8910499344227522,1.2882745744897526,0.50837094
4746,0.8910499344227522,1.2765929781880139,0.50837094
4746,0.8910499344227522,1.2648865780046015,0.50837094
4746,0.8910499344227522,1.2531590126805427,0.50837094
4746,0.8910499344227522,1.2414138857727488,0.50837094
4746,0.8910499344227522,1.2296547640314006,0.50837094
4746,0.8910499344227522,1.2178851758238352,0.50837094
4746,0.8910499344227522,1.206108609605536,0.50837094
4746,0.8910499344227522,1.1943285124390899,0.50837094
4746,0.8910499344227522,1.1825482885616498,0.50837094
4746,0.8910499344227522,1.1707712980016407,0.50837094
4746,0.8910499344227522,1.1590008552450966,0.50837094
4746,0.8910499344227522,1.1472402279522897,0.50837094
4746,0.8910499344227522,1.1354926357248951,0.50837094
4746,0.8910499344227522,1.1237612489242699,0.50837094
4746,0.8910499344227522,1.1120491875409981,0.50837094
4746,0.8910499344227522,1.1003595201160323,0.50837094
4746,0.8910499344227522,1.0886952627136672,0.50837094
4746,0.8910499344227522,1.077059377946436,0.50837094
4746,0.8910499344227522,1.0654547740520863,0.50837094
4746,0.8910499344227522,1.053884304022618,0.50837094
4746,0.8910499344227522,1.0423507647854477,0.50837094
4746,0.8910499344227522,1.0308568964365554,0.50837094
4746,0.8910499344227522,1.0194053815256001,0.50837094
4746,0.8910499344227522,1.007998844392738,0.50837094
4746,0.8910499344227522,0.9966398505570091,0.50837094
4746,0.8910499344227522,0.985330906156,0.50837094
4746,0.8910499344227522,0.9740744574364736,0.50837094
4746,0.8910499344227522,0.962872890295626,0.50837094
4746,0.8910499344227522,0.9517285298725565,0.50837094
4746,0.8910499344227522,0.94064364018951,0.50837094
4746,0.8910499344227522,0.9296204238424256,0.50837094
4746,0.8910499344227522,0.9186610217402185,0.50837094
4746,0.8910499344227522,0.9077675128922972,0.50837094
4746,0.8910499344227522,0.896941914243613,0.50837094
4746,0.8910499344227522,0.8861861805567157,0.50837094
4746,0.8910499344227522,0.8755022043400026,0.50837094
4746,0.8910499344227522,0.8648918158215764,0.50837094
4746,0.8910499344227522,0.8543567829678462,0.50837094
4746,0.8910499344227522,0.8438988115461825,0.50837094
4746,0.8910499344227522,0.8335195452307557,0.50837094
4746,0.8910499344227522,0.8232205657507271,0.50837094
4746,0.8910499344227522,0.8130033930799603,0.50837094
4746,0.8910499344227522,0.8028694856673115,0.50837094
4746,0.8910499344227522,0.7928202407066034,0.50837094
4746,0.8910499344227522,0.7828569944453169,0.50837094
4746,0.8910499344227522,0.7729810225311169,0.50837094
4746,0.8910499344227522,0.7631935403950699,0.50837094
4746,0.8910499344227522,0.7534957036707354,0.50837094
4746,0.8910499344227522,0.7438886086479632,0.50837094
4746,0.8910499344227522,0.7343732927604526,0.50837094
4746,0.8910499344227522,0.7249507351059745,0.50837094
4746,0.8910499344227522,0.7156218569982098,0.50837094
4746,0.8910499344227522,0.7063875225491344,0.50837094
4746,0.8910499344227522,0.6972485392808673,0.50837094
4746,0.8910499344227522,0.6882056587658717,0.50837094
4746,0.8910499344227522,0.6792595772944323,0.50837094
4746,0.8910499344227522,0.6704109365682965,0.50837094
4746,0.8910499344227522,0.6616603244193597,0.50837094
4746,0.8910499344227522,0.653008275552315,0.50837094
4746,0.8910499344227522,0.644455272310093,0.50837094
4746,0.8910499344227522,0.6360017454610727,0.50837094
4746,0.8910499344227522,0.6276480750068475,0.50837094
4746,0.8910499344227522,0.6193945910094943,0.50837094
4746,0.8910499344227522,0.6112415744372748,0.50837094
4746,0.8910499344227522,0.6031892580275638,0.50837094
4746,0.8910499344227522,0.5952378271660013,0.50837094
4746,0.8910499344227522,0.5873874207807442,0.50837094
4746,0.8910499344227522,0.5796381322507446,0.50837094
4746,0.8910499344227522,0.5719900103269587,0.50837094
4746,0.8910499344227522,0.5644430600654785,0.50837094
4746,0.8910499344227522,0.556997243771472,0.50837094
4746,0.8910499344227522,0.5496524819529609,0.50837094
4746,0.8910499344227522,0.542408654283338,0.50837094
4746,0.8910499344227522,0.5352656005716967,0.50837094
4746,0.8910499344227522,0.5282231217398915,0.50837094
4746,0.8910499344227522,0.5212809808054264,0.50837094
4746,0.8910499344227522,0.5144389038691536,0.50837094
4746,0.8910499344227522,0.5076965811068526,0.50837094
4746,0.8910499344227522,0.5010536677637789,0.50837094
4746,0.8910499344227522,0.49450978515124233,0.50837094
4746,0.8910499344227522,0.48806452164434355,0.50837094
4746,0.8910499344227522,0.48171743367997977,0.50837094
4746,0.8910499344227522,0.4754680467543047,0.50837094
4746,0.8910499344227522,0.4693158564187544,0.50837094
4746,0.8910499344227522,0.4632603292738738,0.50837094
4746,0.8910499344227522,0.45730090396016165,0.50837094
4746,0.8910499344227522,0.45143699214510574,0.50837094
4746,0.8910499344227522,0.4456679795057405,0.50837094
4746,0.8910499344227522,0.43999322670596147,0.50837094
4746,0.8910499344227522,0.4344120703678899,0.50837094
4746,0.8910499344227522,0.42892382403665213,0.50837094
4746,0.8910499344227522,0.423527779137879,0.50837094
4746,0.8910499344227522,0.4182232059273196,0.50837094
4746,0.8910499344227522,0.41300935443195147,0.50837094
4746,0.8910499344227522,0.4078854553820111,0.50837094
4746,0.8910499344227522,0.40285072113338927,0.50837094
4746,0.8910499344227522,0.3979043465798399,0.50837094
4746,0.8910499344227522,0.39304551005450494,0.50837094
4746,0.8910499344227522,0.388273374220273,0.50837094
4746,0.8910499344227522,0.38358708694847815,0.50837094
4746,0.8910499344227522,0.37898578218553036,0.50837094
4746,0.8910499344227522,0.3744685808070494,0.50837094
4746,0.8910499344227522,0.37003459145909,0.50837094
4746,0.8910499344227522,0.3656829113861069,0.50837094
4746,0.8910499344227522,0.36141262724531764,0.50837094
4746,0.8910499344227522,0.35722281590710053,0.50837094
4746,0.8910499344227522,0.3531125452411675,0.50837094
4746,0.8910499344227522,0.349080874888198,0.50837094
4746,0.8910499344227522,0.345126857016694,0.50837094
4746,0.8910499344227522,0.3412495370647982,0.50837094
4746,0.8910499344227522,0.33744795446687936,0.50837094
4746,0.8910499344227522,0.333721143364678,0.50837094
4746,0.8910499344227522,0.3300681333028208,0.50837094
4746,0.8910499344227522,0.32648794990858093,0.50837094
4746,0.8910499344227522,0.3229796155557214,0.50837094
4746,0.8910499344227522,0.3195421500123064,0.50837094
4746,0.8910499344227522,0.31617457107240304,0.50837094
4746,0.8910499344227522,0.3128758951715578,0.50837094
4746,0.8910499344227522,0.3096451379860254,0.50837094
4746,0.8910499344227522,0.3064813150156806,0.50837094
4746,0.8910499344227522,0.30338344215057855,0.50837094
4746,0.8910499344227522,0.30035053622118585,0.50837094
4746,0.8910499344227522,0.2973816155322502,0.50837094
4746,0.8910499344227522,0.2944757003803599,0.50837094
4746,0.8910499344227522,0.2916318135552005,0.50837094
4746,0.8910499344227522,0.2888489808245892,0.50837094
4746,0.8910499344227522,0.2861262314033271,0.50837094
4746,0.8910499344227522,0.28346259840595645,0.50837094
4746,0.8910499344227522,0.28085711928352575,0.50837094
4746,0.8910499344227522,0.278308836244444,0.50837094
4746,0.8910499344227522,0.27581679665956016,0.50837094
4746,0.8910499344227522,0.27338005345158184,0.50837094
4746,0.8910499344227522,0.27099766546899,0.50837094
4746,0.8910499344227522,0.2686686978445703,0.50837094
4746,0.8910499344227522,0.26639222233875937,0.50837094
4746,0.8910499344227522,0.26416731766793156,0.50837094
4746,0.8910499344227522,0.2619930698178523,0.50837094
4746,0.8910499344227522,0.25986857234244093,0.50837094
4746,0.8910499344227522,0.25779292664806513,0.50837094
4746,0.8910499344227522,0.25576524226356967,0.50837094
4746,0.8910499344227522,0.2537846370962307,0.50837094
4746,0.8910499344227522,0.25185023767387804,0.50837094
4746,0.8910499344227522,0.24996117937338613,0.50837094
4746,0.8910499344227522,0.24811660663578267,0.50837094
4746,0.8910499344227522,0.2463156731681928,0.50837094
4746,0.8910499344227522,0.2445575421328674,0.50837094
4746,0.8910499344227522,0.24284138632354502,0.50837094
4746,0.8910499344227522,0.24116638832938145,0.50837094
4746,0.8910499344227522,0.23953174068670996,0.50837094
4746,0.8910499344227522,0.23793664601889075,0.50837094
4746,0.8910499344227522,0.23638031716449218,0.50837094
4746,0.8910499344227522,0.23486197729408606,0.50837094
4746,0.8910499344227522,0.2333808600159025,0.50837094
4746,0.8910499344227522,0.23193620947062213,0.50837094
4746,0.8910499344227522,0.23052728041555978,0.50837094
4746,0.8910499344227522,0.22915333829852855,0.50837094
4746,0.8910499344227522,0.22781365932162134,0.50837094
4746,0.8910499344227522,0.2265075304952183,0.50837094
4746,0.8910499344227522,0.2252342496824484,0.50837094
4746,0.8910499344227522,0.2239931256344141,0.50837094
4746,0.8910499344227522,0.22278347801641435,0.50837094
4746,0.8910499344227522,0.2216046374254611,0.50837094
4746,0.8910499344227522,0.22045594539934013,0.50837094
4746,0.8910499344227522,0.2193367544174885,0.50837094
4746,0.8910499344227522,0.21824642789395493,0.50837094
4746,0.8910499344227522,0.2171843401627091,0.50837094
4746,0.8910499344227522,0.21614987645555003,0.50837094
4746,0.8910499344227522,0.21514243287289278,0.50837094
4746,0.8910499344227522,0.214161416347669,0.50837094
4746,0.8910499344227522,0.21320624460261528,0.50837094
4746,0.8910499344227522,0.21227634610119359,0.50837094
4746,0.8910499344227522,0.21137115999238856,0.50837094
4746,0.8910499344227522,0.2104901360496421,0.50837094
4746,0.8910499344227522,0.20963273460415974,0.50837094
4746,0.8910499344227522,0.20879842647282523,0.50837094
4746,0.8910499344227522,0.20798669288097812,0.50837094
4746,0.8910499344227522,0.20719702538026855,0.50837094
4746,0.8910499344227522,0.20642892576183183,0.50837094
4746,0.8910499344227522,0.20568190596500946,0.50837094
4746,0.8910499344227522,0.2049554879818304,0.50837094
4746,0.8910499344227522,0.20424920375748384,0.50837094
4746,0.8910499344227522,0.20356259508699245,0.50837094
4746,0.8910499344227522,0.20289521350829587,0.50837094
4746,0.8910499344227522,0.20224662019195663,0.50837094
4746,0.8910499344227522,0.2016163858276893,0.50837094
4746,0.8910499344227522,0.20100409050791512,0.50837094
4746,0.8910499344227522,0.2004093236085271,0.50837094
4746,0.8910499344227522,0.19983168366707327,0.50837094
4746,0.8910499344227522,0.19927077825852776,0.50837094
4746,0.8910499344227522,0.19872622386884584,0.50837094
4746,0.8910499344227522,0.198197645766468,0.50837094
4746,0.8910499344227522,0.197684677871961,0.50837094
4746,0.8910499344227522,0.19718696262595234,0.50837094
4746,0.8910499344227522,0.1967041508555315,0.50837094
4746,0.8910499344227522,0.19623590163927745,0.50837094
4746,0.8910499344227522,0.19578188217106665,0.50837094
4746,0.8910499344227522,0.1953417676228167,0.50837094
4746,0.8910499344227522,0.19491524100631222,0.50837094
4746,0.8910499344227522,0.19450199303425908,0.50837094
4746,0.8910499344227522,0.19410172198070072,0.50837094
4746,0.8910499344227522,0.19371413354094472,0.50837094
4746,0.8910499344227522,0.19333894069111524,0.50837094
4746,0.8910499344227522,0.1929758635474728,0.50837094
4746,0.8910499344227522,0.192624629225615,0.50837094
4746,0.8910499344227522,0.1922849716996815,0.50837094
4746,0.8910499344227522,0.19195663166168356,0.50837094
4746,0.8910499344227522,0.19163935638105817,0.50837094
4746,0.8910499344227522,0.19133289956456712,0.50837094
4746,0.8910499344227522,0.19103702121663022,0.50837094
4746,0.8910499344227522,0.19075148750021464,0.50837094
4746,0.8910499344227522,0.19047607059834565,0.50837094
4746,0.8910499344227522,0.19021054857636946,0.50837094
4746,0.8910499344227522,0.18995470524501745,0.50837094
4746,0.8910499344227522,0.18970833002439197,0.50837094
4746,0.8910499344227522,0.18947121780893034,0.50837094
4746,0.8910499344227522,0.18924316883344136,0.50837094
4746,0.8910499344227522,0.18902398854028404,0.50837094
4746,0.8910499344227522,0.18881348744775894,0.50837094
4746,0.8910499344227522,0.18861148101978067,0.50837094
4746,0.8910499344227522,0.18841778953690302,0.50837094
4746,0.8910499344227522,0.18823223796875194,0.50837094
4746,0.8910499344227522,0.18805465584792946,0.50837094
4746,0.8910499344227522,0.18788487714544272,0.50837094
4746,0.8910499344227522,0.1877227401477154,0.50837094
4746,0.8910499344227522,0.1875680873352245,0.50837094
4746,0.8910499344227522,0.1874207652628206,0.50837094
4746,0.8910499344227522,0.1872806244417635,0.50837094
4746,0.8910499344227522,0.18714751922352793,0.50837094
4746,0.8910499344227522,0.18702130768540962,0.50837094
4746,0.8910499344227522,0.18690185151797548,0.50837094
4746,0.8910499344227522,0.18678901591438238,0.50837094
4746,0.8910499344227522,0.18668266946160872,0.50837094
4746,0.8910499344227522,0.18658268403362205,0.50837094
4746,0.8910499344227522,0.186488934686504,0.50837094
4746,0.8910499344227522,0.18640129955556609,0.50837094
4746,0.8910499344227522,0.18631965975447728,0.50837094
4746,0.8910499344227522,0.18624389927642165,0.50837094
4746,0.8910499344227522,0.18617390489729932,0.50837094
4746,0.8910499344227522,0.1861095660809986,0.50837094
4746,0.8910499344227522,0.18605077488673843,0.50837094
4746,0.8910499344227522,0.18599742587850956,0.50837094
4746,0.8910499344227522,0.18594941603660692,0.50837094
4746,0.8910499344227522,0.18590664467127868,0.50837094
4746,0.8910499344227522,0.18586901333847838,0.50837094
4746,0.8910499344227522,0.18583642575774478,0.50837094
4746,0.8910499344227522,0.1858087877321987,0.50837094
4746,0.8910499344227522,0.18578600707066031,0.50837094
4746,0.8910499344227522,0.1857679935118905,0.50837094
4746,0.8910499344227522,0.1857546586509451,0.50837094
4746,0.8910499344227522,0.18574591586765019,0.50837094
4746,0.8910499344227522,0.18574168025718185,0.50837094
4746,0.8910499344227522,0.18574186856274474,0.50837094
4746,0.8910499344227522,0.18574639911035185,0.50837094
4746,0.8910499344227522,0.18575519174567817,0.50837094
4746,0.8910499344227522,0.18576816777298974,0.50837094
4746,0.8910499344227522,0.1857852498961354,0.50837094
4746,0.8910499344227522,0.18580636216157165,0.50837094
4746,0.8910499344227522,0.18583142990343193,0.50837094
4746,0.8910499344227522,0.18586037969059524,0.50837094
4746,0.8910499344227522,0.1858931392757591,0.50837094
4746,0.8910499344227522,0.18592963754648156,0.50837094
4746,0.8910499344227522,0.1859698044781873,0.50837094
4746,0.8910499344227522,0.18601357108910088,0.50837094
4746,0.8910499344227522,0.18606086939709557,0.50837094
4746,0.8910499344227522,0.18611163237843678,0.50837094
4746,0.8910499344227522,0.18616579392838276,0.50837094
4746,0.8910499344227522,0.18622328882363343,0.50837094
4746,0.8910499344227522,0.1862840526865863,0.50837094
4746,0.8910499344227522,0.1863480219513898,0.50837094
4746,0.8910499344227522,0.1864151338317456,0.50837094
4746,0.8910499344227522,0.18648532629045017,0.50837094
4746,0.8910499344227522,0.1865585380106385,0.50837094
4746,0.8910499344227522,0.1866347083686944,0.50837094
4746,0.8910499344227522,0.18671377740880854,0.50837094
4746,0.8910499344227522,0.1867956858191416,0.50837094
4746,0.8910499344227522,0.1868803749095716,0.50837094
4746,0.8910499344227522,0.1869677865909802,0.50837094
4746,0.8910499344227522,0.18705786335605606,0.50837094
4746,0.8910499344227522,0.18715054826157454,0.50837094
4746,0.8910499344227522,0.18724578491212368,0.50837094
4746,0.8910499344227522,0.18734351744523606,0.50837094
4746,0.8910499344227522,0.18744369051790163,0.50837094
4746,0.8910499344227522,0.1875462492944142,0.50837094
4746,0.8910499344227522,0.18765113943552153,0.50837094
4746,0.8910499344227522,0.18775830708884209,0.50837094
4746,0.8910499344227522,0.18786769888051805,0.50837094
4746,0.8910499344227522,0.18797926190805275,0.50837094
4746,0.8910499344227522,0.18809294373430882,0.50837094
4746,0.8910499344227522,0.1882086923826257,0.50837094
4746,0.8910499344227522,0.18832645633301662,0.50837094
4746,0.8910499344227522,0.18844618451941117,0.50837094
4746,0.8910499344227522,0.1885678263279023,0.50837094
4746,0.8910499344227522,0.18869133159595955,0.50837094
4746,0.8910499344227522,0.18881665061258168,0.50837094
4746,0.8910499344227522,0.18894373411932797,0.50837094
4746,0.8910499344227522,0.18907253331221222,0.50837094
4746,0.8910499344227522,0.18920299984441394,0.50837094
4746,0.8910499344227522,0.18933508582976463,0.50837094
4746,0.8910499344227522,0.18946874384697393,0.50837094
4746,0.8910499344227522,0.1896039269445649,0.50837094
4746,0.8910499344227522,0.18974058864646975,0.50837094
4746,0.8910499344227522,0.18987868295825772,0.50837094
4746,0.8910499344227522,0.19001816437395205,0.50837094
4746,0.8910499344227522,0.19015898788340266,0.50837094
4746,0.8910499344227522,0.19030110898018165,0.50837094
4746,0.8910499344227522,0.19044448366995512,0.50837094
4746,0.8910499344227522,0.19058906847930254,0.50837094
4746,0.8910499344227522,0.19073482046495555,0.50837094
4746,0.8910499344227522,0.1908816972234012,0.50837094
4746,0.8910499344227522,0.19102965690083432,0.50837094
4746,0.8910499344227522,0.19117865820341925,0.50837094
4746,0.8910499344227522,0.19132866040781557,0.50837094
4746,0.8910499344227522,0.19147962337196034,0.50837094
4746,0.8910499344227522,0.19163150754604066,0.50837094
4746,0.8910499344227522,0.1917842739836601,0.50837094
4746,0.8910499344227522,0.19193788435313291,0.50837094
4746,0.8910499344227522,0.19209230094891194,0.50837094
4746,0.8910499344227522,0.19224748670307798,0.50837094
4746,0.8910499344227522,0.19240340519690283,0.50837094
4746,0.8910499344227522,0.19256002067242697,0.50837094
4746,0.8910499344227522,0.1927172980440366,0.50837094
4746,0.8910499344227522,0.1928752029100121,0.50837094
4746,0.8910499344227522,0.19303370156401892,0.50837094
4746,0.8910499344227522,0.1931927610065138,0.50837094
4746,0.8910499344227522,0.19335234895604347,0.50837094
4746,0.8910499344227522,0.19351243386041475,0.50837094
4746,0.8910499344227522,0.19367298490770082,0.50837094
4746,0.8910499344227522,0.19383397203707614,0.50837094
4746,0.8910499344227522,0.1939953659494451,0.50837094
4746,0.8910499344227522,0.1941571381178494,0.50837094
4746,0.8910499344227522,0.19431926079763714,0.50837094
4746,0.8910499344227522,0.19448170703636652,0.50837094
4746,0.8910499344227522,0.19464445068342698,0.50837094
4746,0.8910499344227522,0.19480746639936877,0.50837094
4746,0.8910499344227522,0.1949707296649116,0.50837094
4746,0.8910499344227522,0.1951342167896287,0.50837094
4746,0.8910499344227522,0.19529790492028182,0.50837094
4746,0.8910499344227522,0.1954617720487938,0.50837094
4746,0.8910499344227522,0.19562579701985927,0.50837094
4746,0.8910499344227522,0.19578995953815567,0.50837094
4746,0.8910499344227522,0.19595424017517585,0.50837094
4746,0.8910499344227522,0.1961186203756366,0.50837094
4746,0.8910499344227522,0.1962830824634853,0.50837094
4746,0.8910499344227522,0.1964476096474748,0.50837094
4746,0.8910499344227522,0.19661218602631042,0.50837094
4746,0.8910499344227522,0.19677679659335726,0.50837094
4746,0.8910499344227522,0.1969414272409022,0.50837094
4746,0.8910499344227522,0.19710606476397005,0.50837094
4746,0.8910499344227522,0.19727069686368143,0.50837094
4746,0.8910499344227522,0.19743531215016305,0.50837094
4746,0.8910499344227522,0.19759990014499024,0.50837094
4746,0.8910499344227522,0.19776445128317638,0.50837094
4746,0.8910499344227522,0.19792895691470513,0.50837094
4746,0.8910499344227522,0.19809340930558977,0.50837094
4746,0.8910499344227522,0.198257801638491,0.50837094
4746,0.8910499344227522,0.19842212801286674,0.50837094
4746,0.8910499344227522,0.1985863834446734,0.50837094
4746,0.8910499344227522,0.19875056386561601,0.50837094
4746,0.8910499344227522,0.19891466612195444,0.50837094
4746,0.8910499344227522,0.19907868797286501,0.50837094
4746,0.8910499344227522,0.1992426280883718,0.50837094
4746,0.8910499344227522,0.19940648604685202,0.50837094
4746,0.8910499344227522,0.1995702623321145,0.50837094
4746,0.8910499344227522,0.19973395833006716,0.50837094
4746,0.8910499344227522,0.19989757632498878,0.50837094
4746,0.8910499344227522,0.2000611194953919,0.50837094
4746,0.8910499344227522,0.20022459190951453,0.50837094
4746,0.8910499344227522,0.20038799852042904,0.50837094
4746,0.8910499344227522,0.20055134516078668,0.50837094
4746,0.8910499344227522,0.200714638537222,0.50837094
4746,0.8910499344227522,0.20087788622439928,0.50837094
4746,0.8910499344227522,0.20104109665875075,0.50837094
4746,0.8910499344227522,0.20120427913188235,0.50837094
4746,0.8910499344227522,0.20136744378369567,0.50837094
4746,0.8910499344227522,0.20153060159521013,0.50837094
4746,0.8910499344227522,0.20169376438111836,0.50837094
4746,0.8910499344227522,0.20185694478208274,0.50837094
4746,0.8910499344227522,0.20202015625678765,0.50837094
4746,0.8910499344227522,0.20218341307376803,0.50837094
4746,0.8910499344227522,0.20234673030301584,0.50837094
4746,0.8910499344227522,0.2025101238074008,0.50837094
4746,0.8910499344227522,0.20267361023390384,0.50837094
4746,0.8910499344227522,0.2028372070046883,0.50837094
4746,0.8910499344227522,0.20300093230802235,0.50837094
4746,0.8910499344227522,0.20316480508906998,0.50837094
4746,0.8910499344227522,0.20332884504056553,0.50837094
4746,0.8910499344227522,0.20349307259339275,0.50837094
4746,0.8910499344227522,0.20365750890707937,0.50837094
4746,0.8910499344227522,0.2038221758602279,0.50837094
4746,0.8910499344227522,0.20398709604089807,0.50837094
4746,0.8910499344227522,0.20415229273696095,0.50837094
4746,0.8910499344227522,0.2043177899264308,0.50837094
4746,0.8910499344227522,0.20448361226780745,0.50837094
4746,0.8910499344227522,0.20464978509043585,0.50837094
4746,0.8910499344227522,0.20481633438489474,0.50837094
4746,0.8910499344227522,0.20498328679344338,0.50837094
4746,0.8910499344227522,0.20515066960053463,0.50837094
4746,0.8910499344227522,0.2053185107234107,0.50837094
4746,0.8910499344227522,0.20548683870279802,0.50837094
4746,0.8910499344227522,0.2056556826937199,0.50837094
4746,0.8910499344227522,0.20582507245644005,0.50837094
4746,0.8910499344227522,0.20599503834754626,0.50837094
4746,0.8910499344227522,0.2061656113112015,0.50837094
4746,0.8910499344227522,0.20633682287057062,0.50837094
4746,0.8910499344227522,0.2065087051194269,0.50837094
4746,0.8910499344227522,0.20668129071397473,0.50837094
4746,0.8910499344227522,0.20685461286487966,0.50837094
4746,0.8910499344227522,0.2070287053295397,0.50837094
4746,0.8910499344227522,0.20720360240458496,0.50837094
4746,0.8910499344227522,0.20737933891864946,0.50837094
4746,0.8910499344227522,0.20755595022539464,0.50837094
4746,0.8910499344227522,0.2077334721968307,0.50837094
4746,0.8910499344227522,0.20791194121691398,0.50837094
4746,0.8910499344227522,0.2080913941754559,0.50837094
4746,0.8910499344227522,0.2082718684623408,0.50837094
4746,0.8910499344227522,0.208453401962069,0.50837094
4746,0.8910499344227522,0.20863603304863215,0.50837094
4746,0.8910499344227522,0.20881980058072874,0.50837094
4746,0.8910499344227522,0.20900474389733656,0.50837094
4746,0.8910499344227522,0.20919090281363997,0.50837094
4746,0.8910499344227522,0.20937831761732612,0.50837094
4746,0.8910499344227522,0.20956702906525757,0.50837094
4746,0.8910499344227522,0.20975707838052893,0.50837094
4746,0.8910499344227522,0.20994850724990874,0.50837094
4746,0.8910499344227522,0.21014135782168514,0.50837094
4746,0.8910499344227522,0.21033567270390557,0.50837094
4746,0.8910499344227522,0.21053149496302695,0.50837094
4746,0.8910499344227522,0.2107288681229851,0.50837094
4746,0.8910499344227522,0.21092783616466998,0.50837094
4746,0.8910499344227522,0.21112844352583443,0.50837094
4746,0.8910499344227522,0.21133073510142256,0.50837094
4746,0.8910499344227522,0.21153475624433102,0.50837094
4746,0.8910499344227522,0.21174055276660358,0.50837094
4746,0.8910499344227522,0.21194817094106025,0.50837094
4746,0.8910499344227522,0.2121576575033692,0.50837094
4746,0.8910499344227522,0.21236905965455466,0.50837094
4746,0.8910499344227522,0.21258242506395728,0.50837094
4746,0.8910499344227522,0.212797801872631,0.50837094
4746,0.8910499344227522,0.2130152386971901,0.50837094
4746,0.8910499344227522,0.21323478463410817,0.50837094
4746,0.8910499344227522,0.21345648926446376,0.50837094
4746,0.8910499344227522,0.2136804026591326,0.50837094
4746,0.8910499344227522,0.21390657538443866,0.50837094
4746,0.8910499344227522,0.2141350585082488,0.50837094
4746,0.8910499344227522,0.21436590360652352,0.50837094
4746,0.8910499344227522,0.21459916277031993,0.50837094
4746,0.8910499344227522,0.21483488861324135,0.50837094
4746,0.8910499344227522,0.21507313427934477,0.50837094
4746,0.8910499344227522,0.21531395345149343,0.50837094
4746,0.8910499344227522,0.21555740036016693,0.50837094
4746,0.8910499344227522,0.21580352979271586,0.50837094
4746,0.8910499344227522,0.21605239710306864,0.50837094
4746,0.8910499344227522,0.21630405822188897,0.50837094
4746,0.8910499344227522,0.2165585696671828,0.50837094
4746,0.8910499344227522,0.21681598855535267,0.50837094
4746,0.8910499344227522,0.2170763726126971,0.50837094
4746,0.8910499344227522,0.2173397801873662,0.50837094
4746,0.8910499344227522,0.2176062702617559,0.50837094
4746,0.8910499344227522,0.2178759024653552,0.50837094
4746,0.8910499344227522,0.21814873708803503,0.50837094
4746,0.8910499344227522,0.2184248350937951,0.50837094
4746,0.8910499344227522,0.21870425813493916,0.50837094
4746,0.8910499344227522,0.21898706856671757,0.50837094
4746,0.8910499344227522,0.21927332946240444,0.50837094
4746,0.8910499344227522,0.21956310462882697,0.50837094
4746,0.8910499344227522,0.2198564586223419,0.50837094
4746,0.8910499344227522,0.22015345676526632,0.50837094
4746,0.8910499344227522,0.22045416516275318,0.50837094
4746,0.8910499344227522,0.22075865072012116,0.50837094
4746,0.8910499344227522,0.22106698116064072,0.50837094
4746,0.8910499344227522,0.2213792250437708,0.50837094
4746,0.8910499344227522,0.2216954517838572,0.50837094
4746,0.8910499344227522,0.22201573166928726,0.50837094
4746,0.8910499344227522,0.22234013588210638,0.50837094
4746,0.8910499344227522,0.22266873651810518,0.50837094
4746,0.8910499344227522,0.2230016066073651,0.50837094
4746,0.8910499344227522,0.2233388201352809,0.50837094
4746,0.8910499344227522,0.22368045206405957,0.50837094
4746,0.8910499344227522,0.224026578354691,0.50837094
4746,0.8910499344227522,0.22437727598940396,0.50837094
4746,0.8910499344227522,0.22473262299461771,0.50837094
4746,0.8910499344227522,0.22509269846436109,0.50837094
4746,0.8910499344227522,0.22545758258421925,0.50837094
4746,0.8910499344227522,0.2258273566557566,0.50837094
4746,0.8910499344227522,0.2262021031214537,0.50837094
4746,0.8910499344227522,0.2265819055901613,0.50837094
4746,0.8910499344227522,0.2269668488630685,0.50837094
4746,0.8910499344227522,0.22735701896018828,0.50837094
4746,0.8910499344227522,0.22775250314738282,0.50837094
4746,0.8910499344227522,0.22815338996392207,0.50837094
4746,0.8910499344227522,0.2285597692505772,0.50837094
4746,0.8910499344227522,0.22897173217827485,0.50837094
4746,0.8910499344227522,0.22938937127729842,0.50837094
4746,0.8910499344227522,0.22981278046706108,0.50837094
4746,0.8910499344227522,0.2302420550864346,0.50837094
4746,0.8910499344227522,0.23067729192467226,0.50837094
4746,0.8910499344227522,0.23111858925290174,0.50837094
4746,0.8910499344227522,0.23156604685621587,0.50837094
4746,0.8910499344227522,0.23201976606636485,0.50837094
4746,0.8910499344227522,0.23247984979504113,0.50837094
4746,0.8910499344227522,0.2329464025677927,0.50837094
4746,0.8910499344227522,0.2334195305585441,0.50837094
4746,0.8910499344227522,0.23389934162474893,0.50837094
4746,0.8910499344227522,0.2343859453431763,0.50837094
4746,0.8910499344227522,0.234879453046325,0.50837094
4746,0.8910499344227522,0.23537997785950804,0.50837094
4746,0.8910499344227522,0.2358876347385598,0.50837094
4746,0.8910499344227522,0.23640254050822226,0.50837094
4746,0.8910499344227522,0.2369248139011855,0.50837094
4746,0.8910499344227522,0.2374545755977927,0.50837094
4746,0.8910499344227522,0.2379919482664349,0.50837094
4746,0.8910499344227522,0.2385370566045941,0.50837094
4746,0.8910499344227522,0.23909002738059618,0.50837094
4746,0.8910499344227522,0.2396509894760332,0.50837094
4746,0.8910499344227522,0.24022007392887088,0.50837094
4746,0.8910499344227522,0.24079741397725626,0.50837094
4746,0.8910499344227522,0.24138314510400302,0.50837094
4746,0.8910499344227522,0.24197740508177543,0.50837094
4746,0.8910499344227522,0.24258033401896661,0.50837094
4746,0.8910499344227522,0.24319207440625562,0.50837094
4746,0.8910499344227522,0.24381277116386968,0.50837094
4746,0.8910499344227522,0.24444257168952,0.50837094
4746,0.8910499344227522,0.24508162590702903,0.50837094
4746,0.8910499344227522,0.245730086315631,0.50837094
4746,0.8910499344227522,0.2463881080399539,0.50837094
4746,0.8910499344227522,0.24705584888066048,0.50837094
4746,0.8910499344227522,0.24773346936576351,0.50837094
4746,0.8910499344227522,0.2484211328025721,0.50837094
4746,0.8910499344227522,0.2491190053303031,0.50837094
4746,0.8910499344227522,0.24982725597331024,0.50837094
4746,0.8910499344227522,0.25054605669493185,0.50837094
4746,0.8910499344227522,0.25127558245195863,0.50837094
4746,0.8910499344227522,0.2520160112496686,0.50837094
4746,0.8910499344227522,0.2527675241974661,0.50837094
4746,0.8910499344227522,0.25353030556505396,0.50837094
4746,0.8910499344227522,0.25430454283915144,0.50837094
4746,0.8910499344227522,0.25509042678074195,0.50837094
4746,0.8910499344227522,0.25588815148279337,0.50837094
4746,0.8910499344227522,0.25669791442846623,0.50837094
4746,0.8910499344227522,0.2575199165497649,0.50837094
4746,0.8910499344227522,0.2583543622866061,0.50837094
4746,0.8910499344227522,0.259201459646269,0.50837094
4746,0.8910499344227522,0.2600614202632304,0.50837094
4746,0.8910499344227522,0.2609344594592872,0.50837094
4746,0.8910499344227522,0.26182079630400323,0.50837094
4746,0.8910499344227522,0.2627206536754099,0.50837094
4746,0.8910499344227522,0.26363425832090465,0.50837094
4746,0.8910499344227522,0.26456184091834023,0.50837094
4746,0.8910499344227522,0.2655036361372665,0.50837094
4746,0.8910499344227522,0.2664598827002214,0.50837094
4746,0.8910499344227522,0.2674308234441246,0.50837094
4746,0.8910499344227522,0.2684167053816134,0.50837094
4746,0.8910499344227522,0.26941777976238296,0.50837094
4746,0.8910499344227522,0.27043430213435843,0.50837094
4746,0.8910499344227522,0.2714665324047771,0.50837094
4746,0.8910499344227522,0.27251473490100414,0.50837094
4746,0.8910499344227522,0.273579178431106,0.50837094
4746,0.8910499344227522,0.2746601363440622,0.50837094
4746,0.8910499344227522,0.2757578865896337,0.50837094
4746,0.8910499344227522,0.2768727117776999,0.50837094
4746,0.8910499344227522,0.27800489923711535,0.50837094
4746,0.8910499344227522,0.2791547410739596,0.50837094
4746,0.8910499344227522,0.2803225342291059,0.50837094
4746,0.8910499344227522,0.28150858053507705,0.50837094
4746,0.8910499344227522,0.28271318677204693,0.50837094
4746,0.8910499344227522,0.2839366647229623,0.50837094
4746,0.8910499344227522,0.285179331227688,0.50837094
4746,0.8910499344227522,0.28644150823608794,0.50837094
4746,0.8910499344227522,0.28772352285999636,0.50837094
4746,0.8910499344227522,0.2890257074238923,0.50837094
4746,0.8910499344227522,0.29034839951431396,0.50837094
4746,0.8910499344227522,0.29169194202783816,0.50837094
4746,0.8910499344227522,0.2930566832175659,0.50837094
4746,0.8910499344227522,0.29444297673800635,0.50837094
4746,0.8910499344227522,0.2958511816882634,0.50837094
4746,0.8910499344227522,0.29728166265345346,0.50837094
4746,0.8910499344227522,0.29873478974418266,0.50837094
4746,0.8910499344227522,0.30021093863406556,0.50837094
4746,0.8910499344227522,0.30171049059513083,0.50837094
4746,0.8910499344227522,0.303233832531018,0.50837094
4746,0.8910499344227522,0.304781357007856,0.50837094
4746,0.8910499344227522,0.3063534622827199,0.50837094
4746,0.8910499344227522,0.3079505523295446,0.50837094
4746,0.8910499344227522,0.3095730368623849,0.50837094
4746,0.8910499344227522,0.31122133135591706,0.50837094
4746,0.8910499344227522,0.3128958570630496,0.50837094
4746,0.8910499344227522,0.3145970410295364,0.50837094
4746,0.8910499344227522,0.31632531610546516,0.50837094
4746,0.8910499344227522,0.318081120953502,0.50837094
4746,0.8910499344227522,0.31986490005379264,0.50837094
4746,0.8910499344227522,0.32167710370534325,0.50837094
4746,0.8910499344227522,0.3235181880238181,0.50837094
4746,0.8910499344227522,0.3253886149355932,0.50837094
4746,0.8910499344227522,0.32728885216794307,0.50837094
4746,0.8910499344227522,0.3292193732352423,0.50837094
4746,0.8910499344227522,0.3311806574210502,0.50837094
4746,0.8910499344227522,0.33317318975595095,0.50837094
4746,0.8910499344227522,0.33519746099102476,0.50837094
4746,0.8910499344227522,0.3372539675667947,0.50837094
4746,0.8910499344227522,0.3393432115775727,0.50837094
4746,0.8910499344227522,0.3414657007310211,0.50837094
4746,0.8910499344227522,0.34362194830282344,0.50837094
4746,0.8910499344227522,0.3458124730863414,0.50837094
4746,0.8910499344227522,0.3480377993371136,0.50837094
4746,0.8910499344227522,0.35029845671207027,0.50837094
4746,0.8910499344227522,0.3525949802033489,0.50837094
4746,0.8910499344227522,0.354927910066551,0.50837094
4746,0.8910499344227522,0.35729779174335274,0.50837094
4746,0.8910499344227522,0.3597051757783024,0.50837094
4746,0.8910499344227522,0.36215061772970575,0.50837094
4746,0.8910499344227522,0.36463467807447236,0.50837094
4746,0.8910499344227522,0.367157922106773,0.50837094
4746,0.8910499344227522,0.36972091983041894,0.50837094
4746,0.8910499344227522,0.3723242458448188,0.50837094
4746,0.8910499344227522,0.3749684792244131,0.50837094
4746,0.8910499344227522,0.377654203391442,0.50837094
4746,0.8910499344227522,0.3803820059819506,0.50837094
4746,0.8910499344227522,0.38315247870492775,0.50837094
4746,0.8910499344227522,0.3859662171944257,0.50837094
4746,0.8910499344227522,0.3888238208546074,0.50837094
4746,0.8910499344227522,0.39172589269755986,0.50837094
4746,0.8910499344227522,0.3946730391738167,0.50837094
4746,0.8910499344227522,0.3976658699954609,0.50837094
4746,0.8910499344227522,0.40070499795171594,0.50837094
4746,0.8910499344227522,0.40379103871694544,0.50837094
4746,0.8910499344227522,0.40692461065094143,0.50837094
4746,0.8910499344227522,0.41010633459145224,0.50837094
4746,0.8910499344227522,0.4133368336388339,0.50837094
4746,0.8910499344227522,0.4166167329327648,0.50837094
4746,0.8910499344227522,0.41994665942094334,0.50837094
4746,0.8910499344227522,0.42332724161969776,0.50837094
4746,0.8910499344227522,0.42675910936644124,0.50837094
4746,0.8910499344227522,0.43024289356392004,0.50837094
4746,0.8910499344227522,0.43377922591618345,0.50837094
4746,0.8910499344227522,0.4373687386562498,0.50837094
4746,0.8910499344227522,0.4410120642653803,0.50837094
4746,0.8910499344227522,0.4447098351839773,0.50837094
4746,0.8910499344227522,0.44846268351401863,0.50837094
4746,0.8910499344227522,0.45227124071305025,0.50837094
4746,0.8910499344227522,0.45613613727966307,0.50837094
4746,0.8910499344227522,0.46005800243048184,0.50837094
4746,0.8910499344227522,0.46403746376864125,0.50837094
4746,0.8910499344227522,0.46807514694373886,0.50837094
4746,0.8910499344227522,0.47217167530327075,0.50837094
4746,0.8910499344227522,0.47632766953559175,0.50837094
4746,0.8910499344227522,0.48054374730436356,0.50837094
4746,0.8910499344227522,0.4848205228745684,0.50837094
4746,0.8910499344227522,0.48915860673009487,0.50837094
4746,0.8910499344227522,0.49355860518294664,0.50837094
4746,0.8910499344227522,0.4980211199741156,0.50837094
4746,0.8910499344227522,0.5025467478661942,0.50837094
4746,0.8910499344227522,0.5071360802277678,0.50837094
4746,0.8910499344227522,0.5117897026096897,0.50837094
4746,0.8910499344227522,0.5165081943132908,0.50837094
4746,0.8910499344227522,0.521292127950655,0.50837094
4746,0.8910499344227522,0.5261420689970248,0.50837094
4746,0.8910499344227522,0.5310585753354606,0.50837094
4746,0.8910499344227522,0.5360421967938795,0.50837094
4746,0.8910499344227522,0.541093474674595,0.50837094
4746,0.8910499344227522,0.5462129412765085,0.50837094
4746,0.8910499344227522,0.5514011194100558,0.50837094
4746,0.8910499344227522,0.5566585219051493,0.50837094
4746,0.8910499344227522,0.5619856511121846,0.50837094
4746,0.8910499344227522,0.5673829983963755,0.50837094
4746,0.8910499344227522,0.5728510436255476,0.50837094
4746,0.8910499344227522,0.578390254651603,0.50837094
4746,0.8910499344227522,0.5840010867858958,0.50837094
4746,0.8910499344227522,0.589683982268669,0.50837094
4746,0.8910499344227522,0.5954393697328728,0.50837094
4746,0.8910499344227522,0.6012676636624962,0.50837094
4746,0.8910499344227522,0.6071692638457522,0.50837094
4746,0.8910499344227522,0.6131445548233506,0.50837094
4746,0.8910499344227522,0.6191939053320796,0.50837094
4746,0.8910499344227522,0.6253176677440612,0.50837094
4746,0.8910499344227522,0.6315161775019024,0.50837094
4746,0.8910499344227522,0.6377897525500705,0.50837094
4746,0.8910499344227522,0.6441386927628419,0.50837094
4746,0.8910499344227522,0.6505632793690397,0.50837094
4746,0.8910499344227522,0.6570637743740684,0.50837094
4746,0.8910499344227522,0.6636404199793718,0.50837094
4746,0.8910499344227522,0.6702934379998948,0.50837094
4746,0.8910499344227522,0.6770230292797195,0.50837094
4746,0.8910499344227522,0.6838293731063956,0.50837094
4746,0.8910499344227522,0.6907126266242588,0.50837094
4746,0.8910499344227522,0.6976729242471718,0.50837094
4746,0.8910499344227522,0.704710377071107,0.50837094
4746,0.8910499344227522,0.711825072286931,0.50837094
4746,0.8910499344227522,0.7190170725938927,0.50837094
4746,0.8910499344227522,0.7262864156141797,0.50837094
4746,0.8910499344227522,0.7336331133090328,0.50837094
4746,0.8910499344227522,0.7410571513968321,0.50837094
4746,0.8910499344227522,0.7485584887736738,0.50837094
4746,0.8910499344227522,0.7561370569368536,0.50837094
4746,0.8910499344227522,0.7637927594117426,0.50837094
4746,0.8910499344227522,0.7715254711825922,0.50837094
4746,0.8910499344227522,0.7793350381276842,0.50837094
4746,0.8910499344227522,0.7872212764594204,0.50837094
4746,0.8910499344227522,0.7951839721697525,0.50837094
4746,0.8910499344227522,0.8032228804815923,0.50837094
4746,0.8910499344227522,0.8113377253066146,0.50837094
4746,0.8910499344227522,0.8195281987100584,0.50837094
4746,0.8910499344227522,0.8277939603830275,0.50837094
4746,0.8910499344227522,0.8361346371228309,0.50837094
4746,0.8910499344227522,0.8445498223219415,0.50837094
4746,0.8910499344227522,0.8530390754660655,0.50837094
4746,0.8910499344227522,0.8616019216419462,0.50837094
4746,0.8910499344227522,0.870237851055442,0.50837094
4746,0.8910499344227522,0.8789463185603691,0.50837094
4746,0.8910499344227522,0.887726743198816,0.50837094
4746,0.8910499344227522,0.8965785077533451,0.50837094
4746,0.8910499344227522,0.9055009583117948,0.50837094
4746,0.8910499344227522,0.9144934038451389,0.50837094
4746,0.8910499344227522,0.923555115799042,0.50837094
4746,0.8910499344227522,0.9326853276996742,0.50837094
4746,0.8910499344227522,0.9418832347743447,0.50837094
4746,0.8910499344227522,0.951147993587542,0.50837094
4746,0.8910499344227522,0.96047872169294,0.50837094
4746,0.8910499344227522,0.9698744973019594,0.50837094
4746,0.8910499344227522,0.9793343589694335,0.50837094
4746,0.8910499344227522,0.9888573052969792,0.50837094
4746,0.8910499344227522,0.9984422946545377,0.50837094
4746,0.8910499344227522,1.0080882449208155,0.50837094
4746,0.8910499344227522,1.017794033242991,0.50837094
4746,0.8910499344227522,1.0275584958163675,0.50837094
4746,0.8910499344227522,1.0373804276844512,0.50837094
4746,0.8910499344227522,1.0472585825599972,0.50837094
4746,0.8910499344227522,1.0571916726676012,0.50837094
4746,0.8910499344227522,1.0671783686082565,0.50837094
4746,0.8910499344227522,1.077217299246477,0.50837094
4746,0.8910499344227522,1.0873070516204664,0.50837094
4746,0.8910499344227522,1.0974461708757797,0.50837094
4746,0.8910499344227522,1.1076331602230454,0.50837094
4746,0.8910499344227522,1.1178664809201033,0.50837094
4746,0.8910499344227522,1.1281445522791331,0.50837094
4746,0.8910499344227522,1.138465751699125,0.50837094
4746,0.8910499344227522,1.1488284147241965,0.50837094
4746,0.8910499344227522,1.1592308351280842,0.50837094
4746,0.8910499344227522,1.1696712650253411,0.50837094
4746,0.8910499344227522,1.1801479150094674,0.50837094
4746,0.8910499344227522,1.1906589543185202,0.50837094
4746,0.8910499344227522,1.2012025110283757,0.50837094
4746,0.8910499344227522,1.2117766722741323,0.50837094
4746,0.8910499344227522,1.2223794844998952,0.50837094
4746,0.8910499344227522,1.2330089537372464,0.50837094
4746,0.8910499344227522,1.2436630459126974,0.50837094
4746,0.8910499344227522,1.254339687184392,0.50837094
4746,0.8910499344227522,1.2650367643082825,0.50837094
4746,0.8910499344227522,1.2757521250339563,0.50837094
4746,0.8910499344227522,1.2864835785304496,0.50837094
4746,0.8910499344227522,1.297228895842035,0.50837094
4746,0.8910499344227522,1.3079858103742645,0.50837094
4746,0.8910499344227522,1.318752018410388,0.50837094
4746,0.8910499344227522,1.3295251796581502,0.50837094
4746,0.8910499344227522,1.340302917827189,0.50837094
4746,0.8910499344227522,1.3510828212369868,0.50837094
4746,0.8910499344227522,1.361862443455393,0.50837094
4746,0.8910499344227522,1.3726393039678817,0.50837094
4746,0.8910499344227522,1.383410888877218,0.50837094
4746,0.8910499344227522,1.3941746516338582,0.50837094
4746,0.8910499344227522,1.4049280137966889,0.50837094
4746,0.8910499344227522,1.4156683658241402,0.50837094
4746,0.8910499344227522,1.4263930678955965,0.50837094
4746,0.8910499344227522,1.4370994507627857,0.50837094
4746,0.8910499344227522,1.447784816631103,0.50837094
4746,0.8910499344227522,1.4584464400705548,0.50837094
4746,0.8910499344227522,1.4690815689561663,0.50837094
4746,0.8910499344227522,1.4796874254374386,0.50837094
4746,0.8910499344227522,1.490261206936758,0.50837094
4746,0.8910499344227522,1.5008000871761773,0.50837094
4746,0.8910499344227522,1.5113012172324187,0.50837094
4746,0.8910499344227522,1.5217617266195584,0.50837094
4746,0.8910499344227522,1.5321787243990788,0.50837094
4746,0.8910499344227522,1.5425493003167408,0.50837094
4746,0.8910499344227522,1.5528705259658522,0.50837094
4746,0.8910499344227522,1.5631394559764171,0.50837094
4746,0.8910499344227522,1.5733531292295833,0.50837094
4746,0.8910499344227522,1.5835085700968485,0.50837094
4746,0.8910499344227522,1.593602789703513,0.50837094
4746,0.8910499344227522,1.603632787215495,0.50837094
4746,0.8910499344227522,1.6135955511491749,0.50837094
4746,0.8910499344227522,1.623488060703328,0.50837094
4746,0.8910499344227522,1.6333072871125838,0.50837094
4746,0.8910499344227522,1.643050195021576,0.50837094
4746,0.8910499344227522,1.6527137438790789,0.50837094
4746,0.8910499344227522,1.6622948893513152,0.50837094
4746,0.8910499344227522,1.6717905847536092,0.50837094
4746,0.8910499344227522,1.681197782499484,0.50837094
4746,0.8910499344227522,1.6905134355664586,0.50837094
4746,0.8910499344227522,1.6997344989775427,0.50837094
4746,0.8910499344227522,1.7088579312974874,0.50837094
4746,0.8910499344227522,1.7178806961429645,0.50837094
4746,0.8910499344227522,1.7267997637055807,0.50837094
4746,0.8910499344227522,1.735612112286812,0.50837094
4746,0.8910499344227522,1.7443147298438055,0.50837094
4746,0.8910499344227522,1.7529046155450385,0.50837094
4746,0.8910499344227522,1.7613787813347637,0.50837094
4746,0.8910499344227522,1.7697342535051925,0.50837094
4746,0.8910499344227522,1.7779680742752761,0.50837094
4746,0.8910499344227522,1.7860773033750512,0.50837094
4746,0.8910499344227522,1.7940590196343589,0.50837094
4746,0.8910499344227522,1.8019103225748043,0.50837094
4746,0.8910499344227522,1.8096283340038495,0.50837094
4746,0.8910499344227522,1.8172101996098489,0.50837094
4746,0.8910499344227522,1.8246530905567664,0.50837094
4746,0.8910499344227522,1.8319542050775626,0.50837094
4746,0.8910499344227522,1.8391107700648563,0.50837094
4746,0.8910499344227522,1.8461200426577573,0.50837094
4746,0.8910499344227522,1.8529793118236508,0.50837094
4746,0.8910499344227522,1.8596858999336712,0.50837094
4746,0.8910499344227522,1.8662371643306437,0.50837094
4746,0.8910499344227522,1.8726304988882425,0.50837094
4746,0.8910499344227522,1.8788633355602227,0.50837094
4746,0.8910499344227522,1.884933145918307,0.50837094
4746,0.8910499344227522,1.890837442677639,0.50837094
4746,0.8910499344227522,1.896573781208522,0.50837094
4746,0.8910499344227522,1.902139761033154,0.50837094
4746,0.8910499344227522,1.9075330273061952,0.50837094
4746,0.8910499344227522,1.9127512722778446,0.50837094
4746,0.8910499344227522,1.9177922367383207,0.50837094
4746,0.8910499344227522,1.9226537114424136,0.50837094
4746,0.8910499344227522,1.9273335385129386,0.50837094
4746,0.8910499344227522,1.9318296128219248,0.50837094
4746,0.8910499344227522,1.9361398833482855,0.50837094
4746,0.8910499344227522,1.9402623545108242,0.50837094
4746,0.8910499344227522,1.9441950874754268,0.50837094
4746,0.8910499344227522,1.947936201435241,0.50837094
4746,0.8910499344227522,1.9514838748627512,0.50837094
4746,0.8910499344227522,1.9548363467325796,0.50837094
4746,0.8910499344227522,1.957991917714012,0.50837094
4746,0.8910499344227522,1.9609489513320375,0.50837094
4746,0.8910499344227522,1.9637058750959462,0.50837094
4746,0.8910499344227522,1.966261181594395,0.50837094
4746,0.8910499344227522,1.968613429555931,0.50837094
4746,0.8910499344227522,1.9707612448740384,0.50837094
4746,0.8910499344227522,1.972703321595651,0.50837094
4746,0.8910499344227522,1.9744384228722602,0.50837094
4746,0.8910499344227522,1.9759653818727236,0.50837094
4746,0.8910499344227522,1.977283102656799,0.50837094
4746,0.8910499344227522,1.9783905610086874,0.50837094
4746,0.8910499344227522,1.9792868052296604,0.50837094
4746,0.8910499344227522,1.9799709568890254,0.50837094
4746,0.8910499344227522,1.9804422115326645,0.50837094
4746,0.8910499344227522,1.9806998393484712,0.50837094
4746,0.8910499344227522,1.9807431857879245,0.50837094
4746,0.8910499344227522,1.9805716721431854,0.50837094
4746,0.8910499344227522,1.980184796079181,0.50837094
4746,0.8910499344227522,1.9795821321199196,0.50837094
4746,0.8910499344227522,1.9787633320887,0.50837094
4746,0.8910499344227522,1.977728125501596,0.50837094
4746,0.8910499344227522,1.9764763199137705,0.50837094
4746,0.8910499344227522,1.9750078012182488,0.50837094
4746,0.8910499344227522,1.9733225338967257,0.50837094
4746,0.8910499344227522,1.9714205612220872,0.50837094
4746,0.8910499344227522,1.9693020054123713,0.50837094
4746,0.8910499344227522,1.9669670677358966,0.50837094
4746,0.8910499344227522,1.9644160285672863,0.50837094
4746,0.8910499344227522,1.9616492473944358,0.50837094
4746,0.8910499344227522,1.958667162775943,0.50837094
4746,0.8910499344227522,1.955470292249326,0.50837094
4746,0.8910499344227522,1.9520592321896693,0.50837094
4746,0.8910499344227522,1.948434657618852,0.50837094
4746,0.8910499344227522,1.9445973219654484,0.50837094
4746,0.8910499344227522,1.9405480567752593,0.50837094
4746,0.8910499344227522,1.9362877713727447,0.50837094
4746,0.8910499344227522,1.9318174524734666,0.50837094
4746,0.8910499344227522,1.9271381637477751,0.50837094
4746,0.8910499344227522,1.9222510453360857,0.50837094
4746,0.8910499344227522,1.9171573133159223,0.50837094
4746,0.8910499344227522,1.9118582591212057,0.50837094
4746,0.8910499344227522,1.9063552489141888,0.50837094
4746,0.8910499344227522,1.9006497229103045,0.50837094
4746,0.8910499344227522,1.894743194656743,0.50837094
4746,0.8910499344227522,1.888637250264901,0.50837094
4746,0.8910499344227522,1.8823335475975915,0.50837094
4746,0.8910499344227522,1.8758338154114067,0.50837094
4746,0.8910499344227522,1.8691398524550435,0.50837094
4746,0.8910499344227522,1.8622535265241438,0.50837094
4746,0.8910499344227522,1.855176773473499,0.50837094
4746,0.8910499344227522,1.8479115961872539,0.50837094
4746,0.8910499344227522,1.8404600635080568,0.50837094
4746,0.8910499344227522,1.8328243091258638,0.50837094
4746,0.8910499344227522,1.8250065304273706,0.50837094
4746,0.8910499344227522,1.8170089873069446,0.50837094
4746,0.8910499344227522,1.8088340009399342,0.50837094
4746,0.8910499344227522,1.800483952519475,0.50837094
4746,0.8910499344227522,1.791961281957676,0.50837094
4746,0.8910499344227522,1.7832684865522797,0.50837094
4746,0.8910499344227522,1.7744081196198094,0.50837094
4746,0.8910499344227522,1.765382789096417,0.50837094
4746,0.8910499344227522,1.7561951561074376,0.50837094
4746,0.8910499344227522,1.7468479335067972,0.50837094
4746,0.8910499344227522,1.737343884387575,0.50837094
4746,0.8910499344227522,1.7276858205647587,0.50837094
4746,0.8910499344227522,1.7178766010315412,0.50837094
4746,0.8910499344227522,1.7079191303902979,0.50837094
4746,0.8910499344227522,1.697816357259596,0.50837094
4746,0.8910499344227522,1.6875712726584207,0.50837094
4746,0.8910499344227522,1.6771869083690136,0.50837094
4746,0.8910499344227522,1.6666663352795361,0.50837094
4746,0.8910499344227522,1.6560126617079485,0.50837094
4746,0.8910499344227522,1.6452290317084506,0.50837094
4746,0.8910499344227522,1.634318623361742,0.50837094
4746,0.8910499344227522,1.623284647050608,0.50837094
4746,0.8910499344227522,1.6121303437220484,0.50837094
4746,0.8910499344227522,1.6008589831373925,0.50837094
4746,0.8910499344227522,1.5894738621118663,0.50837094
4746,0.8910499344227522,1.5779783027447647,0.50837094
4746,0.8910499344227522,1.5663756506419428,0.50837094
4746,0.8910499344227522,1.554669273131628,0.50837094
4746,0.8910499344227522,1.542862557475352,0.50837094
4746,0.8910499344227522,1.530958909075027,0.50837094
4746,0.8910499344227522,1.5189617496777719,0.50837094
4746,0.8910499344227522,1.5068745155798418,0.50837094
4746,0.8910499344227522,1.494700655830921,0.50837094
7009,0.8562601507326776,2.0288625599810035,0.46167985
7009,0.8562601507326776,2.0307726975259888,0.46167985
7009,0.8562601507326776,2.0323825014242307,0.46167985
7009,0.8562601507326776,2.0336915366743678,0.46167985
7009,0.8562601507326776,2.0346995085446475,0.46167985
7009,0.8562601507326776,2.0354062627407643,0.46167985
7009,0.8562601507326776,2.035811785464372,0.46167985
7009,0.8562601507326776,2.0359162033623535,0.46167985
7009,0.8562601507326776,2.0357197833667806,0.46167985
7009,0.8562601507326776,2.0352229324260103,0.46167985
7009,0.8562601507326776,2.034426197126945,0.46167985
7009,0.8562601507326776,2.033330263209262,0.46167985
7009,0.8562601507326776,2.0319359549718463,0.46167985
7009,0.8562601507326776,2.0302442345723803,0.46167985
7009,0.8562601507326776,2.0282562012206844,0.46167985
7009,0.8562601507326776,2.0259730902669126,0.46167985
7009,0.8562601507326776,2.0233962721854533,0.46167985
7009,0.8562601507326776,2.0205272514558246,0.46167985
7009,0.8562601507326776,2.0173676653417383,0.46167985
7009,0.8562601507326776,2.0139192825696832,0.46167985
7009,0.8562601507326776,2.0101840019085846,0.46167985
7009,0.8562601507326776,2.006163850651957,0.46167985
7009,0.8562601507326776,2.0018609830044327,0.46167985
7009,0.8562601507326776,1.997277678374196,0.46167985
7009,0.8562601507326776,1.992416339573415,0.46167985
7009,0.8562601507326776,1.9872794909285076,0.46167985
7009,0.8562601507326776,1.9818697763023134,0.46167985
7009,0.8562601507326776,1.9761899570303616,0.46167985
7009,0.8562601507326776,1.9702429097734517,0.46167985
7009,0.8562601507326776,1.964031624288818,0.46167985
7009,0.8562601507326776,1.9575592011223257,0.46167985
7009,0.8562601507326776,1.950828849224169,0.46167985
7009,0.8562601507326776,1.943843883490594,0.46167985
7009,0.8562601507326776,1.9366077222342075,0.46167985
7009,0.8562601507326776,1.929123884585715,0.46167985
7009,0.8562601507326776,1.9213959878296762,0.46167985
7009,0.8562601507326776,1.9134277446770829,0.46167985
7009,0.8562601507326776,1.9052229604777422,0.46167985
7009,0.8562601507326776,1.8967855303752557,0.46167985
7009,0.8562601507326776,1.888119436407599,0.46167985
7009,0.8562601507326776,1.879228744556269,0.46167985
7009,0.8562601507326776,1.8701176017470678,0.46167985
7009,0.8562601507326776,1.860790232805602,0.46167985
7009,0.8562601507326776,1.8512509373705524,0.46167985
7009,0.8562601507326776,1.8415040867678913,0.46167985
7009,0.8562601507326776,1.831554120849186,0.46167985
7009,0.8562601507326776,1.8214055447971567,0.46167985
7009,0.8562601507326776,1.8110629259016868,0.46167985
7009,0.8562601507326776,1.8005308903094732,0.46167985
7009,0.8562601507326776,1.7898141197505273,0.46167985
7009,0.8562601507326776,1.7789173482447742,0.46167985
7009,0.8562601507326776,1.7678453587918461,0.46167985
7009,0.8562601507326776,1.75660298004743,0.46167985
7009,0.8562601507326776,1.745195082989201,0.46167985
7009,0.8562601507326776,1.7336265775756852,0.46167985
7009,0.8562601507326776,1.7219024094010522,0.46167985
7009,0.8562601507326776,1.710027556349086,0.46167985
7009,0.8562601507326776,1.6980070252494508,0.46167985
7009,0.8562601507326776,1.6858458485392873,0.46167985
7009,0.8562601507326776,1.673549080933201,0.46167985
7009,0.8562601507326776,1.6611217961047577,0.46167985
7009,0.8562601507326776,1.6485690833823403,0.46167985
7009,0.8562601507326776,1.6358960444623774,0.46167985
7009,0.8562601507326776,1.6231077901428743,0.46167985
7009,0.8562601507326776,1.6102094370800066,0.46167985
7009,0.8562601507326776,1.5972061045706418,0.46167985
7009,0.8562601507326776,1.5841029113635001,0.46167985
7009,0.8562601507326776,1.5709049725016415,0.46167985
7009,0.8562601507326776,1.5576173961989301,0.46167985
7009,0.8562601507326776,1.5442452807529596,0.46167985
7009,0.8562601507326776,1.530793711497059,0.46167985
7009,0.8562601507326776,1.5172677577936713,0.46167985
7009,0.8562601507326776,1.5036724700715531,0.46167985
7009,0.8562601507326776,1.4900128769090446,0.46167985
7009,0.8562601507326776,1.4762939821656391,0.46167985
7009,0.8562601507326776,1.4625207621639322,0.46167985
7009,0.8562601507326776,1.4486981629240923,0.46167985
7009,0.8562601507326776,1.4348310974527327,0.46167985
7009,0.8562601507326776,1.4209244430881751,0.46167985
7009,0.8562601507326776,1.4069830389037825,0.46167985
7009,0.8562601507326776,1.393011683171271,0.46167985
7009,0.8562601507326776,1.3790151308854586,0.46167985
7009,0.8562601507326776,1.3649980913521025,0.46167985
7009,0.8562601507326776,1.3509652258402947,0.46167985
7009,0.8562601507326776,1.3369211453007541,0.46167985
7009,0.8562601507326776,1.322870408151308,0.46167985
7009,0.8562601507326776,1.3088175181308286,0.46167985
7009,0.8562601507326776,1.2947669222226148,0.46167985
7009,0.8562601507326776,1.2807230086483845,0.46167985
7009,0.8562601507326776,1.2666901049336687,0.46167985
7009,0.8562601507326776,1.252672476045573,0.46167985
7009,0.8562601507326776,1.2386743226035613,0.46167985
7009,0.8562601507326776,1.224699779163991,0.46167985
7009,0.8562601507326776,1.2107529125789125,0.46167985
7009,0.8562601507326776,1.1968377204297043,0.46167985
7009,0.8562601507326776,1.182958129535836,0.46167985
7009,0.8562601507326776,1.1691179945391632,0.46167985
7009,0.8562601507326776,1.1553210965638987,0.46167985
7009,0.8562601507326776,1.1415711419524952,0.46167985
7009,0.8562601507326776,1.1278717610773634,0.46167985
7009,0.8562601507326776,1.1142265072285447,0.46167985
7009,0.8562601507326776,1.100638855577097,0.46167985
7009,0.8562601507326776,1.0871122022140869,0.46167985
7009,0.8562601507326776,1.0736498632649052,0.46167985
7009,0.8562601507326776,1.0602550740785208,0.46167985
7009,0.8562601507326776,1.0469309884912874,0.46167985
7009,0.8562601507326776,1.0336806781648231,0.46167985
7009,0.8562601507326776,1.0205071319973151,0.46167985
7009,0.8562601507326776,1.0074132556077247,0.46167985
7009,0.8562601507326776,0.9944018708920837,0.46167985
7009,0.8562601507326776,0.9814757156511693,0.46167985
7009,0.8562601507326776,0.9686374432887098,0.46167985
7009,0.8562601507326776,0.9558896225791869,0.46167985
7009,0.8562601507326776,0.9432347375043425,0.46167985
7009,0.8562601507326776,0.9306751871573026,0.46167985
7009,0.8562601507326776,0.9182132857132822,0.46167985
7009,0.8562601507326776,0.9058512624657566,0.46167985
7009,0.8562601507326776,0.8935912619268757,0.46167985
7009,0.8562601507326776,0.8814353439909577,0.46167985
7009,0.8562601507326776,0.869385484159732,0.46167985
7009,0.8562601507326776,0.8574435738280564,0.46167985
7009,0.8562601507326776,0.8456114206287293,0.46167985
7009,0.8562601507326776,0.8338907488350358,0.46167985
7009,0.8562601507326776,0.8222831998195251,0.46167985
7009,0.8562601507326776,0.8107903325676493,0.46167985
7009,0.8562601507326776,0.7994136242446813,0.46167985
7009,0.8562601507326776,0.7881544708144333,0.46167985
7009,0.8562601507326776,0.7770141877082227,0.46167985
7009,0.8562601507326776,0.7659940105424686,0.46167985
7009,0.8562601507326776,0.755095095883383,0.46167985
7009,0.8562601507326776,0.7443185220570799,0.46167985
7009,0.8562601507326776,0.7336652900035046,0.46167985
7009,0.8562601507326776,0.7231363241725058,0.46167985
7009,0.8562601507326776,0.7127324734604398,0.46167985
7009,0.8562601507326776,0.7024545121855641,0.46167985
7009,0.8562601507326776,0.6923031411006019,0.46167985
7009,0.8562601507326776,0.6822789884407497,0.46167985
7009,0.8562601507326776,0.6723826110055005,0.46167985
7009,0.8562601507326776,0.6626144952724923,0.46167985
7009,0.8562601507326776,0.6529750585418327,0.46167985
7009,0.8562601507326776,0.6434646501090643,0.46167985
7009,0.8562601507326776,0.6340835524652368,0.46167985
7009,0.8562601507326776,0.624831982522286,0.46167985
7009,0.8562601507326776,0.6157100928621595,0.46167985
7009,0.8562601507326776,0.60671797300798,0.46167985
7009,0.8562601507326776,0.5978556507156084,0.46167985
7009,0.8562601507326776,0.5891230932840165,0.46167985
7009,0.8562601507326776,0.58052020888283,0.46167985
7009,0.8562601507326776,0.5720468478954639,0.46167985
7009,0.8562601507326776,0.5637028042762734,0.46167985
7009,0.8562601507326776,0.55548781692019,0.46167985
7009,0.8562601507326776,0.5474015710432715,0.46167985
7009,0.8562601507326776,0.5394436995727141,0.46167985
7009,0.8562601507326776,0.5316137845448203,0.46167985
7009,0.8562601507326776,0.5239113585094615,0.46167985
7009,0.8562601507326776,0.5163359059396341,0.46167985
7009,0.8562601507326776,0.5088868646446911,0.46167985
7009,0.8562601507326776,0.5015636271858944,0.46167985
7009,0.8562601507326776,0.49436554229295054,0.46167985
7009,0.8562601507326776,0.487291916280215,0.46167985
7009,0.8562601507326776,0.4803420144613095,0.46167985
7009,0.8562601507326776,0.4735150625608969,0.46167985
7009,0.8562601507326776,0.46681024812240457,0.46167985
7009,0.8562601507326776,0.460226721910552,0.46167985
7009,0.8562601507326776,0.45376359930751065,0.46167985
7009,0.8562601507326776,0.4474199617016245,0.46167985
7009,0.8562601507326776,0.44119485786761004,0.46167985
7009,0.8562601507326776,0.43508730533719886,0.46167985
7009,0.8562601507326776,0.4290962917592716,0.46167985
7009,0.8562601507326776,0.4232207762484683,0.46167985
7009,0.8562601507326776,0.41745969072141553,0.46167985
7009,0.8562601507326776,0.4118119412196397,0.46167985
7009,0.8562601507326776,0.40627640921837344,0.46167985
7009,0.8562601507326776,0.400851952920397,0.46167985
7009,0.8562601507326776,0.3955374085341962,0.46167985
7009,0.8562601507326776,0.39033159153566205,0.46167985
7009,0.8562601507326776,0.38523329791268346,0.46167985
7009,0.8562601507326776,0.3802413053919239,0.46167985
7009,0.8562601507326776,0.3753543746472242,0.46167985
7009,0.8562601507326776,0.37057125048898243,0.46167985
7009,0.8562601507326776,0.3658906630340245,0.46167985
7009,0.8562601507326776,0.3613113288554131,0.46167985
7009,0.8562601507326776,0.356831952111731,0.46167985
7009,0.8562601507326776,0.35245122565542414,0.46167985
7009,0.8562601507326776,0.3481678321197479,0.46167985
7009,0.8562601507326776,0.34398044498399377,0.46167985
7009,0.8562601507326776,0.33988772961663455,0.46167985
7009,0.8562601507326776,0.3358883442960865,0.46167985
7009,0.8562601507326776,0.3319809412088195,0.46167985
7009,0.8562601507326776,0.32816416742456894,0.46167985
7009,0.8562601507326776,0.3244366658484549,0.46167985
7009,0.8562601507326776,0.3207970761498045,0.46167985
7009,0.8562601507326776,0.3172440356675592,0.46167985
7009,0.8562601507326776,0.3137761802921174,0.46167985
7009,0.8562601507326776,0.3103921453235421,0.46167985
7009,0.8562601507326776,0.30709056630605747,0.46167985
7009,0.8562601507326776,0.30387007983880876,0.46167985
7009,0.8562601507326776,0.3007293243628547,0.46167985
7009,0.8562601507326776,0.2976669409244273,0.46167985
7009,0.8562601507326776,0.2946815739144865,0.46167985
7009,0.8562601507326776,0.2917718717846263,0.46167985
7009,0.8562601507326776,0.28893648773943453,0.46167985
7009,0.8562601507326776,0.28617408040538916,0.46167985
7009,0.8562601507326776,0.28348331447644054,0.46167985
7009,0.8562601507326776,0.2808628613364096,0.46167985
7009,0.8562601507326776,0.27831139965837953,0.46167985
7009,0.8562601507326776,0.2758276159812628,0.46167985
7009,0.8562601507326776,0.2734102052637456,0.46167985
7009,0.8562601507326776,0.2710578714158362,0.46167985
7009,0.8562601507326776,0.2687693278082326,0.46167985
7009,0.8562601507326776,0.26654329775979374,0.46167985
7009,0.8562601507326776,0.26437851500335396,0.46167985
7009,0.8562601507326776,0.26227372413015426,0.46167985
7009,0.8562601507326776,0.2602276810132199,0.46167985
7009,0.8562601507326776,0.25823915320993757,0.46167985
7009,0.8562601507326776,0.2563069203441891,0.46167985
7009,0.8562601507326776,0.25442977446833637,0.46167985
7009,0.8562601507326776,0.25260652040541703,0.46167985
7009,0.8562601507326776,0.2508359760718659,0.46167985
7009,0.8562601507326776,0.2491169727811508,0.46167985
7009,0.8562601507326776,0.24744835552864325,0.46167985
7009,0.8562601507326776,0.245828983258113,0.46167985
7009,0.8562601507326776,0.2442577291102128,0.46167985
7009,0.8562601507326776,0.24273348065333292,0.46167985
7009,0.8562601507326776,0.24125514009719443,0.46167985
7009,0.8562601507326776,0.23982162448958477,0.46167985
7009,0.8562601507326776,0.23843186589661117,0.46167985
7009,0.8562601507326776,0.23708481156687106,0.46167985
7009,0.8562601507326776,0.23577942407992736,0.46167985
7009,0.8562601507326776,0.234514681479494,0.46167985
7009,0.8562601507326776,0.2332895773917114,0.46167985
7009,0.8562601507326776,0.23210312112893322,0.46167985
7009,0.8562601507326776,0.23095433777939853,0.46167985
7009,0.8562601507326776,0.22984226828320115,0.46167985
7009,0.8562601507326776,0.22876596949494535,0.46167985
7009,0.8562601507326776,0.22772451423348705,0.46167985
7009,0.8562601507326776,0.22671699131915057,0.46167985
7009,0.8562601507326776,0.2257425055988104,0.46167985
7009,0.8562601507326776,0.2248001779592321,0.46167985
7009,0.8562601507326776,0.22388914532905344,0.46167985
7009,0.8562601507326776,0.22300856066978564,0.46167985
7009,0.8562601507326776,0.22215759295622,0.46167985
7009,0.8562601507326776,0.22133542714660837,0.46167985
7009,0.8562601507326776,0.22054126414298655,0.46167985
7009,0.8562601507326776,0.21977432074202244,0.46167985
7009,0.8562601507326776,0.21903382957672105,0.46167985
7009,0.8562601507326776,0.21831903904937133,0.46167985
7009,0.8562601507326776,0.21762921325606832,0.46167985
7009,0.8562601507326776,0.21696363190316043,0.46167985
7009,0.8562601507326776,0.21632159021596892,0.46167985
7009,0.8562601507326776,0.215702398840098,0.46167985
7009,0.8562601507326776,0.21510538373568322,0.46167985
7009,0.8562601507326776,0.21452988606488133,0.46167985
7009,0.8562601507326776,0.21397526207293088,0.46167985
7009,0.8562601507326776,0.2134408829630926,0.46167985
7009,0.8562601507326776,0.21292613476576097,0.46167985
7009,0.8562601507326776,0.212430418202059,0.46167985
7009,0.8562601507326776,0.21195314854219258,0.46167985
7009,0.8562601507326776,0.2114937554588664,0.46167985
7009,0.8562601507326776,0.21105168287601075,0.46167985
7009,0.8562601507326776,0.21062638881312154,0.46167985
7009,0.8562601507326776,0.21021734522545008,0.46167985
7009,0.8562601507326776,0.20982403784032289,0.46167985
7009,0.8562601507326776,0.20944596598980825,0.46167985
7009,0.8562601507326776,0.20908264244002514,0.46167985
7009,0.8562601507326776,0.20873359321727308,0.46167985
7009,0.8562601507326776,0.20839835743126062,0.46167985
7009,0.8562601507326776,0.2080764870956213,0.46167985
7009,0.8562601507326776,0.20776754694596372,0.46167985
7009,0.8562601507326776,0.20747111425564432,0.46167985
7009,0.8562601507326776,0.20718677864947352,0.46167985
7009,0.8562601507326776,0.2069141419155619,0.46167985
7009,0.8562601507326776,0.20665281781548375,0.46167985
7009,0.8562601507326776,0.20640243189295618,0.46167985
7009,0.8562601507326776,0.206162621281202,0.46167985
7009,0.8562601507326776,0.20593303450917969,0.46167985
7009,0.8562601507326776,0.20571333130683916,0.46167985
7009,0.8562601507326776,0.20550318240957435,0.46167985
7009,0.8562601507326776,0.2053022693620177,0.46167985
7009,0.8562601507326776,0.20511028432133133,0.46167985
7009,0.8562601507326776,0.20492692986014763,0.46167985
7009,0.8562601507326776,0.2047519187692841,0.46167985
7009,0.8562601507326776,0.20458497386037588,0.46167985
7009,0.8562601507326776,0.20442582776855484,0.46167985
7009,0.8562601507326776,0.20427422275529225,0.46167985
7009,0.8562601507326776,0.20412991051153268,0.46167985
7009,0.8562601507326776,0.20399265196122662,0.46167985
7009,0.8562601507326776,0.20386221706538135,0.46167985
7009,0.8562601507326776,0.20373838462671154,0.46167985
7009,0.8562601507326776,0.203620942095022,0.46167985
7009,0.8562601507326776,0.20350968537339825,0.46167985
7009,0.8562601507326776,0.2034044186252951,0.46167985
7009,0.8562601507326776,0.20330495408262686,0.46167985
7009,0.8562601507326776,0.20321111185492743,0.46167985
7009,0.8562601507326776,0.2031227197396712,0.46167985
7009,0.8562601507326776,0.2030396130338276,0.46167985
7009,0.8562601507326776,0.20296163434671005,0.46167985
7009,0.8562601507326776,0.20288863341422392,0.46167985
7009,0.8562601507326776,0.20282046691453,0.46167985
7009,0.8562601507326776,0.20275699828523058,0.46167985
7009,0.8562601507326776,0.2026980975421145,0.46167985
7009,0.8562601507326776,0.20264364109951594,0.46167985
7009,0.8562601507326776,0.20259351159235928,0.46167985
7009,0.8562601507326776,0.20254759769992733,0.46167985
7009,0.8562601507326776,0.20250579397138832,0.46167985
7009,0.8562601507326776,0.20246800065316542,0.46167985
7009,0.8562601507326776,0.2024341235181546,0.46167985
7009,0.8562601507326776,0.20240407369684632,0.46167985
7009,0.8562601507326776,0.20237776751039416,0.46167985
7009,0.8562601507326776,0.2023551263056548,0.46167985
7009,0.8562601507326776,0.20233607629224715,0.46167985
7009,0.8562601507326776,0.20232054838164457,0.46167985
7009,0.8562601507326776,0.20230847802835472,0.46167985
7009,0.8562601507326776,0.2022998050731854,0.46167985
7009,0.8562601507326776,0.20229447358864652,0.46167985
7009,0.8562601507326776,0.20229243172650943,0.46167985
7009,0.8562601507326776,0.20229363156751923,0.46167985
7009,0.8562601507326776,0.20229802897333332,0.46167985
7009,0.8562601507326776,0.2023055834406439,0.46167985
7009,0.8562601507326776,0.2023162579575578,0.46167985
7009,0.8562601507326776,0.20233001886221152,0.46167985
7009,0.8562601507326776,0.20234683570365564,0.46167985
7009,0.8562601507326776,0.20236668110501652,0.46167985
7009,0.8562601507326776,0.2023895306289479,0.46167985
7009,0.8562601507326776,0.2024153626453855,0.46167985
7009,0.8562601507326776,0.2024441582016183,0.46167985
7009,0.8562601507326776,0.20247590089466752,0.46167985
7009,0.8562601507326776,0.2025105767460105,0.46167985
7009,0.8562601507326776,0.2025481740786288,0.46167985
7009,0.8562601507326776,0.2025886833963998,0.46167985
7009,0.8562601507326776,0.2026320972658404,0.46167985
7009,0.8562601507326776,0.20267841020019098,0.46167985
7009,0.8562601507326776,0.2027276185458594,0.46167985
7009,0.8562601507326776,0.20277972037121747,0.46167985
7009,0.8562601507326776,0.20283471535775258,0.46167985
7009,0.8562601507326776,0.20289260469357417,0.46167985
7009,0.8562601507326776,0.20295339096927928,0.46167985
7009,0.8562601507326776,0.20301707807617078,0.46167985
7009,0.8562601507326776,0.2030836711068243,0.46167985
7009,0.8562601507326776,0.20315317625801246,0.46167985
7009,0.8562601507326776,0.20322560073596435,0.46167985
7009,0.8562601507326776,0.2033009526639806,0.46167985
7009,0.8562601507326776,0.20337924099237162,0.46167985
7009,0.8562601507326776,0.2034604754107315,0.46167985
7009,0.8562601507326776,0.20354466626254272,0.46167985
7009,0.8562601507326776,0.20363182446209002,0.46167985
7009,0.8562601507326776,0.20372196141369173,0.46167985
7009,0.8562601507326776,0.20381508893322942,0.46167985
7009,0.8562601507326776,0.2039112191719734,0.46167985
7009,0.8562601507326776,0.20401036454268864,0.46167985
7009,0.8562601507326776,0.20411253764802367,0.46167985
7009,0.8562601507326776,0.20421775121115307,0.46167985
7009,0.8562601507326776,0.20432601800868086,0.46167985
7009,0.8562601507326776,0.20443735080578207,0.46167985
7009,0.8562601507326776,0.20455176229357183,0.46167985
7009,0.8562601507326776,0.20466926502869529,0.46167985
7009,0.8562601507326776,0.20478987137511453,0.46167985
7009,0.8562601507326776,0.2049135934480981,0.46167985
7009,0.8562601507326776,0.2050404430603653,0.46167985
7009,0.8562601507326776,0.20517043167041019,0.46167985
7009,0.8562601507326776,0.20530357033296176,0.46167985
7009,0.8562601507326776,0.205439869651574,0.46167985
7009,0.8562601507326776,0.205579339733331,0.46167985
7009,0.8562601507326776,0.20572199014564785,0.46167985
7009,0.8562601507326776,0.20586782987515176,0.46167985
7009,0.8562601507326776,0.20601686728862165,0.46167985
7009,0.8562601507326776,0.20616911009597408,0.46167985
7009,0.8562601507326776,0.20632456531527957,0.46167985
7009,0.8562601507326776,0.2064832392397623,0.46167985
7009,0.8562601507326776,0.20664513740681892,0.46167985
7009,0.8562601507326776,0.20681026456897644,0.46167985
7009,0.8562601507326776,0.20697862466680655,0.46167985
7009,0.8562601507326776,0.20715022080376472,0.46167985
7009,0.8562601507326776,0.20732505522293268,0.46167985
7009,0.8562601507326776,0.20750312928563971,0.46167985
7009,0.8562601507326776,0.20768444345194323,0.46167985
7009,0.8562601507326776,0.20786899726295788,0.46167985
7009,0.8562601507326776,0.20805678932497243,0.46167985
7009,0.8562601507326776,0.20824781729539282,0.46167985
7009,0.8562601507326776,0.20844207787042268,0.46167985
7009,0.8562601507326776,0.20863956677450146,0.46167985
7009,0.8562601507326776,0.20884027875145666,0.46167985
7009,0.8562601507326776,0.20904420755735353,0.46167985
7009,0.8562601507326776,0.20925134595500686,0.46167985
7009,0.8562601507326776,0.20946168571014345,0.46167985
7009,0.8562601507326776,0.2096752175891762,0.46167985
7009,0.8562601507326776,0.20989193135857204,0.46167985
7009,0.8562601507326776,0.21011181578578184,0.46167985
7009,0.8562601507326776,0.21033485864171012,0.46167985
7009,0.8562601507326776,0.2105610467047019,0.46167985
7009,0.8562601507326776,0.21079036576599666,0.46167985
7009,0.8562601507326776,0.21102280063665213,0.46167985
7009,0.8562601507326776,0.21125833515589182,0.46167985
7009,0.8562601507326776,0.21149695220085185,0.46167985
7009,0.8562601507326776,0.21173863369769788,0.46167985
7009,0.8562601507326776,0.21198336063408402,0.46167985
7009,0.8562601507326776,0.21223111307293005,0.46167985
7009,0.8562601507326776,0.2124818701674774,0.46167985
7009,0.8562601507326776,0.21273561017760306,0.46167985
7009,0.8562601507326776,0.21299231048735778,0.46167985
7009,0.8562601507326776,0.21325194762370522,0.46167985
7009,0.8562601507326776,0.21351449727641605,0.46167985
7009,0.8562601507326776,0.2137799343191118,0.46167985
7009,0.8562601507326776,0.21404823283139918,0.46167985
7009,0.8562601507326776,0.21431936612209823,0.46167985
7009,0.8562601507326776,0.21459330675349536,0.46167985
7009,0.8562601507326776,0.21487002656662563,0.46167985
7009,0.8562601507326776,0.21514949670753156,0.46167985
7009,0.8562601507326776,0.21543168765447626,0.46167985
7009,0.8562601507326776,0.21571656924607513,0.46167985
7009,0.8562601507326776,0.216004110710328,0.46167985
7009,0.8562601507326776,0.21629428069449447,0.46167985
7009,0.8562601507326776,0.21658704729581307,0.46167985
7009,0.8562601507326776,0.2168823780930115,0.46167985
7009,0.8562601507326776,0.21718024017857923,0.46167985
7009,0.8562601507326776,0.21748060019178134,0.46167985
7009,0.8562601507326776,0.21778342435236894,0.46167985
7009,0.8562601507326776,0.2180886784949707,0.46167985
7009,0.8562601507326776,0.21839632810411475,0.46167985
7009,0.8562601507326776,0.21870633834986383,0.46167985
7009,0.8562601507326776,0.21901867412403536,0.46167985
7009,0.8562601507326776,0.21933330007695853,0.46167985
7009,0.8562601507326776,0.21965018065474606,0.46167985
7009,0.8562601507326776,0.2199692801370706,0.46167985
7009,0.8562601507326776,0.22029056267536026,0.46167985
7009,0.8562601507326776,0.22061399233144716,0.46167985
7009,0.8562601507326776,0.22093953311659328,0.46167985
7009,0.8562601507326776,0.2212671490308773,0.46167985
7009,0.8562601507326776,0.22159680410291518,0.46167985
7009,0.8562601507326776,0.22192846242987416,0.46167985
7009,0.8562601507326776,0.22226208821775917,0.46167985
7009,0.8562601507326776,0.22259764582194438,0.46167985
7009,0.8562601507326776,0.2229350997878892,0.46167985
7009,0.8562601507326776,0.22327441489206154,0.46167985
7009,0.8562601507326776,0.22361555618298737,0.46167985
7009,0.8562601507326776,0.22395848902242627,0.46167985
7009,0.8562601507326776,0.22430317912663272,0.46167985
7009,0.8562601507326776,0.2246495926076782,0.46167985
7009,0.8562601507326776,0.22499769601479971,0.46167985
7009,0.8562601507326776,0.22534745637575143,0.46167985
7009,0.8562601507326776,0.22569884123812334,0.46167985
7009,0.8562601507326776,0.2260518187106048,0.46167985
7009,0.8562601507326776,0.22640635750416377,0.46167985
7009,0.8562601507326776,0.2267624269731061,0.46167985
7009,0.8562601507326776,0.22711999715599993,0.46167985
7009,0.8562601507326776,0.22747903881642276,0.46167985
7009,0.8562601507326776,0.22783952348351155,0.46167985
7009,0.8562601507326776,0.22820142349229672,0.46167985
7009,0.8562601507326776,0.22856471202377024,0.46167985
7009,0.8562601507326776,0.22892936314468615,0.46167985
7009,0.8562601507326776,0.2292953518470483,0.46167985
7009,0.8562601507326776,0.22966265408727485,0.46167985
7009,0.8562601507326776,0.23003124682499396,0.46167985
7009,0.8562601507326776,0.23040110806146644,0.46167985
7009,0.8562601507326776,0.23077221687759777,0.46167985
7009,0.8562601507326776,0.2311445534715169,0.46167985
7009,0.8562601507326776,0.23151809919569524,0.46167985
7009,0.8562601507326776,0.2318928365935848,0.46167985
7009,0.8562601507326776,0.23226874943575526,0.46167985
7009,0.8562601507326776,0.2326458227554944,0.46167985
7009,0.8562601507326776,0.2330240428838609,0.46167985
7009,0.8562601507326776,0.2334033974841678,0.46167985
7009,0.8562601507326776,0.23378387558585215,0.46167985
7009,0.8562601507326776,0.23416546761774068,0.46167985
7009,0.8562601507326776,0.2345481654406719,0.46167985
7009,0.8562601507326776,0.2349319623794491,0.46167985
7009,0.8562601507326776,0.23531685325411608,0.46167985
7009,0.8562601507326776,0.23570283441053083,0.46167985
7009,0.8562601507326776,0.2360899037502146,0.46167985
7009,0.8562601507326776,0.23647806075945557,0.46167985
7009,0.8562601507326776,0.23686730653765792,0.46167985
7009,0.8562601507326776,0.23725764382490186,0.46167985
7009,0.8562601507326776,0.23764907702872254,0.46167985
7009,0.8562601507326776,0.23804161225005369,0.46167985
7009,0.8562601507326776,0.23843525730835297,0.46167985
7009,0.8562601507326776,0.23883002176587456,0.46167985
7009,0.8562601507326776,0.23922591695107537,0.46167985
7009,0.8562601507326776,0.23962295598114794,0.46167985
7009,0.8562601507326776,0.2400211537836525,0.46167985
7009,0.8562601507326776,0.24042052711723758,0.46167985
7009,0.8562601507326776,0.24082109459144865,0.46167985
7009,0.8562601507326776,0.24122287668559245,0.46167985
7009,0.8562601507326776,0.24162589576665122,0.46167985
7009,0.8562601507326776,0.2420301761062453,0.46167985
7009,0.8562601507326776,0.24243574389661418,0.46167985
7009,0.8562601507326776,0.24284262726562209,0.46167985
7009,0.8562601507326776,0.24325085629076673,0.46167985
7009,0.8562601507326776,0.24366046301218644,0.46167985
7009,0.8562601507326776,0.24407148144465615,0.46167985
7009,0.8562601507326776,0.24448394758856767,0.46167985
7009,0.8562601507326776,0.24489789943987586,0.46167985
7009,0.8562601507326776,0.2453133769990171,0.46167985
7009,0.8562601507326776,0.24573042227878597,0.46167985
7009,0.8562601507326776,0.24614907931116162,0.46167985
7009,0.8562601507326776,0.2465693941530945,0.46167985
7009,0.8562601507326776,0.24699141489122922,0.46167985
7009,0.8562601507326776,0.24741519164557454,0.46167985
7009,0.8562601507326776,0.24784077657211045,0.46167985
7009,0.8562601507326776,0.24826822386433609,0.46167985
7009,0.8562601507326776,0.24869758975375175,0.46167985
7009,0.8562601507326776,0.2491289325092801,0.46167985
7009,0.8562601507326776,0.24956231243562324,0.46167985
7009,0.8562601507326776,0.24999779187055496,0.46167985
7009,0.8562601507326776,0.2504354351811616,0.46167985
7009,0.8562601507326776,0.25087530875901615,0.46167985
7009,0.8562601507326776,0.25131748101430756,0.46167985
7009,0.8562601507326776,0.25176202236891376,0.46167985
7009,0.8562601507326776,0.2522090052484367,0.46167985
7009,0.8562601507326776,0.25265850407320123,0.46167985
7009,0.8562601507326776,0.25311059524821594,0.46167985
7009,0.8562601507326776,0.25356535715212153,0.46167985
7009,0.8562601507326776,0.2540228701251152,0.46167985
7009,0.8562601507326776,0.25448321645587973,0.46167985
7009,0.8562601507326776,0.25494648036751155,0.46167985
7009,0.8562601507326776,0.2554127480024728,0.46167985
7009,0.8562601507326776,0.2558821074065642,0.46167985
7009,0.8562601507326776,0.25635464851194895,0.46167985
7009,0.8562601507326776,0.25683046311922836,0.46167985
7009,0.8562601507326776,0.2573096448785887,0.46167985
7009,0.8562601507326776,0.25779228927003267,0.46167985
7009,0.8562601507326776,0.25827849358272525,0.46167985
7009,0.8562601507326776,0.258768356893439,0.46167985
7009,0.8562601507326776,0.25926198004415885,0.46167985
7009,0.8562601507326776,0.2597594656188363,0.46167985
7009,0.8562601507326776,0.26026091791932116,0.46167985
7009,0.8562601507326776,0.26076644294049073,0.46167985
7009,0.8562601507326776,0.26127614834460605,0.46167985
7009,0.8562601507326776,0.26179014343490875,0.46167985
7009,0.8562601507326776,0.2623085391284784,0.46167985
7009,0.8562601507326776,0.26283144792839513,0.46167985
7009,0.8562601507326776,0.26335898389520873,0.46167985
7009,0.8562601507326776,0.2638912626177505,0.46167985
7009,0.8562601507326776,0.26442840118332395,0.46167985
7009,0.8562601507326776,0.26497051814728845,0.46167985
7009,0.8562601507326776,0.2655177335020606,0.46167985
7009,0.8562601507326776,0.2660701686455914,0.46167985
7009,0.8562601507326776,0.26662794634931386,0.46167985
7009,0.8562601507326776,0.2671911907256136,0.46167985
7009,0.8562601507326776,0.2677600271948516,0.46167985
7009,0.8562601507326776,0.26833458245196534,0.46167985
7009,0.8562601507326776,0.2689149844326899,0.46167985
7009,0.8562601507326776,0.26950136227942384,0.46167985
7009,0.8562601507326776,0.2700938463067914,0.46167985
7009,0.8562601507326776,0.2706925679669022,0.46167985
7009,0.8562601507326776,0.2712976598144039,0.46167985
7009,0.8562601507326776,0.271909255471294,0.46167985
7009,0.8562601507326776,0.2725274895915864,0.46167985
7009,0.8562601507326776,0.273152497825835,0.46167985
7009,0.8562601507326776,0.2737844167855812,0.46167985
7009,0.8562601507326776,0.27442338400773597,0.46167985
7009,0.8562601507326776,0.2750695379189574,0.46167985
7009,0.8562601507326776,0.2757230178000631,0.46167985
7009,0.8562601507326776,0.2763839637504988,0.46167985
7009,0.8562601507326776,0.2770525166529412,0.46167985
7009,0.8562601507326776,0.27772881813803874,0.46167985
7009,0.8562601507326776,0.27841301054935447,0.46167985
7009,0.8562601507326776,0.2791052369085551,0.46167985
7009,0.8562601507326776,0.2798056408808762,0.46167985
7009,0.8562601507326776,0.2805143667409229,0.46167985
7009,0.8562601507326776,0.2812315593388352,0.46167985
7009,0.8562601507326776,0.281957364066875,0.46167985
7009,0.8562601507326776,0.2826919268264675,0.46167985
7009,0.8562601507326776,0.2834353939957625,0.46167985
7009,0.8562601507326776,0.28418791239772445,0.46167985
7009,0.8562601507326776,0.2849496292688351,0.46167985
7009,0.8562601507326776,0.2857206922284316,0.46167985
7009,0.8562601507326776,0.286501249248724,0.46167985
7009,0.8562601507326776,0.28729144862555656,0.46167985
7009,0.8562601507326776,0.2880914389499303,0.46167985
7009,0.8562601507326776,0.2889013690803623,0.46167985
7009,0.8562601507326776,0.28972138811608905,0.46167985
7009,0.8562601507326776,0.2905516453712038,0.46167985
7009,0.8562601507326776,0.2913922903497361,0.46167985
7009,0.8562601507326776,0.29224347272173135,0.46167985
7009,0.8562601507326776,0.2931053423003663,0.46167985
7009,0.8562601507326776,0.2939780490201807,0.46167985
7009,0.8562601507326776,0.2948617429163901,0.46167985
7009,0.8562601507326776,0.29575657410541484,0.46167985
7009,0.8562601507326776,0.29666269276660395,0.46167985
7009,0.8562601507326776,0.2975802491252117,0.46167985
7009,0.8562601507326776,0.2985093934366789,0.46167985
7009,0.8562601507326776,0.29945027597224233,0.46167985
7009,0.8562601507326776,0.3004030470059376,0.46167985
7009,0.8562601507326776,0.301367856802992,0.46167985
7009,0.8562601507326776,0.30234485560968705,0.46167985
7009,0.8562601507326776,0.30333419364471165,0.46167985
7009,0.8562601507326776,0.30433602109202246,0.46167985
7009,0.8562601507326776,0.3053504880952934,0.46167985
7009,0.8562601507326776,0.30637774475392543,0.46167985
7009,0.8562601507326776,0.3074179411207107,0.46167985
7009,0.8562601507326776,0.3084712272011474,0.46167985
7009,0.8562601507326776,0.30953775295442704,0.46167985
7009,0.8562601507326776,0.31061766829616066,0.46167985
7009,0.8562601507326776,0.31171112310283733,0.46167985
7009,0.8562601507326776,0.3128182672180594,0.46167985
7009,0.8562601507326776,0.3139392504605723,0.46167985
7009,0.8562601507326776,0.31507422263409013,0.46167985
7009,0.8562601507326776,0.31622333353901616,0.46167985
7009,0.8562601507326776,0.31738673298595843,0.46167985
7009,0.8562601507326776,0.31856457081115785,0.46167985
7009,0.8562601507326776,0.3197569968938103,0.46167985
7009,0.8562601507326776,0.32096416117528104,0.46167985
7009,0.8562601507326776,0.32218621368025907,0.46167985
7009,0.8562601507326776,0.3234233045398228,0.46167985
7009,0.8562601507326776,0.3246755840164477,0.46167985
7009,0.8562601507326776,0.32594320253095077,0.46167985
7009,0.8562601507326776,0.3272263106914653,0.46167985
7009,0.8562601507326776,0.3285250593241663,0.46167985
7009,0.8562601507326776,0.32983959950624775,0.46167985
7009,0.8562601507326776,0.3311700826004989,0.46167985
7009,0.8562601507326776,0.33251666029218074,0.46167985
7009,0.8562601507326776,0.3338794846274956,0.46167985
7009,0.8562601507326776,0.33525870805425784,0.46167985
7009,0.8562601507326776,0.33665448346435595,0.46167985
7009,0.8562601507326776,0.33806696423804866,0.46167985
7009,0.8562601507326776,0.339496304290257,0.46167985
7009,0.8562601507326776,0.34094265811875146,0.46167985
7009,0.8562601507326776,0.342406180853983,0.46167985
7009,0.8562601507326776,0.3438870283108735,0.46167985
7009,0.8562601507326776,0.34538535704237994,0.46167985
7009,0.8562601507326776,0.34690132439473736,0.46167985
7009,0.8562601507326776,0.34843508856455707,0.46167985
7009,0.8562601507326776,0.3499868086574117,0.46167985
7009,0.8562601507326776,0.3515566447481855,0.46167985
7009,0.8562601507326776,0.35314475794298716,0.46167985
7009,0.8562601507326776,0.3547513104426202,0.46167985
7009,0.8562601507326776,0.35637646560753805,0.46167985
7009,0.8562601507326776,0.3580203880242439,0.46167985
7009,0.8562601507326776,0.35968324357309395,0.46167985
7009,0.8562601507326776,0.36136519949741125,0.46167985
7009,0.8562601507326776,0.3630664244738823,0.46167985
7009,0.8562601507326776,0.36478708868412824,0.46167985
7009,0.8562601507326776,0.3665273638874827,0.46167985
7009,0.8562601507326776,0.36828742349478755,0.46167985
7009,0.8562601507326776,0.37006744264308294,0.46167985
7009,0.8562601507326776,0.3718675982713519,0.46167985
7009,0.8562601507326776,0.37368806919703557,0.46167985
7009,0.8562601507326776,0.37552903619326977,0.46167985
7009,0.8562601507326776,0.37739068206679965,0.46167985
7009,0.8562601507326776,0.37927319173644647,0.46167985
7009,0.8562601507326776,0.38117675231203557,0.46167985
7009,0.8562601507326776,0.3831015531737054,0.46167985
7009,0.8562601507326776,0.3850477860514799,0.46167985
7009,0.8562601507326776,0.38701564510499026,0.46167985
7009,0.8562601507326776,0.38900532700328067,0.46167985
7009,0.8562601507326776,0.39101703100452506,0.46167985
7009,0.8562601507326776,0.39305095903560006,0.46167985
7009,0.8562601507326776,0.39510731577135594,0.46167985
7009,0.8562601507326776,0.39718630871348404,0.46167985
7009,0.8562601507326776,0.3992881482688565,0.46167985
7009,0.8562601507326776,0.4014130478272045,0.46167985
7009,0.8562601507326776,0.4035612238380075,0.46167985
7009,0.8562601507326776,0.40573289588647077,0.46167985
7009,0.8562601507326776,0.4079282867684492,0.46167985
7009,0.8562601507326776,0.41014762256416193,0.46167985
7009,0.8562601507326776,0.412391132710599,0.46167985
7009,0.8562601507326776,0.4146590500724315,0.46167985
7009,0.8562601507326776,0.4169516110113143,0.46167985
7009,0.8562601507326776,0.4192690554534073,0.46167985
7009,0.8562601507326776,0.4216116269549742,0.46167985
7009,0.8562601507326776,0.42397957276591974,0.46167985
7009,0.8562601507326776,0.4263731438910857,0.46167985
7009,0.8562601507326776,0.4287925951491548,0.46167985
7009,0.8562601507326776,0.4312381852290197,0.46167985
7009,0.8562601507326776,0.4337101767434255,0.46167985
7009,0.8562601507326776,0.43620883627975937,0.46167985
7009,0.8562601507326776,0.43873443444778143,0.46167985
7009,0.8562601507326776,0.4412872459241571,0.46167985
7009,0.8562601507326776,0.4438675494936188,0.46167985
7009,0.8562601507326776,0.44647562808657815,0.46167985
7009,0.8562601507326776,0.449111768813033,0.46167985
7009,0.8562601507326776,0.45177626299255824,0.46167985
7009,0.8562601507326776,0.4544694061802723,0.46167985
7009,0.8562601507326776,0.4571914981885479,0.46167985
7009,0.8562601507326776,0.4599428431043084,0.46167985
7009,0.8562601507326776,0.46272374930175786,0.46167985
7009,0.8562601507326776,0.4655345294503245,0.46167985
7009,0.8562601507326776,0.4683755005176985,0.46167985
7009,0.8562601507326776,0.47124698376773044,0.46167985
7009,0.8562601507326776,0.47414930475304873,0.46167985
7009,0.8562601507326776,0.4770827933022318,0.46167985
7009,0.8562601507326776,0.48004778350130856,0.46167985
7009,0.8562601507326776,0.4830446136694808,0.46167985
7009,0.8562601507326776,0.48607362632883744,0.46167985
7009,0.8562601507326776,0.4891351681679161,0.46167985
7009,0.8562601507326776,0.4922295899989465,0.46167985
7009,0.8562601507326776,0.49535724670857867,0.46167985
7009,0.8562601507326776,0.4985184972019644,0.46167985
7009,0.8562601507326776,0.5017137043399934,0.46167985
7009,0.8562601507326776,0.5049432348695373,0.46167985
7009,0.8562601507326776,0.5082074593465558,0.46167985
7009,0.8562601507326776,0.5115067520518549,0.46167985
7009,0.8562601507326776,0.5148414908994111,0.46167985
7009,0.8562601507326776,0.5182120573370431,0.46167985
7009,0.8562601507326776,0.5216188362393365,0.46167985
7009,0.8562601507326776,0.5250622157926297,0.46167985
7009,0.8562601507326776,0.5285425873719566,0.46167985
7009,0.8562601507326776,0.532060345409777,0.46167985
7009,0.8562601507326776,0.5356158872563795,0.46167985
7009,0.8562601507326776,0.5392096130318369,0.46167985
7009,0.8562601507326776,0.5428419254693353,0.46167985
7009,0.8562601507326776,0.5465132297498607,0.46167985
7009,0.8562601507326776,0.5502239333279938,0.46167985
7009,0.8562601507326776,0.553974445748825,0.46167985
7009,0.8562601507326776,0.5577651784558175,0.46167985
7009,0.8562601507326776,0.5615965445895433,0.46167985
7009,0.8562601507326776,0.565468958777191,0.46167985
7009,0.8562601507326776,0.5693828369127752,0.46167985
7009,0.8562601507326776,0.5733385959279611,0.46167985
7009,0.8562601507326776,0.5773366535534258,0.46167985
7009,0.8562601507326776,0.5813774280707145,0.46167985
7009,0.8562601507326776,0.585461338054504,0.46167985
7009,0.8562601507326776,0.5895888021052635,0.46167985
7009,0.8562601507326776,0.5937602385722394,0.46167985
7009,0.8562601507326776,0.597976065266739,0.46167985
7009,0.8562601507326776,0.6022366991657123,0.46167985
7009,0.8562601507326776,0.6065425561055909,0.46167985
7009,0.8562601507326776,0.6108940504663845,0.46167985
7009,0.8562601507326776,0.615291594846042,0.46167985
7009,0.8562601507326776,0.6197355997250971,0.46167985
7009,0.8562601507326776,0.6242264731216094,0.46167985
7009,0.8562601507326776,0.6287646202364277,0.46167985
7009,0.8562601507326776,0.633350443088849,0.46167985
7009,0.8562601507326776,0.6379843401426893,0.46167985
7009,0.8562601507326776,0.6426667059228395,0.46167985
7009,0.8562601507326776,0.6473979306224147,0.46167985
7009,0.8562601507326776,0.652178399700522,0.46167985
7009,0.8562601507326776,0.6570084934708094,0.46167985
7009,0.8562601507326776,0.6618885866808328,0.46167985
7009,0.8562601507326776,0.6668190480824304,0.46167985
7009,0.8562601507326776,0.6718002399931919,0.46167985
7009,0.8562601507326776,0.6768325178491685,0.46167985
7009,0.8562601507326776,0.681916229749008,0.46167985
7009,0.8562601507326776,0.6870517159896302,0.46167985
7009,0.8562601507326776,0.6922393085936867,0.46167985
7009,0.8562601507326776,0.6974793308289499,0.46167985
7009,0.8562601507326776,0.7027720967198237,0.46167985
7009,0.8562601507326776,0.7081179105512863,0.46167985
7009,0.8562601507326776,0.7135170663653332,0.46167985
7009,0.8562601507326776,0.7189698474503396,0.46167985
7009,0.8562601507326776,0.7244765258234807,0.46167985
7009,0.8562601507326776,0.7300373617065006,0.46167985
7009,0.8562601507326776,0.7356526029951407,0.46167985
7009,0.8562601507326776,0.7413224847225085,0.46167985
7009,0.8562601507326776,0.7470472285166669,0.46167985
7009,0.8562601507326776,0.7528270420528185,0.46167985
7009,0.8562601507326776,0.7586621185003475,0.46167985
7009,0.8562601507326776,0.7645526359651446,0.46167985
7009,0.8562601507326776,0.7704987569275193,0.46167985
7009,0.8562601507326776,0.7765006276760669,0.46167985
7009,0.8562601507326776,0.782558377737926,0.46167985
7009,0.8562601507326776,0.7886721193057805,0.46167985
7009,0.8562601507326776,0.794841946662012,0.46167985
7009,0.8562601507326776,0.8010679356004882,0.46167985
7009,0.8562601507326776,0.8073501428463108,0.46167985
7009,0.8562601507326776,0.8136886054741,0.46167985
7009,0.8562601507326776,0.820083340325158,0.46167985
7009,0.8562601507326776,0.8265343434240775,0.46167985
7009,0.8562601507326776,0.8330415893951967,0.46167985
7009,0.8562601507326776,0.8396050308794689,0.46167985
7009,0.8562601507326776,0.8462245979521774,0.46167985
7009,0.8562601507326776,0.8529001975420769,0.46167985
7009,0.8562601507326776,0.8596317128524622,0.46167985
7009,0.8562601507326776,0.8664190027846782,0.46167985
7009,0.8562601507326776,0.8732619013646454,0.46167985
7009,0.8562601507326776,0.8801602171729744,0.46167985
7009,0.8562601507326776,0.8871137327791653,0.46167985
7009,0.8562601507326776,0.894122204180554,0.46167985
7009,0.8562601507326776,0.9011853602465164,0.46167985
7009,0.8562601507326776,0.9083029021685662,0.46167985
7009,0.8562601507326776,0.9154745029169274,0.46167985
7009,0.8562601507326776,0.9226998067041653,0.46167985
7009,0.8562601507326776,0.9299784284565482,0.46167985
7009,0.8562601507326776,0.9373099532936778,0.46167985
7009,0.8562601507326776,0.9446939360171044,0.46167985
7009,0.8562601507326776,0.9521299006084387,0.46167985
7009,0.8562601507326776,0.9596173397377288,0.46167985
7009,0.8562601507326776,0.9671557142826218,0.46167985
7009,0.8562601507326776,0.9747444528590261,0.46167985
7009,0.8562601507326776,0.9823829513638888,0.46167985
7009,0.8562601507326776,0.9900705725307134,0.46167985
7009,0.8562601507326776,0.9978066454985318,0.46167985
7009,0.8562601507326776,1.0055904653948915,0.46167985
7009,0.8562601507326776,1.013421292933594,0.46167985
7009,0.8562601507326776,1.0212983540277465,0.46167985
7009,0.8562601507326776,1.029220839418847,0.46167985
7009,0.8562601507326776,1.0371879043225112,0.46167985
7009,0.8562601507326776,1.0451986680914807,0.46167985
7009,0.8562601507326776,1.0532522138965696,0.46167985
7009,0.8562601507326776,1.0613475884261878,0.46167985
7009,0.8562601507326776,1.0694838016050154,0.46167985
7009,0.8562601507326776,1.0776598263325714,0.46167985
7009,0.8562601507326776,1.08587459824215,0.46167985
7009,0.8562601507326776,1.0941270154808447,0.46167985
7009,0.8562601507326776,1.1024159385112215,0.46167985
7009,0.8562601507326776,1.110740189935244,0.46167985
7009,0.8562601507326776,1.119098554341028,0.46167985
7009,0.8562601507326776,1.1274897781729905,0.46167985
7009,0.8562601507326776,1.135912569626019,0.46167985
7009,0.8562601507326776,1.1443655985640984,0.46167985
7009,0.8562601507326776,1.1528474964640794,0.46167985
7009,0.8562601507326776,1.1613568563849668,0.46167985
7009,0.8562601507326776,1.1698922329633656,0.46167985
7009,0.8562601507326776,1.1784521424354881,0.46167985
7009,0.8562601507326776,1.1870350626862538,0.46167985
7009,0.8562601507326776,1.195639433325934,0.46167985
7009,0.8562601507326776,1.2042636557947808,0.46167985
7009,0.8562601507326776,1.2129060934960492,0.46167985
7009,0.8562601507326776,1.221565071957902,0.46167985
7009,0.8562601507326776,1.2302388790244394,0.46167985
7009,0.8562601507326776,1.2389257650763805,0.46167985
7009,0.8562601507326776,1.2476239432816068,0.46167985
7009,0.8562601507326776,1.2563315898760097,0.46167985
7009,0.8562601507326776,1.2650468444748535,0.46167985
7009,0.8562601507326776,1.2737678104149317,0.46167985
7009,0.8562601507326776,1.2824925551278534,0.46167985
7009,0.8562601507326776,1.291219110544603,0.46167985
7009,0.8562601507326776,1.299945473531566,0.46167985
7009,0.8562601507326776,1.3086696063583292,0.46167985
7009,0.8562601507326776,1.3173894371971777,0.46167985
7009,0.8562601507326776,1.326102860654608,0.46167985
7009,0.8562601507326776,1.3348077383348602,0.46167985
7009,0.8562601507326776,1.3435018994355403,0.46167985
7009,0.8562601507326776,1.3521831413753642,0.46167985
7009,0.8562601507326776,1.3608492304540152,0.46167985
7009,0.8562601507326776,1.3694979025441272,0.46167985
7009,0.8562601507326776,1.378126863815285,0.46167985
7009,0.8562601507326776,1.386733791489969,0.46167985
7009,0.8562601507326776,1.3953163346313417,0.46167985
7009,0.8562601507326776,1.40387211496271,0.46167985
7009,0.8562601507326776,1.4123987277184116,0.46167985
7009,0.8562601507326776,1.4208937425260384,0.46167985
7009,0.8562601507326776,1.429354704319615,0.46167985
7009,0.8562601507326776,1.4377791342835133,0.46167985
7009,0.8562601507326776,1.4461645308267865,0.46167985
7009,0.8562601507326776,1.4545083705874766,0.46167985
7009,0.8562601507326776,1.4628081094666947,0.46167985
7009,0.8562601507326776,1.4710611836918026,0.46167985
7009,0.8562601507326776,1.4792650109084857,0.46167985
7009,0.8562601507326776,1.487416991301054,0.46167985
7009,0.8562601507326776,1.495514508740498,0.46167985
7009,0.8562601507326776,1.5035549319597947,0.46167985
7009,0.8562601507326776,1.5115356157558004,0.46167985
7009,0.8562601507326776,1.5194539022171363,0.46167985
7009,0.8562601507326776,1.527307121977369,0.46167985
7009,0.8562601507326776,1.5350925954929338,0.46167985
7009,0.8562601507326776,1.542807634344852,0.46167985
7009,0.8562601507326776,1.550449542563647,0.46167985
7009,0.8562601507326776,1.5580156179767153,0.46167985
7009,0.8562601507326776,1.5655031535770627,0.46167985
7009,0.8562601507326776,1.5729094389129377,0.46167985
7009,0.8562601507326776,1.5802317614971484,0.46167985
7009,0.8562601507326776,1.587467408235326,0.46167985
7009,0.8562601507326776,1.5946136668721302,0.46167985
7009,0.8562601507326776,1.6016678274545042,0.46167985
7009,0.8562601507326776,1.6086271838108368,0.46167985
7009,0.8562601507326776,1.615489035045159,0.46167985
7009,0.8562601507326776,1.6222506870452187,0.46167985
7009,0.8562601507326776,1.6289094540034184,0.46167985
7009,0.8562601507326776,1.6354626599494546,0.46167985
7009,0.8562601507326776,1.6419076402936252,0.46167985
7009,0.8562601507326776,1.6482417433795222,0.46167985
7009,0.8562601507326776,1.6544623320450291,0.46167985
7009,0.8562601507326776,1.6605667851904915,0.46167985
7009,0.8562601507326776,1.6665524993526724,0.46167985
7009,0.8562601507326776,1.672416890283397,0.46167985
7009,0.8562601507326776,1.6781573945316128,0.46167985
7009,0.8562601507326776,1.683771471027571,0.46167985
7009,0.8562601507326776,1.6892566026678852,0.46167985
7009,0.8562601507326776,1.6946102979001416,0.46167985
7009,0.8562601507326776,1.6998300923057759,0.46167985
7009,0.8562601507326776,1.7049135501798685,0.46167985
7009,0.8562601507326776,1.7098582661065744,0.46167985
7009,0.8562601507326776,1.71466186652887,0.46167985
7009,0.8562601507326776,1.719322011311122,0.46167985
7009,0.8562601507326776,1.7238363952933504,0.46167985
7009,0.8562601507326776,1.7282027498356487,0.46167985
7009,0.8562601507326776,1.732418844351518,0.46167985
7009,0.8562601507326776,1.7364824878286762,0.46167985
7009,0.8562601507326776,1.7403915303360535,0.46167985
7009,0.8562601507326776,1.7441438645155578,0.46167985
7009,0.8562601507326776,1.747737427057309,0.46167985
7009,0.8562601507326776,1.75117020015691,0.46167985
7009,0.8562601507326776,1.7544402129535557,0.46167985
7009,0.8562601507326776,1.7575455429474567,0.46167985
7009,0.8562601507326776,1.7604843173953892,0.46167985
7009,0.8562601507326776,1.7632547146830364,0.46167985
7009,0.8562601507326776,1.7658549656727522,0.46167985
7009,0.8562601507326776,1.7682833550255,0.46167985
7009,0.8562601507326776,1.7705382224956885,0.46167985
7009,0.8562601507326776,1.7726179641976858,0.46167985
7009,0.8562601507326776,1.7745210338426398,0.46167985
7009,0.8562601507326776,1.776245943944558,0.46167985
7009,0.8562601507326776,1.777791266994311,0.46167985
7009,0.8562601507326776,1.779155636600459,0.46167985
7009,0.8562601507326776,1.7803377485956895,0.46167985
7009,0.8562601507326776,1.7813363621078198,0.46167985
7009,0.8562601507326776,1.7821503005941748,0.46167985
7009,0.8562601507326776,1.7827784528382964,0.46167985
7009,0.8562601507326776,1.7832197739080138,0.46167985
7009,0.8562601507326776,1.783473286073769,0.46167985
7009,0.8562601507326776,1.783538079686227,0.46167985
7009,0.8562601507326776,1.7834133140123114,0.46167985
7009,0.8562601507326776,1.7830982180286656,0.46167985
7009,0.8562601507326776,1.782592091171673,0.46167985
7009,0.8562601507326776,1.7818943040433006,0.46167985
7009,0.8562601507326776,1.7810042990717954,0.46167985
7009,0.8562601507326776,1.77992159112666,0.46167985
7009,0.8562601507326776,1.778645768087056,0.46167985
7009,0.8562601507326776,1.7771764913629833,0.46167985
7009,0.8562601507326776,1.7755134963687076,0.46167985
7009,0.8562601507326776,1.7736565929476436,0.46167985
7009,0.8562601507326776,1.7716056657483958,0.46167985
7009,0.8562601507326776,1.7693606745512214,0.46167985
7009,0.8562601507326776,1.7669216545446091,0.46167985
7009,0.8562601507326776,1.7642887165515067,0.46167985
7009,0.8562601507326776,1.7614620472048965,0.46167985
7009,0.8562601507326776,1.7584419090723078,0.46167985
7009,0.8562601507326776,1.7552286407290512,0.46167985
7009,0.8562601507326776,1.751822656780021,0.46167985
7009,0.8562601507326776,1.748224447829757,0.46167985
7009,0.8562601507326776,1.7444345804008001,0.46167985
7009,0.8562601507326776,1.7404536968001398,0.46167985
7009,0.8562601507326776,1.7362825149338585,0.46167985
7009,0.8562601507326776,1.7319218280698978,0.46167985
7009,0.8562601507326776,1.7273725045491026,0.46167985
7009,0.8562601507326776,1.722635487444612,0.46167985
7009,0.8562601507326776,1.7177117941698574,0.46167985
7009,0.8562601507326776,1.7126025160353586,0.46167985
7009,0.8562601507326776,1.7073088177545768,0.46167985
7009,0.8562601507326776,1.7018319368991635,0.46167985
7009,0.8562601507326776,1.6961731833040687,0.46167985
7009,0.8562601507326776,1.690333938422859,0.46167985
7009,0.8562601507326776,1.6843156546336695,0.46167985
7009,0.8562601507326776,1.6781198544965248,0.46167985
7009,0.8562601507326776,1.6717481299623682,0.46167985
7009,0.8562601507326776,1.6652021415345601,0.46167985
7009,0.8562601507326776,1.6584836173835058,0.46167985
7009,0.8562601507326776,1.6515943524150838,0.46167985
7009,0.8562601507326776,1.6445362072936665,0.46167985
7009,0.8562601507326776,1.637311107420541,0.46167985
7009,0.8562601507326776,1.6299210418685326,0.46167985
7009,0.8562601507326776,1.6223680622738252,0.46167985
7009,0.8562601507326776,1.6146542816857434,0.46167985
7009,0.8562601507326776,1.6067818733756851,0.46167985
7009,0.8562601507326776,1.5987530696060206,0.46167985
7009,0.8562601507326776,1.590570160360107,0.46167985
7009,0.8562601507326776,1.5822354920345059,0.46167985
7009,0.8562601507326776,1.5737514660944842,0.46167985
7009,0.8562601507326776,1.5651205376939892,0.46167985
7009,0.8562601507326776,1.556345214261308,0.46167985
7009,0.8562601507326776,1.547428054051528,0.46167985
7009,0.8562601507326776,1.538371664667222,0.46167985
7009,0.8562601507326776,1.5291787015484715,0.46167985
7009,0.8562601507326776,1.5198518664336418,0.46167985
7009,0.8562601507326776,1.5103939057922031,0.46167985
7009,0.8562601507326776,1.5008076092309866,0.46167985
7009,0.8562601507326776,1.4910958078751844,0.46167985
7009,0.8562601507326776,1.4812613727256245,0.46167985
7009,0.8562601507326776,1.4713072129935794,0.46167985
7009,0.8562601507326776,1.4612362744147354,0.46167985
7009,0.8562601507326776,1.4510515375435804,0.46167985
7009,0.8562601507326776,1.4407560160298738,0.46167985
7009,0.8562601507326776,1.4303527548785246,0.46167985
7009,0.8562601507326776,1.4198448286944712,0.46167985
7009,0.8562601507326776,1.4092353399140622,0.46167985
7009,0.8562601507326776,1.3985274170243716,0.46167985
7009,0.8562601507326776,1.3877242127720708,0.46167985
7009,0.8562601507326776,1.3768289023633207,0.46167985
7009,0.8562601507326776,1.3658446816562193,0.46167985
7009,0.8562601507326776,1.3547747653473592,0.46167985
7009,0.8562601507326776,1.3436223851539593,0.46167985
7009,0.8562601507326776,1.3323907879931831,0.46167985
7009,0.8562601507326776,1.3210832341600947,0.46167985
7009,0.8562601507326776,1.309702995505792,0.46167985
7009,0.8562601507326776,1.2982533536172074,0.46167985
7009,0.8562601507326776,1.2867375980001232,0.46167985
7009,0.8562601507326776,1.2751590242668163,0.46167985
7009,0.8562601507326776,1.263520932329868,0.46167985
7009,0.8562601507326776,1.2518266246035863,0.46167985
7009,0.8562601507326776,1.2400794042144168,0.46167985
7009,0.8562601507326776,1.2282825732219058,0.46167985
7009,0.8562601507326776,1.2164394308515067,0.46167985
7009,0.8562601507326776,1.2045532717406264,0.46167985
7009,0.8562601507326776,1.1926273841994381,0.46167985
7009,0.8562601507326776,1.180665048487514,0.46167985
7009,0.8562601507326776,1.1686695351079004,0.46167985
7009,0.8562601507326776,1.1566441031197319,0.46167985
7009,0.8562601507326776,1.1445919984707256,0.46167985
7009,0.8562601507326776,1.1325164523508164,0.46167985
7009,0.8562601507326776,1.1204206795680873,0.46167985
7009,0.8562601507326776,1.108307876948221,0.46167985
7009,0.8562601507326776,1.0961812217585774,0.46167985
7009,0.8562601507326776,1.0840438701581183,0.46167985
7009,0.8562601507326776,1.0718989556740641,0.46167985
7009,0.8562601507326776,1.0597495877065803,0.46167985
7009,0.8562601507326776,1.0475988500622948,0.46167985
7009,0.8562601507326776,1.0354497995177392,0.46167985
7009,0.8562601507326776,1.0233054644136188,0.46167985
7009,0.8562601507326776,1.011168843280832,0.46167985
7133,0.2685231599701986,2.65166825352591,0.28532177
7133,0.2685231599701986,2.6627603355578557,0.28532177
7133,0.2685231599701986,2.6730023562324834,0.28532177
7133,0.2685231599701986,2.6823881598528203,0.28532177
7133,0.2685231599701986,2.6909125783631107,0.28532177
7133,0.2685231599701986,2.6985714382822823,0.28532177
7133,0.2685231599701986,2.70536156569794,0.28532177
7133,0.2685231599701986,2.7112807893122843,0.28532177
7133,0.2685231599701986,2.716327941535847,0.28532177
7133,0.2685231599701986,2.7205028576313905,0.28532177
7133,0.2685231599701986,2.723806372914502,0.28532177
7133,0.2685231599701986,2.726240318023804,0.28532177
7133,0.2685231599701986,2.7278075122781984,0.28532177
7133,0.2685231599701986,2.728511755144054,0.28532177
7133,0.2685231599701986,2.728357815840503,0.28532177
7133,0.2685231599701986,2.727351421115524,0.28532177
7133,0.2685231599701986,2.725499241230962,0.28532177
7133,0.2685231599701986,2.722808874198676,0.28532177
7133,0.2685231599701986,2.719288828315329,0.28532177
7133,0.2685231599701986,2.7149485030469984,0.28532177
7133,0.2685231599701986,2.7097981683193946,0.28532177
7133,0.2685231599701986,2.70384894227351,0.28532177
7133,0.2685231599701986,2.697112767549922,0.28532177
7133,0.2685231599701986,2.6896023861690592,0.28532177
7133,0.2685231599701986,2.6813313130773926,0.28532177
7133,0.2685231599701986,2.6723138084334233,0.28532177
7133,0.2685231599701986,2.6625648487092803,0.28532177
7133,0.2685231599701986,2.6521000966867945,0.28532177
7133,0.2685231599701986,2.6409358704292423,0.28532177
7133,0.2685231599701986,2.629089111311485,0.28532177
7133,0.2685231599701986,2.6165773511935573,0.28532177
7133,0.2685231599701986,2.6034186788235885,0.28532177
7133,0.2685231599701986,2.5896317055575193,0.28532177
7133,0.2685231599701986,2.57523553048379,0.28532177
7133,0.2685231599701986,2.560249705041626,0.28532177
7133,0.2685231599701986,2.544694197222027,0.28532177
7133,0.2685231599701986,2.5285893554404435,0.28532177
7133,0.2685231599701986,2.5119558721698065,0.28532177
7133,0.2685231599701986,2.494814747422217,0.28532177
7133,0.2685231599701986,2.4771872521665275,0.28532177
7133,0.2685231599701986,2.459094891768072,0.28532177
7133,0.2685231599701986,2.440559369535586,0.28532177
7133,0.2685231599701986,2.4216025504584353,0.28532177
7133,0.2685231599701986,2.4022464252157967,0.28532177
7133,0.2685231599701986,2.3825130745372016,0.28532177
7133,0.2685231599701986,2.362424633991493,0.28532177
7133,0.2685231599701986,2.342003259278998,0.28532177
7133,0.2685231599701986,2.321271092098885,0.28532177
7133,0.2685231599701986,2.3002502266607587,0.28532177
7133,0.2685231599701986,2.2789626769068074,0.28532177
7133,0.2685231599701986,2.257430344507271,0.28532177
7133,0.2685231599701986,2.235674987689029,0.28532177
7133,0.2685231599701986,2.2137181909534354,0.28532177
7133,0.2685231599701986,2.1915813357360365,0.28532177
7133,0.2685231599701986,2.1692855720573196,0.28532177
7133,0.2685231599701986,2.146851791209589,0.28532177
7133,0.2685231599701986,2.124300599521717,0.28532177
7133,0.2685231599701986,2.1016522932391757,0.28532177
7133,0.2685231599701986,2.0789268345533625,0.28532177
7133,0.2685231599701986,2.05614382880993,0.28532177
7133,0.2685231599701986,2.033322502922274,0.28532177
7133,0.2685231599701986,2.010481685012024,0.28532177
7133,0.2685231599701986,1.9876397852950147,0.28532177
7133,0.2685231599701986,1.9648147782268894,0.28532177
7133,0.2685231599701986,1.9420241859189529,0.28532177
7133,0.2685231599701986,1.9192850628311187,0.28532177
7133,0.2685231599701986,1.896613981745046,0.28532177
7133,0.2685231599701986,1.8740270210170442,0.28532177
7133,0.2685231599701986,1.8515397531068263,0.28532177
7133,0.2685231599701986,1.8291672343747638,0.28532177
7133,0.2685231599701986,1.8069239961370183,0.28532177
7133,0.2685231599701986,1.7848240369647905,0.28532177
7133,0.2685231599701986,1.7628808162109486,0.28532177
7133,0.2685231599701986,1.7411072487442663,0.28532177
7133,0.2685231599701986,1.7195157008688917,0.28532177
7133,0.2685231599701986,1.6981179874039771,0.28532177
7133,0.2685231599701986,1.6769253698960456,0.28532177
7133,0.2685231599701986,1.6559485559342482,0.28532177
7133,0.2685231599701986,1.6351976995367095,0.28532177
7133,0.2685231599701986,1.6146824025740454,0.28532177
7133,0.2685231599701986,1.594411717194442,0.28532177
7133,0.2685231599701986,1.574394149213046,0.28532177
7133,0.2685231599701986,1.5546376624268894,0.28532177
7133,0.2685231599701986,1.5351496838154268,0.28532177
7133,0.2685231599701986,1.515937109585472,0.28532177
7133,0.2685231599701986,1.4970063120185713,0.28532177
7133,0.2685231599701986,1.478363147077791,0.28532177
7133,0.2685231599701986,1.460012962730703,0.28532177
7133,0.2685231599701986,1.441960607944298,0.28532177
7133,0.2685231599701986,1.4242104423078885,0.28532177
7133,0.2685231599701986,1.4067663462393931,0.28532177
7133,0.2685231599701986,1.3896317317306464,0.28532177
7133,0.2685231599701986,1.3728095535875557,0.28532177
7133,0.2685231599701986,1.356302321120927,0.28532177
7133,0.2685231599701986,1.3401121102444746,0.28532177
7133,0.2685231599701986,1.3242405759369336,0.28532177
7133,0.2685231599701986,1.3086889650257478,0.28532177
7133,0.2685231599701986,1.2934581292507605,0.28532177
7133,0.2685231599701986,1.278548538567018,0.28532177
7133,0.2685231599701986,1.2639602946468482,0.28532177
7133,0.2685231599701986,1.2496931445423565,0.28532177
7133,0.2685231599701986,1.2357464944707415,0.28532177
7133,0.2685231599701986,1.2221194236858008,0.28532177
7133,0.2685231599701986,1.2088106984006208,0.28532177
7133,0.2685231599701986,1.195818785727346,0.28532177
7133,0.2685231599701986,1.1831418676017338,0.28532177
7133,0.2685231599701986,1.1707778546613352,0.28532177
7133,0.2685231599701986,1.1587244000477723,0.28532177
7133,0.2685231599701986,1.1469789131050283,0.28532177
7133,0.2685231599701986,1.1355385729471847,0.28532177
7133,0.2685231599701986,1.1244003418706874,0.28532177
7133,0.2685231599701986,1.1135609785876064,0.28532177
7133,0.2685231599701986,1.103017051258138,0.28532177
7133,0.2685231599701986,1.0927649503019834,0.28532177
7133,0.2685231599701986,1.0828009009698862,0.28532177
7133,0.2685231599701986,1.07312097565815,0.28532177
7133,0.2685231599701986,1.0637211059505007,0.28532177
7133,0.2685231599701986,1.0545970943731255,0.28532177
7133,0.2685231599701986,1.0457446258502348,0.28532177
7133,0.2685231599701986,1.037159278848928,0.28532177
7133,0.2685231599701986,1.0288365362036709,0.28532177
7133,0.2685231599701986,1.020771795611832,0.28532177
7133,0.2685231599701986,1.0129603797933069,0.28532177
7133,0.2685231599701986,1.005397546308469,0.28532177
7133,0.2685231599701986,0.9980784970298331,0.28532177
7133,0.2685231599701986,0.9909983872642018,0.28532177
7133,0.2685231599701986,0.984152334523047,0.28532177
7133,0.2685231599701986,0.9775354269400273,0.28532177
7133,0.2685231599701986,0.9711427313356173,0.28532177
7133,0.2685231599701986,0.9649693009297541,0.28532177
7133,0.2685231599701986,0.9590101827043316,0.28532177
7133,0.2685231599701986,0.9532604244182539,0.28532177
7133,0.2685231599701986,0.9477150812785903,0.28532177
7133,0.2685231599701986,0.9423692222720402,0.28532177
7133,0.2685231599701986,0.9372179361617283,0.28532177
7133,0.2685231599701986,0.932256337154888,0.28532177
7133,0.2685231599701986,0.9274795702475703,0.28532177
7133,0.2685231599701986,0.9228828162531607,0.28532177
7133,0.2685231599701986,0.9184612965217523,0.28532177
7133,0.2685231599701986,0.9142102773580592,0.28532177
7133,0.2685231599701986,0.9101250741457096,0.28532177
7133,0.2685231599701986,0.9062010551862623,0.28532177
7133,0.2685231599701986,0.9024336452613662,0.28532177
7133,0.2685231599701986,0.898818328926914,0.28532177
7133,0.2685231599701986,0.895350653547961,0.28532177
7133,0.2685231599701986,0.8920262320835829,0.28532177
7133,0.2685231599701986,0.8888407456306958,0.28532177
7133,0.2685231599701986,0.8857899457360681,0.28532177
7133,0.2685231599701986,0.8828696564857075,0.28532177
7133,0.2685231599701986,0.8800757763808089,0.28532177
7133,0.2685231599701986,0.8774042800093612,0.28532177
7133,0.2685231599701986,0.874851219522478,0.28532177
7133,0.2685231599701986,0.8724127259244088,0.28532177
7133,0.2685231599701986,0.8700850101849593,0.28532177
7133,0.2685231599701986,0.8678643641831086,0.28532177
7133,0.2685231599701986,0.8657471614901068,0.28532177
7133,0.2685231599701986,0.8637298580005438,0.28532177
7133,0.2685231599701986,0.8618089924192824,0.28532177
7133,0.2685231599701986,0.8599811866122277,0.28532177
7133,0.2685231599701986,0.8582431458284703,0.28532177
7133,0.2685231599701986,0.8565916588012035,0.28532177
7133,0.2685231599701986,0.8550235977345012,0.28532177
7133,0.2685231599701986,0.8535359181828379,0.28532177
7133,0.2685231599701986,0.8521256588299099,0.28532177
7133,0.2685231599701986,0.850789941173083,0.28532177
7133,0.2685231599701986,0.849525969119477,0.28532177
7133,0.2685231599701986,0.8483310284995418,0.28532177
7133,0.2685231599701986,0.8472024865035299,0.28532177
7133,0.2685231599701986,0.8461377910461504,0.28532177
7133,0.2685231599701986,0.8451344700644033,0.28532177
7133,0.2685231599701986,0.8441901307531948,0.28532177
7133,0.2685231599701986,0.8433024587433696,0.28532177
7133,0.2685231599701986,0.8424692172261488,0.28532177
7133,0.2685231599701986,0.8416882460281367,0.28532177
7133,0.2685231599701986,0.8409574606404897,0.28532177
7133,0.2685231599701986,0.840274851205842,0.28532177
7133,0.2685231599701986,0.8396384814662218,0.28532177
7133,0.2685231599701986,0.8390464876750691,0.28532177
7133,0.2685231599701986,0.8384970774762392,0.28532177
7133,0.2685231599701986,0.8379885287526906,0.28532177
7133,0.2685231599701986,0.8375191884473251,0.28532177
7133,0.2685231599701986,0.8370874713584296,0.28532177
7133,0.2685231599701986,0.8366918589118273,0.28532177
7133,0.2685231599701986,0.8363308979117973,0.28532177
7133,0.2685231599701986,0.8360031992727078,0.28532177
7133,0.2685231599701986,0.835707436733085,0.28532177
7133,0.2685231599701986,0.8354423455538523,0.28532177
7133,0.2685231599701986,0.8352067212021576,0.28532177
7133,0.2685231599701986,0.8349994180224309,0.28532177
7133,0.2685231599701986,0.8348193478958221,0.28532177
7133,0.2685231599701986,0.834665478889478,0.28532177
7133,0.2685231599701986,0.8345368338967103,0.28532177
7133,0.2685231599701986,0.8344324892693198,0.28532177
7133,0.2685231599701986,0.8343515734430519,0.28532177
7133,0.2685231599701986,0.834293265557264,0.28532177
7133,0.2685231599701986,0.8342567940697669,0.28532177
7133,0.2685231599701986,0.8342414353678027,0.28532177
7133,0.2685231599701986,0.8342465123759905,0.28532177
7133,0.2685231599701986,0.8342713931622515,0.28532177
7133,0.2685231599701986,0.834315489542423,0.28532177
7133,0.2685231599701986,0.8343782556844945,0.28532177
7133,0.2685231599701986,0.8344591867132564,0.28532177
7133,0.2685231599701986,0.8345578173161531,0.28532177
7133,0.2685231599701986,0.8346737203511656,0.28532177
7133,0.2685231599701986,0.8348065054574934,0.28532177
7133,0.2685231599701986,0.8349558176698628,0.28532177
7133,0.2685231599701986,0.8351213360371765,0.28532177
7133,0.2685231599701986,0.8353027722463974,0.28532177
7133,0.2685231599701986,0.8354998692523224,0.28532177
7133,0.2685231599701986,0.8357123999141645,0.28532177
7133,0.2685231599701986,0.8359401656396569,0.28532177
7133,0.2685231599701986,0.8361829950374595,0.28532177
7133,0.2685231599701986,0.8364407425787336,0.28532177
7133,0.2685231599701986,0.8367132872686174,0.28532177
7133,0.2685231599701986,0.8370005313284166,0.28532177
7133,0.2685231599701986,0.8373023988893393,0.28532177
7133,0.2685231599701986,0.8376188346985127,0.28532177
7133,0.2685231599701986,0.8379498028381568,0.28532177
7133,0.2685231599701986,0.8382952854586366,0.28532177
7133,0.2685231599701986,0.8386552815262355,0.28532177
7133,0.2685231599701986,0.8390298055864117,0.28532177
7133,0.2685231599701986,0.8394188865433306,0.28532177
7133,0.2685231599701986,0.839822566456436,0.28532177
7133,0.2685231599701986,0.8402408993548376,0.28532177
7133,0.2685231599701986,0.8406739500702668,0.28532177
7133,0.2685231599701986,0.8411217930893221,0.28532177
7133,0.2685231599701986,0.8415845114257414,0.28532177
7133,0.2685231599701986,0.8420621955134747,0.28532177
7133,0.2685231599701986,0.8425549421211069,0.28532177
7133,0.2685231599701986,0.8430628532884887,0.28532177
7133,0.2685231599701986,0.8435860352860972,0.28532177
7133,0.2685231599701986,0.8441245975978148,0.28532177
7133,0.2685231599701986,0.8446786519277738,0.28532177
7133,0.2685231599701986,0.8452483112317946,0.28532177
7133,0.2685231599701986,0.8458336887740576,0.28532177
7133,0.2685231599701986,0.8464348972094831,0.28532177
7133,0.2685231599701986,0.8470520476923944,0.28532177
7133,0.2685231599701986,0.847685249011958,0.28532177
7133,0.2685231599701986,0.8483346067548152,0.28532177
7133,0.2685231599701986,0.8490002224953822,0.28532177
7133,0.2685231599701986,0.8496821930142775,0.28532177
7133,0.2685231599701986,0.8503806095451387,0.28532177
7133,0.2685231599701986,0.8510955570503022,0.28532177
7133,0.2685231599701986,0.8518271135256223,0.28532177
7133,0.2685231599701986,0.8525753493347156,0.28532177
7133,0.2685231599701986,0.8533403265729284,0.28532177
7133,0.2685231599701986,0.854122098461278,0.28532177
7133,0.2685231599701986,0.8549207087705322,0.28532177
7133,0.2685231599701986,0.8557361912756607,0.28532177
7133,0.2685231599701986,0.8565685692408063,0.28532177
7133,0.2685231599701986,0.8574178549349111,0.28532177
7133,0.2685231599701986,0.8582840491780784,0.28532177
7133,0.2685231599701986,0.8591671409187571,0.28532177
7133,0.2685231599701986,0.8600671068418722,0.28532177
7133,0.2685231599701986,0.860983911007803,0.28532177
7133,0.2685231599701986,0.8619175045223345,0.28532177
7133,0.2685231599701986,0.8628678252374818,0.28532177
7133,0.2685231599701986,0.8638347974831908,0.28532177
7133,0.2685231599701986,0.8648183318298442,0.28532177
7133,0.2685231599701986,0.8658183248814145,0.28532177
7133,0.2685231599701986,0.8668346590993247,0.28532177
7133,0.2685231599701986,0.8678672026566698,0.28532177
7133,0.2685231599701986,0.868915809322832,0.28532177
7133,0.2685231599701986,0.8699803183781867,0.28532177
7133,0.2685231599701986,0.8710605545588223,0.28532177
7133,0.2685231599701986,0.8721563280309187,0.28532177
7133,0.2685231599701986,0.8732674343947477,0.28532177
7133,0.2685231599701986,0.8743936547178311,0.28532177
7133,0.2685231599701986,0.8755347555971521,0.28532177
7133,0.2685231599701986,0.8766904892500544,0.28532177
7133,0.2685231599701986,0.8778605936335265,0.28532177
7133,0.2685231599701986,0.8790447925915877,0.28532177
7133,0.2685231599701986,0.8802427960303287,0.28532177
7133,0.2685231599701986,0.8814543001203872,0.28532177
7133,0.2685231599701986,0.8826789875263311,0.28532177
7133,0.2685231599701986,0.883916527662633,0.28532177
7133,0.2685231599701986,0.8851665769757635,0.28532177
7133,0.2685231599701986,0.8864287792519829,0.28532177
7133,0.2685231599701986,0.8877027659503125,0.28532177
7133,0.2685231599701986,0.8889881565602838,0.28532177
7133,0.2685231599701986,0.8902845589838033,0.28532177
7133,0.2685231599701986,0.8915915699407727,0.28532177
7133,0.2685231599701986,0.8929087753977121,0.28532177
7133,0.2685231599701986,0.8942357510189745,0.28532177
7133,0.2685231599701986,0.8955720626397478,0.28532177
7133,0.2685231599701986,0.8969172667603816,0.28532177
7133,0.2685231599701986,0.8982709110612437,0.28532177
7133,0.2685231599701986,0.8996325349374308,0.28532177
7133,0.2685231599701986,0.9010016700526406,0.28532177
7133,0.2685231599701986,0.902377840911396,0.28532177
7133,0.2685231599701986,0.9037605654488694,0.28532177
7133,0.2685231599701986,0.9051493556374337,0.28532177
7133,0.2685231599701986,0.906543718109158,0.28532177
7133,0.2685231599701986,0.907943154793264,0.28532177
7133,0.2685231599701986,0.9093471635677105,0.28532177
7133,0.2685231599701986,0.9107552389239092,0.28532177
7133,0.2685231599701986,0.9121668726435496,0.28532177
7133,0.2685231599701986,0.9135815544865661,0.28532177
7133,0.2685231599701986,0.9149987728891948,0.28532177
7133,0.2685231599701986,0.9164180156709236,0.28532177
7133,0.2685231599701986,0.9178387707493616,0.28532177
7133,0.2685231599701986,0.9192605268617511,0.28532177
7133,0.2685231599701986,0.9206827742919599,0.28532177
7133,0.2685231599701986,0.9221050056017971,0.28532177
7133,0.2685231599701986,0.9235267163652453,0.28532177
7133,0.2685231599701986,0.9249474059045274,0.28532177
7133,0.2685231599701986,0.9263665780264803,0.28532177
7133,0.2685231599701986,0.9277837417580694,0.28532177
7133,0.2685231599701986,0.9291984120795732,0.28532177
7133,0.2685231599701986,0.930610110654071,0.28532177
7133,0.2685231599701986,0.9320183665518357,0.28532177
7133,0.2685231599701986,0.9334227169681966,0.28532177
7133,0.2685231599701986,0.9348227079333953,0.28532177
7133,0.2685231599701986,0.9362178950129907,0.28532177
7133,0.2685231599701986,0.9376078439973435,0.28532177
7133,0.2685231599701986,0.9389921315786854,0.28532177
7133,0.2685231599701986,0.9403703460142538,0.28532177
7133,0.2685231599701986,0.9417420877740836,0.28532177
7133,0.2685231599701986,0.9431069701718447,0.28532177
7133,0.2685231599701986,0.9444646199773473,0.28532177
7133,0.2685231599701986,0.9458146780091761,0.28532177
7133,0.2685231599701986,0.9471567997060114,0.28532177
7133,0.2685231599701986,0.9484906556751966,0.28532177
7133,0.2685231599701986,0.9498159322170807,0.28532177
7133,0.2685231599701986,0.9511323318238242,0.28532177
7133,0.2685231599701986,0.9524395736512028,0.28532177
7133,0.2685231599701986,0.9537373939621384,0.28532177
7133,0.2685231599701986,0.9550255465406611,0.28532177
7133,0.2685231599701986,0.9563038030749762,0.28532177
7133,0.2685231599701986,0.9575719535085376,0.28532177
7133,0.2685231599701986,0.9588298063579246,0.28532177
7133,0.2685231599701986,0.9600771889964077,0.28532177
7133,0.2685231599701986,0.9613139479022023,0.28532177
7133,0.2685231599701986,0.9625399488704619,0.28532177
7133,0.2685231599701986,0.9637550771880609,0.28532177
7133,0.2685231599701986,0.9649592377703927,0.28532177
7133,0.2685231599701986,0.9661523552594554,0.28532177
7133,0.2685231599701986,0.9673343740824916,0.28532177
7133,0.2685231599701986,0.968505258470672,0.28532177
7133,0.2685231599701986,0.9696649924373658,0.28532177
7133,0.2685231599701986,0.9708135797155006,0.28532177
7133,0.2685231599701986,0.9719510436538434,0.28532177
7133,0.2685231599701986,0.973077427071913,0.28532177
7133,0.2685231599701986,0.9741927920735068,0.28532177
7133,0.2685231599701986,0.9752972198187306,0.28532177
7133,0.2685231599701986,0.976390810254849,0.28532177
7133,0.2685231599701986,0.9774736818059306,0.28532177
7133,0.2685231599701986,0.9785459710218525,0.28532177
7133,0.2685231599701986,0.9796078321869117,0.28532177
7133,0.2685231599701986,0.9806594368887308,0.28532177
7133,0.2685231599701986,0.9817009735480132,0.28532177
7133,0.2685231599701986,0.9827326469100078,0.28532177
7133,0.2685231599701986,0.9837546774984758,0.28532177
7133,0.2685231599701986,0.9847673010331808,0.28532177
7133,0.2685231599701986,0.9857707678119983,0.28532177
7133,0.2685231599701986,0.9867653420588208,0.28532177
7133,0.2685231599701986,0.9877513012385338,0.28532177
7133,0.2685231599701986,0.98872893534051,0.28532177
7133,0.2685231599701986,0.9896985461320298,0.28532177
7133,0.2685231599701986,0.9906604463833,0.28532177
7133,0.2685231599701986,0.9916149590656574,0.28532177
7133,0.2685231599701986,0.9925624165247596,0.28532177
7133,0.2685231599701986,0.9935031596305426,0.28532177
7133,0.2685231599701986,0.994437536905944,0.28532177
7133,0.2685231599701986,0.995365903636261,0.28532177
7133,0.2685231599701986,0.9962886209612627,0.28532177
7133,0.2685231599701986,0.9972060549520516,0.28532177
7133,0.2685231599701986,0.9981185756749799,0.28532177
7133,0.2685231599701986,0.9990265562446374,0.28532177
7133,0.2685231599701986,0.9999303718682949,0.28532177
7133,0.2685231599701986,1.0008303988838947,0.28532177
7133,0.2685231599701986,1.0017270137941205,0.28532177
7133,0.2685231599701986,1.0026205922985196,0.28532177
7133,0.2685231599701986,1.00351150832633,0.28532177
7133,0.2685231599701986,1.0044001330720496,0.28532177
7133,0.2685231599701986,1.0052868340362742,0.28532177
7133,0.2685231599701986,1.0061719740738775,0.28532177
7133,0.2685231599701986,1.0070559104521366,0.28532177
7133,0.2685231599701986,1.0079389939205954,0.28532177
7133,0.2685231599701986,1.0088215677953054,0.28532177
7133,0.2685231599701986,1.00970396705939,0.28532177
7133,0.2685231599701986,1.010586517482193,0.28532177
7133,0.2685231599701986,1.0114695347588192,0.28532177
7133,0.2685231599701986,1.0123533236724,0.28532177
7133,0.2685231599701986,1.0132381772807015,0.28532177
7133,0.2685231599701986,1.0141243761294563,0.28532177
7133,0.2685231599701986,1.0150121874932245,0.28532177
7133,0.2685231599701986,1.0159018646465352,0.28532177
7133,0.2685231599701986,1.0167936461665052,0.28532177
7133,0.2685231599701986,1.0176877552678354,0.28532177
7133,0.2685231599701986,1.0185843991726096,0.28532177
7133,0.2685231599701986,1.019483768515451,0.28532177
7133,0.2685231599701986,1.020386036785408,0.28532177
7133,0.2685231599701986,1.0212913598057063,0.28532177
7133,0.2685231599701986,1.0221998752521513,0.28532177
7133,0.2685231599701986,1.0231117022113307,0.28532177
7133,0.2685231599701986,1.0240269407786002,0.28532177
7133,0.2685231599701986,1.0249456716972896,0.28532177
7133,0.2685231599701986,1.0258679560390365,0.28532177
7133,0.2685231599701986,1.026793834925653,0.28532177
7133,0.2685231599701986,1.027723329292833,0.28532177
7133,0.2685231599701986,1.0286564396956568,0.28532177
7133,0.2685231599701986,1.0295931461558765,0.28532177
7133,0.2685231599701986,1.0305334080508435,0.28532177
7133,0.2685231599701986,1.031477164043688,0.28532177
7133,0.2685231599701986,1.032424332054396,0.28532177
7133,0.2685231599701986,1.0333748092712547,0.28532177
7133,0.2685231599701986,1.034328472201952,0.28532177
7133,0.2685231599701986,1.0352851767636793,0.28532177
7133,0.2685231599701986,1.0362447584112142,0.28532177
7133,0.2685231599701986,1.0372070323022762,0.28532177
7133,0.2685231599701986,1.0381717934987893,0.28532177
7133,0.2685231599701986,1.0391388172031757,0.28532177
7133,0.2685231599701986,1.0401078590282757,0.28532177
7133,0.2685231599701986,1.0410786552997267,0.28532177
7133,0.2685231599701986,1.0420509233892767,0.28532177
7133,0.2685231599701986,1.0430243620777075,0.28532177
7133,0.2685231599701986,1.0439986519458313,0.28532177
7133,0.2685231599701986,1.044973455792005,0.28532177
7133,0.2685231599701986,1.045948419074528,0.28532177
7133,0.2685231599701986,1.0469231703773922,0.28532177
7133,0.2685231599701986,1.047897321897606,0.28532177
7133,0.2685231599701986,1.0488704699524982,0.28532177
7133,0.2685231599701986,1.049842195505242,0.28532177
7133,0.2685231599701986,1.0508120647069379,0.28532177
7133,0.2685231599701986,1.0517796294535158,0.28532177
7133,0.2685231599701986,1.0527444279557627,0.28532177
7133,0.2685231599701986,1.0537059853207815,0.28532177
7133,0.2685231599701986,1.054663814143264,0.28532177
7133,0.2685231599701986,1.0556174151048572,0.28532177
7133,0.2685231599701986,1.0565662775800715,0.28532177
7133,0.2685231599701986,1.0575098802471834,0.28532177
7133,0.2685231599701986,1.0584476917025198,0.28532177
7133,0.2685231599701986,1.059379171076771,0.28532177
7133,0.2685231599701986,1.060303768651872,0.28532177
7133,0.2685231599701986,1.061220926477041,0.28532177
7133,0.2685231599701986,1.0621300789828352,0.28532177
7133,0.2685231599701986,1.0630306535918554,0.28532177
7133,0.2685231599701986,1.0639220713250674,0.28532177
7133,0.2685231599701986,1.064803747402653,0.28532177
7133,0.2685231599701986,1.0656750918384195,0.28532177
7133,0.2685231599701986,1.0665355100267888,0.28532177
7133,0.2685231599701986,1.0673844033217328,0.28532177
7133,0.2685231599701986,1.0682211696067505,0.28532177
7133,0.2685231599701986,1.0690452038553553,0.28532177
7133,0.2685231599701986,1.0698558986815137,0.28532177
7133,0.2685231599701986,1.0706526448795315,0.28532177
7133,0.2685231599701986,1.0714348319530822,0.28532177
7133,0.2685231599701986,1.0722018486330471,0.28532177
7133,0.2685231599701986,1.0729530833840133,0.28532177
7133,0.2685231599701986,1.07368792489926,0.28532177
7133,0.2685231599701986,1.0744057625842862,0.28532177
7133,0.2685231599701986,1.0751059870288637,0.28532177
7133,0.2685231599701986,1.0757879904677756,0.28532177
7133,0.2685231599701986,1.0764511672304433,0.28532177
7133,0.2685231599701986,1.0770949141797261,0.28532177
7133,0.2685231599701986,1.077718631140179,0.28532177
7133,0.2685231599701986,1.0783217213162783,0.28532177
7133,0.2685231599701986,1.0789035917009313,0.28532177
7133,0.2685231599701986,1.0794636534749105,0.28532177
7133,0.2685231599701986,1.080001322397709,0.28532177
7133,0.2685231599701986,1.080516019190415,0.28532177
7133,0.2685231599701986,1.081007169911231,0.28532177
7133,0.2685231599701986,1.0814742063243743,0.28532177
7133,0.2685231599701986,1.081916566262936,0.28532177
7133,0.2685231599701986,1.0823336939865102,0.28532177
7133,0.2685231599701986,1.082725040534282,0.28532177
7133,0.2685231599701986,1.0830900640742231,0.28532177
7133,0.2685231599701986,1.0834282302492564,0.28532177
7133,0.2685231599701986,1.083739012521027,0.28532177
7133,0.2685231599701986,1.0840218925119918,0.28532177
7133,0.2685231599701986,1.0842763603465346,0.28532177
7133,0.2685231599701986,1.084501914991787,0.28532177
7133,0.2685231599701986,1.084698064598773,0.28532177
7133,0.2685231599701986,1.084864326844474,0.28532177
7133,0.2685231599701986,1.0850002292754297,0.28532177
7133,0.2685231599701986,1.0851053096533063,0.28532177
7133,0.2685231599701986,1.085179116302996,0.28532177
7133,0.2685231599701986,1.0852212084636068,0.28532177
7133,0.2685231599701986,1.0852311566426882,0.28532177
7133,0.2685231599701986,1.0852085429740619,0.28532177
7133,0.2685231599701986,1.0851529615793865,0.28532177
7133,0.2685231599701986,1.0850640189337055,0.28532177
7133,0.2685231599701986,1.0849413342349947,0.28532177
7133,0.2685231599701986,1.0847845397777875,0.28532177
7133,0.2685231599701986,1.0845932813307722,0.28532177
7133,0.2685231599701986,1.0843672185182276,0.28532177
7133,0.2685231599701986,1.0841060252050934,0.28532177
7133,0.2685231599701986,1.0838093898853711,0.28532177
7133,0.2685231599701986,1.0834770160734641,0.28532177
7133,0.2685231599701986,1.0831086226980131,0.28532177
7133,0.2685231599701986,1.0827039444976856,0.28532177
7133,0.2685231599701986,1.0822627324182936,0.28532177
7133,0.2685231599701986,1.0817847540105334,0.28532177
7133,0.2685231599701986,1.081269793827639,0.28532177
7133,0.2685231599701986,1.0807176538219858,0.28532177
7133,0.2685231599701986,1.0801281537398875,0.28532177
7133,0.2685231599701986,1.0795011315134193,0.28532177
7133,0.2685231599701986,1.0788364436484033,0.28532177
7133,0.2685231599701986,1.0781339656072888,0.28532177
7133,0.2685231599701986,1.077393592185869,0.28532177
7133,0.2685231599701986,1.0766152378825726,0.28532177
7133,0.2685231599701986,1.075798837259009,0.28532177
7133,0.2685231599701986,1.0749443452905805,0.28532177
7133,0.2685231599701986,1.0740517377056806,0.28532177
7133,0.2685231599701986,1.0731210113121699,0.28532177
7133,0.2685231599701986,1.0721521843097008,0.28532177
7133,0.2685231599701986,1.071145296586432,0.28532177
7133,0.2685231599701986,1.0701004099987212,0.28532177
7133,0.2685231599701986,1.0690176086323337,0.28532177
7133,0.2685231599701986,1.0678969990436458,0.28532177
7133,0.2685231599701986,1.0667387104794792,0.28532177
7133,0.2685231599701986,1.0655428950740276,0.28532177
7133,0.2685231599701986,1.0643097280214735,0.28532177
7133,0.2685231599701986,1.0630394077229373,0.28532177
7133,0.2685231599701986,1.0617321559062483,0.28532177
7133,0.2685231599701986,1.0603882177173243,0.28532177
7133,0.2685231599701986,1.059007861781732,0.28532177
7133,0.2685231599701986,1.0575913802352772,0.28532177
7133,0.2685231599701986,1.0561390887223365,0.28532177
7133,0.2685231599701986,1.054651326360774,0.28532177
7133,0.2685231599701986,1.053128455672475,0.28532177
7133,0.2685231599701986,1.0515708624783051,0.28532177
7133,0.2685231599701986,1.0499789557567372,0.28532177
7133,0.2685231599701986,1.0483531674651374,0.28532177
7133,0.2685231599701986,1.0466939523230736,0.28532177
7133,0.2685231599701986,1.0450017875568727,0.28532177
7133,0.2685231599701986,1.0432771726048642,0.28532177
7133,0.2685231599701986,1.0415206287828935,0.28532177
7133,0.2685231599701986,1.0397326989095907,0.28532177
7133,0.2685231599701986,1.037913946891303,0.28532177
7133,0.2685231599701986,1.0360649572663154,0.28532177
7133,0.2685231599701986,1.034186334708509,0.28532177
7133,0.2685231599701986,1.0322787034903858,0.28532177
7133,0.2685231599701986,1.0303427069056668,0.28532177
7133,0.2685231599701986,1.0283790066518197,0.28532177
7133,0.2685231599701986,1.0263882821728685,0.28532177
7133,0.2685231599701986,1.0243712299630394,0.28532177
7133,0.2685231599701986,1.0223285628319068,0.28532177
7133,0.2685231599701986,1.0202610091318287,0.28532177
7133,0.2685231599701986,1.0181693119485564,0.28532177
7133,0.2685231599701986,1.0160542282560296,0.28532177
7133,0.2685231599701986,1.013916528036523,0.28532177
7133,0.2685231599701986,1.0117569933673456,0.28532177
7133,0.2685231599701986,1.0095764174755215,0.28532177
7133,0.2685231599701986,1.007375603761902,0.28532177
7133,0.2685231599701986,1.005155364796266,0.28532177
7133,0.2685231599701986,1.0029165212851876,0.28532177
7133,0.2685231599701986,1.0006599010143518,0.28532177
7133,0.2685231599701986,0.9983863377673489,0.28532177
7133,0.2685231599701986,0.9960966702228143,0.28532177
7133,0.2685231599701986,0.9937917408320645,0.28532177
7133,0.2685231599701986,0.9914723946793996,0.28532177
7133,0.2685231599701986,0.9891394783272607,0.28532177
7133,0.2685231599701986,0.9867938386486337,0.28532177
7133,0.2685231599701986,0.9844363216490126,0.28532177
7133,0.2685231599701986,0.9820677712804543,0.28532177
7133,0.2685231599701986,0.9796890282501347,0.28532177
7133,0.2685231599701986,0.9773009288260736,0.28532177
7133,0.2685231599701986,0.9749043036425313,0.28532177
7133,0.2685231599701986,0.9724999765077584,0.28532177
7133,0.2685231599701986,0.9700887632167474,0.28532177
7133,0.2685231599701986,0.9676714703717086,0.28532177
7133,0.2685231599701986,0.9652488942128973,0.28532177
7133,0.2685231599701986,0.9628218194625764,0.28532177
7133,0.2685231599701986,0.9603910181847753,0.28532177
7133,0.2685231599701986,0.9579572486635444,0.28532177
7133,0.2685231599701986,0.9555212543024179,0.28532177
7133,0.2685231599701986,0.9530837625477028,0.28532177
7133,0.2685231599701986,0.9506454838382649,0.28532177
7133,0.2685231599701986,0.9482071105843677,0.28532177
7133,0.2685231599701986,0.9457693161780847,0.28532177
7133,0.2685231599701986,0.9433327540378673,0.28532177
7133,0.2685231599701986,0.9408980566895851,0.28532177
7133,0.2685231599701986,0.9384658348864539,0.28532177
7133,0.2685231599701986,0.9360366767701339,0.28532177
7133,0.2685231599701986,0.9336111470751631,0.28532177
7133,0.2685231599701986,0.9311897863788844,0.28532177
7133,0.2685231599701986,0.9287731103988237,0.28532177
7133,0.2685231599701986,0.9263616093394629,0.28532177
7133,0.2685231599701986,0.923955747290217,0.28532177
7133,0.2685231599701986,0.9215559616762401,0.28532177
7133,0.2685231599701986,0.9191626627637042,0.28532177
7133,0.2685231599701986,0.916776233220906,0.28532177
7133,0.2685231599701986,0.9143970277365797,0.28532177
7133,0.2685231599701986,0.9120253726965429,0.28532177
7133,0.2685231599701986,0.9096615659196552,0.28532177
7133,0.2685231599701986,0.9073058764541301,0.28532177
7133,0.2685231599701986,0.9049585444347058,0.28532177
7133,0.2685231599701986,0.9026197810014874,0.28532177
7133,0.2685231599701986,0.9002897682806907,0.28532177
7133,0.2685231599701986,0.8979686594276864,0.28532177
7133,0.2685231599701986,0.8956565787324002,0.28532177
7133,0.2685231599701986,0.8933536217870333,0.28532177
7133,0.2685231599701986,0.891059855715836,0.28532177
7133,0.2685231599701986,0.8887753194666602,0.28532177
7133,0.2685231599701986,0.8865000241636392,0.28532177
7133,0.2685231599701986,0.8842339535203475,0.28532177
7133,0.2685231599701986,0.8819770643125839,0.28532177
7133,0.2685231599701986,0.879729286909676,0.28532177
7133,0.2685231599701986,0.8774905258632076,0.28532177
7133,0.2685231599701986,0.8752606605517511,0.28532177
7133,0.2685231599701986,0.8730395458801173,0.28532177
7133,0.2685231599701986,0.8708270130314816,0.28532177
7133,0.2685231599701986,0.868622870270577,0.28532177
7133,0.2685231599701986,0.8664269037959454,0.28532177
7133,0.2685231599701986,0.8642388786392403,0.28532177
7133,0.2685231599701986,0.8620585396092955,0.28532177
7133,0.2685231599701986,0.8598856122785989,0.28532177
7133,0.2685231599701986,0.8577198040096967,0.28532177
7133,0.2685231599701986,0.8555608050189207,0.28532177
7133,0.2685231599701986,0.8534082894746962,0.28532177
7133,0.2685231599701986,0.8512619166276569,0.28532177
7133,0.2685231599701986,0.8491213319695571,0.28532177
7133,0.2685231599701986,0.8469861684180425,0.28532177
7133,0.2685231599701986,0.8448560475241417,0.28532177
7133,0.2685231599701986,0.8427305806993046,0.28532177
7133,0.2685231599701986,0.8406093704587188,0.28532177
7133,0.2685231599701986,0.8384920116776794,0.28532177
7133,0.2685231599701986,0.8363780928575688,0.28532177
7133,0.2685231599701986,0.8342671973981112,0.28532177
7133,0.2685231599701986,0.8321589048724691,0.28532177
7133,0.2685231599701986,0.8300527923017255,0.28532177
7133,0.2685231599701986,0.8279484354253196,0.28532177
7133,0.2685231599701986,0.825845409963964,0.28532177
7133,0.2685231599701986,0.8237432928716049,0.28532177
7133,0.2685231599701986,0.8216416635729855,0.28532177
7133,0.2685231599701986,0.8195401051834447,0.28532177
7133,0.2685231599701986,0.8174382057075384,0.28532177
7133,0.2685231599701986,0.8153355592132354,0.28532177
7133,0.2685231599701986,0.8132317669783702,0.28532177
7133,0.2685231599701986,0.8111264386061929,0.28532177
7133,0.2685231599701986,0.8090191931069444,0.28532177
7133,0.2685231599701986,0.8069096599423728,0.28532177
7133,0.2685231599701986,0.804797480030308,0.28532177
7133,0.2685231599701986,0.8026823067064489,0.28532177
7133,0.2685231599701986,0.8005638066406916,0.28532177
7133,0.2685231599701986,0.798441660705394,0.28532177
7133,0.2685231599701986,0.7963155647931186,0.28532177
7133,0.2685231599701986,0.7941852305815598,0.28532177
7133,0.2685231599701986,0.7920503862434994,0.28532177
7133,0.2685231599701986,0.7899107770997332,0.28532177
7133,0.2685231599701986,0.7877661662131699,0.28532177
7133,0.2685231599701986,0.7856163349223761,0.28532177
7133,0.2685231599701986,0.7834610833130798,0.28532177
7133,0.2685231599701986,0.7813002306262833,0.28532177
7133,0.2685231599701986,0.77913361560184,0.28532177
7133,0.2685231599701986,0.7769610967564696,0.28532177
7133,0.2685231599701986,0.774782552595582,0.28532177
7133,0.2685231599701986,0.7725978817581042,0.28532177
7133,0.2685231599701986,0.7704070030941215,0.28532177
7133,0.2685231599701986,0.7682098556750144,0.28532177
7133,0.2685231599701986,0.7660063987361467,0.28532177
7133,0.2685231599701986,0.7637966115522813,0.28532177
7133,0.2685231599701986,0.7615804932461553,0.28532177
7133,0.2685231599701986,0.759358062530782,0.28532177
7133,0.2685231599701986,0.7571293573863104,0.28532177
7133,0.2685231599701986,0.7548944346723796,0.28532177
7133,0.2685231599701986,0.752653369677247,0.28532177
7133,0.2685231599701986,0.7504062556049649,0.28532177
7133,0.2685231599701986,0.7481532030022293,0.28532177
7133,0.2685231599701986,0.7458943391266275,0.28532177
7133,0.2685231599701986,0.743629807258229,0.28532177
7133,0.2685231599701986,0.7413597659565648,0.28532177
7133,0.2685231599701986,0.739084388265305,0.28532177
7133,0.2685231599701986,0.7368038608670217,0.28532177
7133,0.2685231599701986,0.7345183831906535,0.28532177
7133,0.2685231599701986,0.7322281664743203,0.28532177
7133,0.2685231599701986,0.7299334327864303,0.28532177
7133,0.2685231599701986,0.7276344140079788,0.28532177
7133,0.2685231599701986,0.7253313507792183,0.28532177
7133,0.2685231599701986,0.7230244914138789,0.28532177
7133,0.2685231599701986,0.7207140907842384,0.28532177
7133,0.2685231599701986,0.7184004091805244,0.28532177
7133,0.2685231599701986,0.7160837111480521,0.28532177
7133,0.2685231599701986,0.7137642643057277,0.28532177
7133,0.2685231599701986,0.7114423381495062,0.28532177
7133,0.2685231599701986,0.7091182028445004,0.28532177
7133,0.2685231599701986,0.7067921280094299,0.28532177
7133,0.2685231599701986,0.7044643814971587,0.28532177
7133,0.2685231599701986,0.7021352281750997,0.28532177
7133,0.2685231599701986,0.6998049287092132,0.28532177
7133,0.2685231599701986,0.6974737383553561,0.28532177
7133,0.2685231599701986,0.6951419057617565,0.28532177
7133,0.2685231599701986,0.6928096717862935,0.28532177
7133,0.2685231599701986,0.690477268332215,0.28532177
7133,0.2685231599701986,0.6881449172059915,0.28532177
7133,0.2685231599701986,0.6858128290008025,0.28532177
7133,0.2685231599701986,0.6834812020091178,0.28532177
7133,0.2685231599701986,0.6811502211678621,0.28532177
7133,0.2685231599701986,0.6788200570393476,0.28532177
7133,0.2685231599701986,0.6764908648312814,0.28532177
7133,0.2685231599701986,0.6741627834588569,0.28532177
7133,0.2685231599701986,0.6718359346519611,0.28532177
7133,0.2685231599701986,0.6695104221102735,0.28532177
7133,0.2685231599701986,0.6671863307089859,0.28532177
7133,0.2685231599701986,0.6648637257576889,0.28532177
7133,0.2685231599701986,0.6625426523147995,0.28532177
7133,0.2685231599701986,0.6602231345597788,0.28532177
7133,0.2685231599701986,0.6579051752251963,0.28532177
7133,0.2685231599701986,0.6555887550905135,0.28532177
7133,0.2685231599701986,0.6532738325393213,0.28532177
7133,0.2685231599701986,0.6509603431815044,0.28532177
7133,0.2685231599701986,0.6486481995417505,0.28532177
7133,0.2685231599701986,0.6463372908154309,0.28532177
7133,0.2685231599701986,0.6440274826928921,0.28532177
7133,0.2685231599701986,0.6417186172528483,0.28532177
7133,0.2685231599701986,0.6394105129254326,0.28532177
7133,0.2685231599701986,0.6371029645252472,0.28532177
7133,0.2685231599701986,0.6347957433545601,0.28532177
7133,0.2685231599701986,0.6324885973765625,0.28532177
7133,0.2685231599701986,0.6301812514584268,0.28532177
7133,0.2685231599701986,0.6278734076837208,0.28532177
7133,0.2685231599701986,0.625564745733466,0.28532177
7133,0.2685231599701986,0.6232549233349965,0.28532177
7133,0.2685231599701986,0.6209435767775887,0.28532177
7133,0.2685231599701986,0.6186303214935469,0.28532177
7133,0.2685231599701986,0.6163147527033432,0.28532177
7133,0.2685231599701986,0.6139964461232352,0.28532177
7133,0.2685231599701986,0.6116749587334496,0.28532177
7133,0.2685231599701986,0.6093498296050948,0.28532177
7133,0.2685231599701986,0.6070205807835817,0.28532177
7133,0.2685231599701986,0.6046867182262924,0.28532177
7133,0.2685231599701986,0.6023477327920547,0.28532177
7133,0.2685231599701986,0.6000031012798219,0.28532177
7133,0.2685231599701986,0.5976522875138697,0.28532177
7133,0.2685231599701986,0.5952947434726092,0.28532177
7133,0.2685231599701986,0.5929299104580912,0.28532177
7133,0.2685231599701986,0.5905572203031029,0.28532177
7133,0.2685231599701986,0.5881760966126811,0.28532177
7133,0.2685231599701986,0.585785956036774,0.28532177
7133,0.2685231599701986,0.5833862095706905,0.28532177
7133,0.2685231599701986,0.5809762638799312,0.28532177
7133,0.2685231599701986,0.5785555226459089,0.28532177
7133,0.2685231599701986,0.5761233879290067,0.28532177
7133,0.2685231599701986,0.5736792615454352,0.28532177
7133,0.2685231599701986,0.5712225464542443,0.28532177
7133,0.2685231599701986,0.5687526481508977,0.28532177
7133,0.2685231599701986,0.5662689760637487,0.28532177
7133,0.2685231599701986,0.5637709449498043,0.28532177
7133,0.2685231599701986,0.5612579762861659,0.28532177
7133,0.2685231599701986,0.5587294996535117,0.28532177
7133,0.2685231599701986,0.5561849541081033,0.28532177
7133,0.2685231599701986,0.5536237895387518,0.28532177
7133,0.2685231599701986,0.5510454680053208,0.28532177
7133,0.2685231599701986,0.5484494650553079,0.28532177
7133,0.2685231599701986,0.5458352710152296,0.28532177
7133,0.2685231599701986,0.5432023922535015,0.28532177
7133,0.2685231599701986,0.5405503524116853,0.28532177
7133,0.2685231599701986,0.537878693601041,0.28532177
7133,0.2685231599701986,0.535186977561406,0.28532177
7133,0.2685231599701986,0.5324747867795784,0.28532177
7133,0.2685231599701986,0.5297417255644902,0.28532177
7133,0.2685231599701986,0.5269874210765682,0.28532177
7133,0.2685231599701986,0.5242115243088354,0.28532177
7133,0.2685231599701986,0.5214137110174618,0.28532177
7133,0.2685231599701986,0.5185936825995828,0.28532177
7133,0.2685231599701986,0.5157511669163866,0.28532177
7133,0.2685231599701986,0.5128859190596403,0.28532177
7133,0.2685231599701986,0.509997722059943,0.28532177
7133,0.2685231599701986,0.5070863875352193,0.28532177
7133,0.2685231599701986,0.5041517562780833,0.28532177
7133,0.2685231599701986,0.5011936987809149,0.28532177
7133,0.2685231599701986,0.4982121156976507,0.28532177
7133,0.2685231599701986,0.4952069382414571,0.28532177
7133,0.2685231599701986,0.4921781285176556,0.28532177
7133,0.2685231599701986,0.48912567979143284,0.28532177
7133,0.2685231599701986,0.48604961669004243,0.28532177
7133,0.2685231599701986,0.48294999533940813,0.28532177
7133,0.2685231599701986,0.47982690343518075,0.28532177
7133,0.2685231599701986,0.476680460248497,0.28532177
7133,0.2685231599701986,0.4735108165668794,0.28532177
7133,0.2685231599701986,0.4703181545708332,0.28532177
7133,0.2685231599701986,0.4671026876469261,0.28532177
7133,0.2685231599701986,0.463864660138253,0.28532177
7133,0.2685231599701986,0.46060434703338965,0.28532177
7133,0.2685231599701986,0.45732205359503386,0.28532177
7133,0.2685231599701986,0.454018114929768,0.28532177
7133,0.2685231599701986,0.4506928955004332,0.28532177
7133,0.2685231599701986,0.4473467885828239,0.28532177
7133,0.2685231599701986,0.44398021566846546,0.28532177
7133,0.2685231599701986,0.4405936258154477,0.28532177
7133,0.2685231599701986,0.4371874949493416,0.28532177
7133,0.2685231599701986,0.4337623251163599,0.28532177
7133,0.2685231599701986,0.43031864369105227,0.28532177
7133,0.2685231599701986,0.42685700254086073,0.28532177
7133,0.2685231599701986,0.4233779771500506,0.28532177
7133,0.2685231599701986,0.4198821657054845,0.28532177
7133,0.2685231599701986,0.4163701881469014,0.28532177
7133,0.2685231599701986,0.4128426851843558,0.28532177
7133,0.2685231599701986,0.4093003172855321,0.28532177
7133,0.2685231599701986,0.40574376363574,0.28532177
7133,0.2685231599701986,0.40217372107338545,0.28532177
7133,0.2685231599701986,0.39859090300376315,0.28532177
7133,0.2685231599701986,0.3949960382940455,0.28532177
7133,0.2685231599701986,0.39138987015234433,0.28532177
7133,0.2685231599701986,0.3877731549937146,0.28532177
7133,0.2685231599701986,0.3841466612959901,0.28532177
7133,0.2685231599701986,0.38051116844831157,0.28532177
7133,0.2685231599701986,0.37686746559517886,0.28532177
7133,0.2685231599701986,0.3732163504788444,0.28532177
7133,0.2685231599701986,0.3695586282828344,0.28532177
7133,0.2685231599701986,0.3658951104792806,0.28532177
7133,0.2685231599701986,0.3622266136827954,0.28532177
7133,0.2685231599701986,0.3585539585134537,0.28532177
7133,0.2685231599701986,0.35487796847144937,0.28532177
7133,0.2685231599701986,0.35119946882589703,0.28532177
7133,0.2685231599701986,0.3475192855201518,0.28532177
7133,0.2685231599701986,0.3438382440959754,0.28532177
7133,0.2685231599701986,0.3401571686387412,0.28532177
7133,0.2685231599701986,0.33647688074579035,0.28532177
7133,0.2685231599701986,0.3327981985199669,0.28532177
7133,0.2685231599701986,0.32912193559020897,0.28532177
7133,0.2685231599701986,0.3254489001610196,0.28532177
7133,0.2685231599701986,0.32177989409246555,0.28532177
7133,0.2685231599701986,0.31811571201228317,0.28532177
7133,0.2685231599701986,0.3144571404615274,0.28532177
7133,0.2685231599701986,0.3108049570750669,0.28532177
7133,0.2685231599701986,0.3071599297981334,0.28532177
7133,0.2685231599701986,0.30352281613998366,0.28532177
7133,0.2685231599701986,0.2998943624656089,0.28532177
7133,0.2685231599701986,0.29627530332629387,0.28532177
7133,0.2685231599701986,0.29266636082972547,0.28532177
7133,0.2685231599701986,0.28906824405017945,0.28532177
7133,0.2685231599701986,0.28548164847923185,0.28532177
7133,0.2685231599701986,0.28190725551728224,0.28532177
7133,0.2685231599701986,0.27834573200605944,0.28532177
7133,0.2685231599701986,0.27479772980216943,0.28532177
7133,0.2685231599701986,0.27126388539161517,0.28532177
7133,0.2685231599701986,0.26774481954509355,0.28532177
7133,0.2685231599701986,0.26424113701377866,0.28532177
7133,0.2685231599701986,0.2607534262651616,0.28532177
7133,0.2685231599701986,0.2572822592584407,0.28532177
7133,0.2685231599701986,0.25382819125881995,0.28532177
7133,0.2685231599701986,0.25039176069001196,0.28532177
7133,0.2685231599701986,0.24697348902409016,0.28532177
7133,0.2685231599701986,0.24357388070782304,0.28532177
7133,0.2685231599701986,0.24019342312444159,0.28532177
7133,0.2685231599701986,0.2368325865898022,0.28532177
7133,0.2685231599701986,0.23349182438177474,0.28532177
7133,0.2685231599701986,0.23017157280162756,0.28532177
7133,0.2685231599701986,0.22687225126613672,0.28532177
7133,0.2685231599701986,0.22359426242905467,0.28532177
7133,0.2685231599701986,0.22033799233055765,0.28532177
7133,0.2685231599701986,0.2171038105732135,0.28532177
7133,0.2685231599701986,0.21389207052299383,0.28532177
7133,0.2685231599701986,0.21070310953379454,0.28532177
7133,0.2685231599701986,0.20753724919393507,0.28532177
7133,0.2685231599701986,0.20439479559304558,0.28532177
7133,0.2685231599701986,0.2012760396077632,0.28532177
7133,0.2685231599701986,0.19818125720462632,0.28532177
7133,0.2685231599701986,0.19511070975857442,0.28532177
7133,0.2685231599701986,0.19206464438542487,0.28532177
7133,0.2685231599701986,0.1890432942867504,0.28532177
7133,0.2685231599701986,0.18604687910554804,0.28532177
7133,0.2685231599701986,0.18307560529112843,0.28532177
7133,0.2685231599701986,0.18012966647168246,0.28532177
7133,0.2685231599701986,0.17720924383298756,0.28532177
7133,0.2685231599701986,0.1743145065017574,0.28532177
7133,0.2685231599701986,0.1714456119321808,0.28532177
7133,0.2685231599701986,0.16860270629421972,0.28532177
7133,0.2685231599701986,0.16578592486229465,0.28532177
7133,0.2685231599701986,0.1629953924030149,0.28532177
7133,0.2685231599701986,0.1602312235606853,0.28532177
7133,0.2685231599701986,0.15749352323934818,0.28532177
7133,0.2685231599701986,0.1547823869801957,0.28532177
7133,0.2685231599701986,0.15209790133324474,0.28532177
7133,0.2685231599701986,0.1494401442222048,0.28532177
7133,0.2685231599701986,0.1468091853015755,0.28532177
7133,0.2685231599701986,0.144205086305032,0.28532177
7133,0.2685231599701986,0.14162790138425055,0.28532177
7133,0.2685231599701986,0.13907767743738958,0.28532177
7133,0.2685231599701986,0.1365544544264972,0.28532177
7133,0.2685231599701986,0.13405826568321175,0.28532177
7133,0.2685231599701986,0.13158913820215776,0.28532177
7133,0.2685231599701986,0.12914709292154844,0.28532177
7133,0.2685231599701986,0.1267321449905366,0.28532177
7133,0.2685231599701986,0.12434430402296118,0.28532177
7133,0.2685231599701986,0.12198357433717771,0.28532177
7133,0.2685231599701986,0.1196499551817455,0.28532177
7133,0.2685231599701986,0.11734344094680732,0.28532177
7133,0.2685231599701986,0.11506402136105251,0.28532177
7133,0.2685231599701986,0.11281168167424306,0.28532177
7133,0.2685231599701986,0.11058640282531222,0.28532177
7133,0.2685231599701986,0.10838816159613196,0.28532177
7133,0.2685231599701986,0.10621693075109286,0.28532177
7133,0.2685231599701986,0.10407267916268752,0.28532177
7133,0.2685231599701986,0.10195537192336228,0.28532177
7133,0.2685231599701986,0.09986497044393546,0.28532177
7133,0.2685231599701986,0.09780143253892955,0.28532177
7133,0.2685231599701986,0.09576471249922316,0.28532177
7133,0.2685231599701986,0.09375476115245195,0.28532177
7133,0.2685231599701986,0.09177152591164232,0.28532177
7133,0.2685231599701986,0.08981495081259279,0.28532177
7133,0.2685231599701986,0.08788497654054236,0.28532177
7133,0.2685231599701986,0.0859815404467117,0.28532177
7133,0.2685231599701986,0.08410457655530956,0.28532177
7133,0.2685231599701986,0.0822540155616422,0.28532177
7133,0.2685231599701986,0.08042978482196021,0.28532177
7133,0.2685231599701986,0.07863180833571613,0.28532177
7133,0.2685231599701986,0.07686000672090029,0.28532177
7133,0.2685231599701986,0.07511429718314644,0.28532177
7133,0.2685231599701986,0.07339459347930231,0.28532177
7133,0.2685231599701986,0.07170080587615775,0.28532177
7133,0.2685231599701986,0.07003284110503934,0.28532177
7133,0.2685231599701986,0.06839060231296028,0.28532177
7133,0.2685231599701986,0.06677398901102202,0.28532177
7133,0.2685231599701986,0.06518289702075772,0.28532177
7133,0.2685231599701986,0.0636172184190906,0.28532177
7133,0.2685231599701986,0.06207684148256942,0.28532177
7133,0.2685231599701986,0.06056165063153893,0.28532177
7133,0.2685231599701986,0.059071526374864736,0.28532177
7133,0.2685231599701986,0.057606345255840546,0.28532177
7133,0.2685231599701986,0.05616597979986012,0.28532177
7133,0.2685231599701986,0.054750298464425994,0.28532177
7133,0.2685231599701986,0.05335916559204555,0.28532177
7133,0.2685231599701986,0.0519924413665228,0.28532177
7133,0.2685231599701986,0.05064998177314721,0.28532177
7133,0.2685231599701986,0.04933163856323523,0.28532177
7133,0.2685231599701986,0.048037259223462164,0.28532177
7133,0.2685231599701986,0.04676668695038033,0.28532177
7133,0.2685231599701986,0.04551976063049842,0.28532177
7133,0.2685231599701986,0.04429631482625727,0.28532177
7133,0.2685231599701986,0.04309617976820613,0.28532177
7133,0.2685231599701986,0.04191918135365246,0.28532177
7133,0.2685231599701986,0.04076514115202191,0.28532177
7133,0.2685231599701986,0.03963387641713377,0.28532177
7133,0.2685231599701986,0.03852520010656111,0.28532177
7133,0.2685231599701986,0.03743892090821618,0.28532177
7133,0.2685231599701986,0.036374843274262755,0.28532177
7133,0.2685231599701986,0.03533276746242827,0.28532177
7133,0.2685231599701986,0.034312489584756634,0.28532177
7133,0.2685231599701986,0.033313801663809574,0.28532177
7133,0.2685231599701986,0.032336491696294725,0.28532177
7133,0.2685231599701986,0.03138034372406814,0.28532177
7133,0.2685231599701986,0.030445137912431697,0.28532177
7133,0.2685231599701986,0.029530650635616704,0.28532177
7133,0.2685231599701986,0.028636654569318454,0.28532177
7133,0.2685231599701986,0.027762918790121795,0.28532177
7133,0.2685231599701986,0.026909208881632833,0.28532177
7133,0.2685231599701986,0.026075287047109725,0.28532177
7133,0.2685231599701986,0.025260912228362978,0.28532177
7133,0.2685231599701986,0.024465840230676182,0.28532177
7133,0.2685231599701986,0.023689823853479917,0.28532177
7133,0.2685231599701986,0.02293261302649265,0.28532177
7133,0.2685231599701986,0.02219395495102897,0.28532177
7133,0.2685231599701986,0.02147359424615878,0.28532177
7133,0.2685231599701986,0.020771273099390263,0.28532177
7133,0.2685231599701986,0.020086731421537756,0.28532177
7133,0.2685231599701986,0.01941970700542539,0.28532177
7133,0.2685231599701986,0.018769935688068354,0.28532177
7133,0.2685231599701986,0.018137151515970982,0.28532177
7133,0.2685231599701986,0.01752108691316907,0.28532177
7133,0.2685231599701986,0.016921472851646767,0.28532177
7133,0.2685231599701986,0.016338039023750455,0.28532177
7133,0.2685231599701986,0.01577051401622457,0.28532177
7133,0.2685231599701986,0.015218625485494075,0.28532177
7133,0.2685231599701986,0.014682100333817555,0.28532177
7133,0.2685231599701986,0.014160664885941067,0.28532177
7133,0.2685231599701986,0.01365404506588506,0.28532177
7133,0.2685231599701986,0.013161966573501337,0.28532177
7133,0.2685231599701986,0.012684155060445679,0.28532177
7133,0.2685231599701986,0.012220336305217055,0.28532177
7133,0.2685231599701986,0.011770236386922848,0.28532177
7133,0.2685231599701986,0.011333581857440055,0.28532177
7133,0.2685231599701986,0.010910099911650805,0.28532177
7133,0.2685231599701986,0.010499518555442771,0.28532177
7133,0.2685231599701986,0.010101566771176592,0.28532177
7133,0.2685231599701986,0.009715974680332987,0.28532177
7133,0.2685231599701986,0.009342473703067422,0.28532177
7133,0.2685231599701986,0.008980796714411649,0.28532177
7133,0.2685231599701986,0.008630678196876934,0.28532177
7133,0.2685231599701986,0.008291854389225958,0.28532177
7133,0.2685231599701986,0.007964063431197606,0.28532177
7133,0.2685231599701986,0.007647045503980857,0.28532177
7133,0.2685231599701986,0.007340542966250819,0.28532177
7133,0.2685231599701986,0.007044300485595085,0.28532177
7133,0.2685231599701986,0.006758065165172765,0.28532177
7133,0.2685231599701986,0.006481586665465407,0.28532177
7133,0.2685231599701986,0.006214617320992671,0.28532177
7133,0.2685231599701986,0.005956912251881711,0.28532177
7133,0.2685231599701986,0.005708229470195103,0.28532177
7133,0.2685231599701986,0.005468329980935271,0.28532177
7133,0.2685231599701986,0.005236977877659415,0.28532177
7133,0.2685231599701986,0.005013940432653632,0.28532177
7133,0.2685231599701986,0.004798988181627258,0.28532177
7133,0.2685231599701986,0.004591895002905048,0.28532177
7133,0.2685231599701986,0.004392438191105713,0.28532177
7133,0.2685231599701986,0.004200398525309994,0.28532177
7133,0.2685231599701986,0.0040155603317340045,0.28532177
7133,0.2685231599701986,0.0038377115409343214,0.28532177
7133,0.2685231599701986,0.0036666437395853,0.28532177
7133,0.2685231599701986,0.003502152216878394,0.28532177
7133,0.2685231599701986,0.0033440360056050705,0.28532177
7133,0.2685231599701986,0.0031920979179944015,0.28532177
7133,0.2685231599701986,0.0030461445763867536,0.28532177
7133,0.2685231599701986,0.0029059864388333804,0.28532177
7133,0.2685231599701986,0.0027714378197207395,0.28532177
7133,0.2685231599701986,0.002642316905526065,0.28532177
7133,0.2685231599701986,0.00251844576581816,0.28532177
7882,0.6744508074348307,2.1141844797652563,0.38553682
7882,0.6744508074348307,2.12049974117005,0.38553682
7882,0.6744508074348307,2.1264911969288383,0.38553682
7882,0.6744508074348307,2.132156940535096,0.38553682
7882,0.6744508074348307,2.1374952418189803,0.38553682
7882,0.6744508074348307,2.1425045481351845,0.38553682
7882,0.6744508074348307,2.1471834853874188,0.38553682
7882,0.6744508074348307,2.15153085888835,0.38553682
7882,0.6744508074348307,2.1555456540542606,0.38553682
7882,0.6744508074348307,2.1592270369338284,0.38553682
7882,0.6744508074348307,2.1625743545705607,0.38553682
7882,0.6744508074348307,2.165587135198847,0.38553682
7882,0.6744508074348307,2.1682650882735413,0.38553682
7882,0.6744508074348307,2.1706081043334406,0.38553682
7882,0.6744508074348307,2.1726162546990575,0.38553682
7882,0.6744508074348307,2.174289791005488,0.38553682
7882,0.6744508074348307,2.1756291445711184,0.38553682
7882,0.6744508074348307,2.1766349256034556,0.38553682
7882,0.6744508074348307,2.17730792224329,0.38553682
7882,0.6744508074348307,2.177649099448726,0.38553682
7882,0.6744508074348307,2.177659597720899,0.38553682
7882,0.6744508074348307,2.177340731673219,0.38553682
7882,0.6744508074348307,2.1766939884462655,0.38553682
7882,0.6744508074348307,2.175721025970764,0.38553682
7882,0.6744508074348307,2.1744236710809757,0.38553682
7882,0.6744508074348307,2.1728039174813434,0.38553682
7882,0.6744508074348307,2.1708639235692333,0.38553682
7882,0.6744508074348307,2.1686060101166706,0.38553682
7882,0.6744508074348307,2.166032657814521,0.38553682
7882,0.6744508074348307,2.1631465046823126,0.38553682
7882,0.6744508074348307,2.1599503433472638,0.38553682
7882,0.6744508074348307,2.1564471181962337,0.38553682
7882,0.6744508074348307,2.1526399224044184,0.38553682
7882,0.6744508074348307,2.148531994844734,0.38553682
7882,0.6744508074348307,2.144126716882014,0.38553682
7882,0.6744508074348307,2.1394276090561286,0.38553682
7882,0.6744508074348307,2.1344383276585988,0.38553682
7882,0.6744508074348307,2.1291626612069443,0.38553682
7882,0.6744508074348307,2.123604526821301,0.38553682
7882,0.6744508074348307,2.117767966508246,0.38553682
7882,0.6744508074348307,2.1116571433561355,0.38553682
7882,0.6744508074348307,2.105276337647202,0.38553682
7882,0.6744508074348307,2.0986299428909367,0.38553682
7882,0.6744508074348307,2.0917224617840007,0.38553682
7882,0.6744508074348307,2.08455850210148,0.38553682
7882,0.6744508074348307,2.0771427725246463,0.38553682
7882,0.6744508074348307,2.0694800784103067,0.38553682
7882,0.6744508074348307,2.061575317506865,0.38553682
7882,0.6744508074348307,2.0534334756222834,0.38553682
7882,0.6744508074348307,2.0450596222491035,0.38553682
7882,0.6744508074348307,2.0364589061517036,0.38553682
7882,0.6744508074348307,2.027636550921054,0.38553682
7882,0.6744508074348307,2.0185978505020894,0.38553682
7882,0.6744508074348307,2.009348164698894,0.38553682
7882,0.6744508074348307,1.999892914662868,0.38553682
7882,0.6744508074348307,1.9902375783689987,0.38553682
7882,0.6744508074348307,1.9803876860852883,0.38553682
7882,0.6744508074348307,1.9703488158404912,0.38553682
7882,0.6744508074348307,1.960126588894996,0.38553682
7882,0.6744508074348307,1.949726665219979,0.38553682
7882,0.6744508074348307,1.939154738989573,0.38553682
7882,0.6744508074348307,1.928416534090911,0.38553682
7882,0.6744508074348307,1.9175177996567951,0.38553682
7882,0.6744508074348307,1.9064643056256108,0.38553682
7882,0.6744508074348307,1.8952618383330642,0.38553682
7882,0.6744508074348307,1.8839161961402446,0.38553682
7882,0.6744508074348307,1.872433185102308,0.38553682
7882,0.6744508074348307,1.860818614682104,0.38553682
7882,0.6744508074348307,1.849078293512919,0.38553682
7882,0.6744508074348307,1.8372180252143357,0.38553682
7882,0.6744508074348307,1.8252436042651279,0.38553682
7882,0.6744508074348307,1.8131608119370266,0.38553682
7882,0.6744508074348307,1.800975412292992,0.38553682
7882,0.6744508074348307,1.7886931482536248,0.38553682
7882,0.6744508074348307,1.7763197377349322,0.38553682
7882,0.6744508074348307,1.7638608698609508,0.38553682
7882,0.6744508074348307,1.7513222012541683,0.38553682
7882,0.6744508074348307,1.7387093524068375,0.38553682
7882,0.6744508074348307,1.7260279041359925,0.38553682
7882,0.6744508074348307,1.7132833941247974,0.38553682
7882,0.6744508074348307,1.7004813135529078,0.38553682
7882,0.6744508074348307,1.6876271038180695,0.38553682
7882,0.6744508074348307,1.6747261533513291,0.38553682
7882,0.6744508074348307,1.6617837945278309,0.38553682
7882,0.6744508074348307,1.6488053006752519,0.38553682
7882,0.6744508074348307,1.6357958831815,0.38553682
7882,0.6744508074348307,1.622760688703412,0.38553682
7882,0.6744508074348307,1.6097047964778985,0.38553682
7882,0.6744508074348307,1.5966332157367396,0.38553682
7882,0.6744508074348307,1.5835508832263756,0.38553682
7882,0.6744508074348307,1.5704626608334884,0.38553682
7882,0.6744508074348307,1.5573733333173723,0.38553682
7882,0.6744508074348307,1.5442876061497273,0.38553682
7882,0.6744508074348307,1.5312101034624055,0.38553682
7882,0.6744508074348307,1.5181453661035933,0.38553682
7882,0.6744508074348307,1.505097849802576,0.38553682
7882,0.6744508074348307,1.492071923443283,0.38553682
7882,0.6744508074348307,1.479071867446497,0.38553682
7882,0.6744508074348307,1.4661018722606884,0.38553682
7882,0.6744508074348307,1.4531660369609876,0.38553682
7882,0.6744508074348307,1.4402683679560393,0.38553682
7882,0.6744508074348307,1.427412777802049,0.38553682
7882,0.6744508074348307,1.4146030841233177,0.38553682
7882,0.6744508074348307,1.4018430086385794,0.38553682
7882,0.6744508074348307,1.3891361762920325,0.38553682
7882,0.6744508074348307,1.3764861144881213,0.38553682
7882,0.6744508074348307,1.3638962524288452,0.38553682
7882,0.6744508074348307,1.351369920552367,0.38553682
7882,0.6744508074348307,1.3389103500714568,0.38553682
7882,0.6744508074348307,1.326520672610386,0.38553682
7882,0.6744508074348307,1.3142039199386368,0.38553682
7882,0.6744508074348307,1.3019630237997466,0.38553682
7882,0.6744508074348307,1.2898008158335603,0.38553682
7882,0.6744508074348307,1.277720027590069,0.38553682
7882,0.6744508074348307,1.2657232906328342,0.38553682
7882,0.6744508074348307,1.253813136730071,0.38553682
7882,0.6744508074348307,1.2419919981313259,0.38553682
7882,0.6744508074348307,1.230262207927583,0.38553682
7882,0.6744508074348307,1.2186260004926392,0.38553682
7882,0.6744508074348307,1.207085512003463,0.38553682
7882,0.6744508074348307,1.1956427810373111,0.38553682
7882,0.6744508074348307,1.1842997492431424,0.38553682
7882,0.6744508074348307,1.1730582620851022,0.38553682
7882,0.6744508074348307,1.1619200696554877,0.38553682
7882,0.6744508074348307,1.1508868275548065,0.38553682
7882,0.6744508074348307,1.1399600978364963,0.38553682
7882,0.6744508074348307,1.129141350013667,0.38553682
7882,0.6744508074348307,1.1184319621254348,0.38553682
7882,0.6744508074348307,1.107833221860265,0.38553682
7882,0.6744508074348307,1.0973463277337168,0.38553682
7882,0.6744508074348307,1.0869723903180992,0.38553682
7882,0.6744508074348307,1.0767124335213951,0.38553682
7882,0.6744508074348307,1.06656739591289,0.38553682
7882,0.6744508074348307,1.0565381320929697,0.38553682
7882,0.6744508074348307,1.0466254141044817,0.38553682
7882,0.6744508074348307,1.036829932883105,0.38553682
7882,0.6744508074348307,1.0271522997442206,0.38553682
7882,0.6744508074348307,1.0175930479037347,0.38553682
7882,0.6744508074348307,1.0081526340303257,0.38553682
7882,0.6744508074348307,0.9988314398267286,0.38553682
7882,0.6744508074348307,0.9896297736374841,0.38553682
7882,0.6744508074348307,0.980547872080817,0.38553682
7882,0.6744508074348307,0.9715859017022331,0.38553682
7882,0.6744508074348307,0.9627439606474845,0.38553682
7882,0.6744508074348307,0.9540220803525515,0.38553682
7882,0.6744508074348307,0.9454202272484256,0.38553682
7882,0.6744508074348307,0.9369383044784407,0.38553682
7882,0.6744508074348307,0.9285761536259152,0.38553682
7882,0.6744508074348307,0.9203335564500665,0.38553682
7882,0.6744508074348307,0.9122102366279937,0.38553682
7882,0.6744508074348307,0.9042058615007721,0.38553682
7882,0.6744508074348307,0.8963200438216443,0.38553682
7882,0.6744508074348307,0.8885523435043385,0.38553682
7882,0.6744508074348307,0.880902269369684,0.38553682
7882,0.6744508074348307,0.8733692808886899,0.38553682
7882,0.6744508074348307,0.8659527899202664,0.38553682
7882,0.6744508074348307,0.8586521624419592,0.38553682
7882,0.6744508074348307,0.8514667202719904,0.38553682
7882,0.6744508074348307,0.8443957427810339,0.38553682
7882,0.6744508074348307,0.8374384685921896,0.38553682
7882,0.6744508074348307,0.8305940972677008,0.38553682
7882,0.6744508074348307,0.8238617909809955,0.38553682
7882,0.6744508074348307,0.817240676172677,0.38553682
7882,0.6744508074348307,0.8107298451892593,0.38553682
7882,0.6744508074348307,0.8043283579033135,0.38553682
7882,0.6744508074348307,0.7980352433139594,0.38553682
7882,0.6744508074348307,0.7918495011265397,0.38553682
7882,0.6744508074348307,0.785770103310465,0.38553682
7882,0.6744508074348307,0.779795995634241,0.38553682
7882,0.6744508074348307,0.7739260991767629,0.38553682
7882,0.6744508074348307,0.7681593118140082,0.38553682
7882,0.6744508074348307,0.7624945096803453,0.38553682
7882,0.6744508074348307,0.7569305486036834,0.38553682
7882,0.6744508074348307,0.7514662655138205,0.38553682
7882,0.6744508074348307,0.7461004798233345,0.38553682
7882,0.6744508074348307,0.7408319947804493,0.38553682
7882,0.6744508074348307,0.7356595987933459,0.38553682
7882,0.6744508074348307,0.7305820667255183,0.38553682
7882,0.6744508074348307,0.7255981611616314,0.38553682
7882,0.6744508074348307,0.7207066336437061,0.38553682
7882,0.6744508074348307,0.7159062258771367,0.38553682
7882,0.6744508074348307,0.711195670906409,0.38553682
7882,0.6744508074348307,0.7065736942602558,0.38553682
7882,0.6744508074348307,0.7020390150660766,0.38553682
7882,0.6744508074348307,0.6975903471335522,0.38553682
7882,0.6744508074348307,0.6932264000072856,0.38553682
7882,0.6744508074348307,0.6889458799885487,0.38553682
7882,0.6744508074348307,0.6847474911260439,0.38553682
7882,0.6744508074348307,0.6806299361757727,0.38553682
7882,0.6744508074348307,0.6765919175301028,0.38553682
7882,0.6744508074348307,0.6726321381161129,0.38553682
7882,0.6744508074348307,0.6687493022634223,0.38553682
7882,0.6744508074348307,0.6649421165416425,0.38553682
7882,0.6744508074348307,0.6612092905677152,0.38553682
7882,0.6744508074348307,0.6575495377833612,0.38553682
7882,0.6744508074348307,0.6539615762029007,0.38553682
7882,0.6744508074348307,0.6504441291318422,0.38553682
7882,0.6744508074348307,0.6469959258564367,0.38553682
7882,0.6744508074348307,0.6436157023046692,0.38553682
7882,0.6744508074348307,0.6403022016790144,0.38553682
7882,0.6744508074348307,0.6370541750613744,0.38553682
7882,0.6744508074348307,0.6338703819906119,0.38553682
7882,0.6744508074348307,0.630749591013099,0.38553682
7882,0.6744508074348307,0.6276905802068263,0.38553682
7882,0.6744508074348307,0.624692137679419,0.38553682
7882,0.6744508074348307,0.6217530620406369,0.38553682
7882,0.6744508074348307,0.6188721628498546,0.38553682
7882,0.6744508074348307,0.6160482610389669,0.38553682
7882,0.6744508074348307,0.613280189311365,0.38553682
7882,0.6744508074348307,0.6105667925173703,0.38553682
7882,0.6744508074348307,0.6079069280067828,0.38553682
7882,0.6744508074348307,0.6052994659590513,0.38553682
7882,0.6744508074348307,0.6027432896916024,0.38553682
7882,0.6744508074348307,0.6002372959469132,0.38553682
7882,0.6744508074348307,0.5977803951588903,0.38553682
7882,0.6744508074348307,0.5953715116990979,0.38553682
7882,0.6744508074348307,0.5930095841034208,0.38553682
7882,0.6744508074348307,0.5906935652797384,0.38553682
7882,0.6744508074348307,0.5884224226971482,0.38553682
7882,0.6744508074348307,0.5861951385573223,0.38553682
7882,0.6744508074348307,0.5840107099485846,0.38553682
7882,0.6744508074348307,0.5818681489832191,0.38553682
7882,0.6744508074348307,0.579766482918608,0.38553682
7882,0.6744508074348307,0.5777047542627456,0.38553682
7882,0.6744508074348307,0.5756820208646584,0.38553682
7882,0.6744508074348307,0.5736973559903111,0.38553682
7882,0.6744508074348307,0.5717498483844947,0.38553682
7882,0.6744508074348307,0.5698386023192507,0.38553682
7882,0.6744508074348307,0.5679627376293569,0.38553682
7882,0.6744508074348307,0.5661213897353862,0.38553682
7882,0.6744508074348307,0.5643137096548224,0.38553682
7882,0.6744508074348307,0.5625388640017825,0.38553682
7882,0.6744508074348307,0.560796034975763,0.38553682
7882,0.6744508074348307,0.5590844203399837,0.38553682
7882,0.6744508074348307,0.5574032333896923,0.38553682
7882,0.6744508074348307,0.5557517029109759,0.38553682
7882,0.6744508074348307,0.5541290731304881,0.38553682
7882,0.6744508074348307,0.5525346036565214,0.38553682
7882,0.6744508074348307,0.5509675694118991,0.38553682
7882,0.6744508074348307,0.5494272605590328,0.38553682
7882,0.6744508074348307,0.5479129824176414,0.38553682
7882,0.6744508074348307,0.5464240553754209,0.38553682
7882,0.6744508074348307,0.5449598147921374,0.38553682
7882,0.6744508074348307,0.5435196108974798,0.38553682
7882,0.6744508074348307,0.5421028086829992,0.38553682
7882,0.6744508074348307,0.5407087877885651,0.38553682
7882,0.6744508074348307,0.5393369423835722,0.38553682
7882,0.6744508074348307,0.5379866810433266,0.38553682
7882,0.6744508074348307,0.5366574266208366,0.38553682
7882,0.6744508074348307,0.5353486161143733,0.38553682
7882,0.6744508074348307,0.5340597005310672,0.38553682
7882,0.6744508074348307,0.5327901447468023,0.38553682
7882,0.6744508074348307,0.531539427362722,0.38553682
7882,0.6744508074348307,0.5303070405585772,0.38553682
7882,0.6744508074348307,0.529092489943138,0.38553682
7882,0.6744508074348307,0.5278952944019794,0.38553682
7882,0.6744508074348307,0.5267149859427911,0.38553682
7882,0.6744508074348307,0.5255511095384753,0.38553682
7882,0.6744508074348307,0.5244032229682078,0.38553682
7882,0.6744508074348307,0.5232708966566987,0.38553682
7882,0.6744508074348307,0.5221537135117948,0.38553682
7882,0.6744508074348307,0.5210512687606306,0.38553682
7882,0.6744508074348307,0.5199631697844862,0.38553682
7882,0.6744508074348307,0.5188890359525206,0.38553682
7882,0.6744508074348307,0.5178284984545101,0.38553682
7882,0.6744508074348307,0.5167812001327644,0.38553682
7882,0.6744508074348307,0.5157467953133338,0.38553682
7882,0.6744508074348307,0.5147249496366446,0.38553682
7882,0.6744508074348307,0.5137153398876545,0.38553682
7882,0.6744508074348307,0.5127176538257224,0.38553682
7882,0.6744508074348307,0.5117315900141469,0.38553682
7882,0.6744508074348307,0.5107568576496765,0.38553682
7882,0.6744508074348307,0.5097931763918703,0.38553682
7882,0.6744508074348307,0.5088402761925549,0.38553682
7882,0.6744508074348307,0.5078978971253779,0.38553682
7882,0.6744508074348307,0.5069657892155554,0.38553682
7882,0.6744508074348307,0.5060437122698884,0.38553682
7882,0.6744508074348307,0.5051314357070861,0.38553682
7882,0.6744508074348307,0.5042287383884834,0.38553682
7882,0.6744508074348307,0.5033354084491978,0.38553682
7882,0.6744508074348307,0.5024512431297538,0.38553682
7882,0.6744508074348307,0.5015760486082742,0.38553682
7882,0.6744508074348307,0.5007096398332141,0.38553682
7882,0.6744508074348307,0.499851840356718,0.38553682
7882,0.6744508074348307,0.49900248216863224,0.38553682
7882,0.6744508074348307,0.49816140553119415,0.38553682
7882,0.6744508074348307,0.4973284588144153,0.38553682
7882,0.6744508074348307,0.4965034983322317,0.38553682
7882,0.6744508074348307,0.49568638817936905,0.38553682
7882,0.6744508074348307,0.49487700006902674,0.38553682
7882,0.6744508074348307,0.4940752131713374,0.38553682
7882,0.6744508074348307,0.49328091395265833,0.38553682
7882,0.6744508074348307,0.4924939960156788,0.38553682
7882,0.6744508074348307,0.4917143599403801,0.38553682
7882,0.6744508074348307,0.49094191312586216,0.38553682
7882,0.6744508074348307,0.4901765696330192,0.38553682
7882,0.6744508074348307,0.48941825002812445,0.38553682
7882,0.6744508074348307,0.48866688122726737,0.38553682
7882,0.6744508074348307,0.48792239634172135,0.38553682
7882,0.6744508074348307,0.48718473452419175,0.38553682
7882,0.6744508074348307,0.48645384081599724,0.38553682
7882,0.6744508074348307,0.4857296659951469,0.38553682
7882,0.6744508074348307,0.4850121664253551,0.38553682
7882,0.6744508074348307,0.48430130390599013,0.38553682
7882,0.6744508074348307,0.4835970455229525,0.38553682
7882,0.6744508074348307,0.4828993635004943,0.38553682
7882,0.6744508074348307,0.4822082350539836,0.38553682
7882,0.6744508074348307,0.4815236422436512,0.38553682
7882,0.6744508074348307,0.48084557182923654,0.38553682
7882,0.6744508074348307,0.48017401512567026,0.38553682
7882,0.6744508074348307,0.4795089678596798,0.38553682
7882,0.6744508074348307,0.47885043002739,0.38553682
7882,0.6744508074348307,0.4781984057529022,0.38553682
7882,0.6744508074348307,0.4775529031478839,0.38553682
7882,0.6744508074348307,0.4769139341721424,0.38553682
7882,0.6744508074348307,0.4762815144951963,0.38553682
7882,0.6744508074348307,0.475655663358896,0.38553682
7882,0.6744508074348307,0.47503640344105746,0.38553682
7882,0.6744508074348307,0.4744237607201007,0.38553682
7882,0.6744508074348307,0.47381776434078166,0.38553682
7882,0.6744508074348307,0.47321844648094685,0.38553682
7882,0.6744508074348307,0.47262584221936704,0.38553682
7882,0.6744508074348307,0.4720399894046429,0.38553682
7882,0.6744508074348307,0.4714609285251984,0.38553682
7882,0.6744508074348307,0.47088870258038457,0.38553682
7882,0.6744508074348307,0.47032335695268274,0.38553682
7882,0.6744508074348307,0.46976493928105123,0.38553682
7882,0.6744508074348307,0.4692134993353742,0.38553682
7882,0.6744508074348307,0.4686690888921293,0.38553682
7882,0.6744508074348307,0.4681317616111367,0.38553682
7882,0.6744508074348307,0.46760157291357146,0.38553682
7882,0.6744508074348307,0.46707857986110496,0.38553682
7882,0.6744508074348307,0.46656284103629436,0.38553682
7882,0.6744508074348307,0.4660544164241849,0.38553682
7882,0.6744508074348307,0.46555336729514013,0.38553682
7882,0.6744508074348307,0.4650597560889449,0.38553682
7882,0.6744508074348307,0.4645736463001672,0.38553682
7882,0.6744508074348307,0.4640951023647961,0.38553682
7882,0.6744508074348307,0.46362418954820145,0.38553682
7882,0.6744508074348307,0.4631609738343755,0.38553682
7882,0.6744508074348307,0.4627055218165411,0.38553682
7882,0.6744508074348307,0.4622579005890715,0.38553682
7882,0.6744508074348307,0.46181817764079347,0.38553682
7882,0.6744508074348307,0.4613864207496556,0.38553682
7882,0.6744508074348307,0.46096269787877925,0.38553682
7882,0.6744508074348307,0.4605470770739172,0.38553682
7882,0.6744508074348307,0.46013962636235883,0.38553682
7882,0.6744508074348307,0.4597404136532148,0.38553682
7882,0.6744508074348307,0.45934950663918284,0.38553682
7882,0.6744508074348307,0.4589669726997745,0.38553682
7882,0.6744508074348307,0.45859287880600136,0.38553682
7882,0.6744508074348307,0.458227291426553,0.38553682
7882,0.6744508074348307,0.4578702764354824,0.38553682
7882,0.6744508074348307,0.4575218990213762,0.38553682
7882,0.6744508074348307,0.4571822235980925,0.38553682
7882,0.6744508074348307,0.45685131371698134,0.38553682
7882,0.6744508074348307,0.45652923198069784,0.38553682
7882,0.6744508074348307,0.45621603995854776,0.38553682
7882,0.6744508074348307,0.4559117981034036,0.38553682
7882,0.6744508074348307,0.4556165656701965,0.38553682
7882,0.6744508074348307,0.4553304006360153,0.38553682
7882,0.6744508074348307,0.45505335962177645,0.38553682
7882,0.6744508074348307,0.4547854978155161,0.38553682
7882,0.6744508074348307,0.4545268688972911,0.38553682
7882,0.6744508074348307,0.45427752496571705,0.38553682
7882,0.6744508074348307,0.45403751646610996,0.38553682
7882,0.6744508074348307,0.4538068921203,0.38553682
7882,0.6744508074348307,0.4535856988580709,0.38553682
7882,0.6744508074348307,0.4533739817502497,0.38553682
7882,0.6744508074348307,0.4531717839434871,0.38553682
7882,0.6744508074348307,0.45297914659666333,0.38553682
7882,0.6744508074348307,0.45279610881900034,0.38553682
7882,0.6744508074348307,0.45262270760984613,0.38553682
7882,0.6744508074348307,0.45245897780012645,0.38553682
7882,0.6744508074348307,0.45230495199551723,0.38553682
7882,0.6744508074348307,0.45216066052129716,0.38553682
7882,0.6744508074348307,0.4520261313688957,0.38553682
7882,0.6744508074348307,0.4519013901441713,0.38553682
7882,0.6744508074348307,0.45178646001739153,0.38553682
7882,0.6744508074348307,0.45168136167491374,0.38553682
7882,0.6744508074348307,0.45158611327262765,0.38553682
7882,0.6744508074348307,0.4515007303910957,0.38553682
7882,0.6744508074348307,0.45142522599243884,0.38553682
7882,0.6744508074348307,0.45135961037897454,0.38553682
7882,0.6744508074348307,0.4513038911535641,0.38553682
7882,0.6744508074348307,0.4512580731817535,0.38553682
7882,0.6744508074348307,0.4512221585556399,0.38553682
7882,0.6744508074348307,0.45119614655951207,0.38553682
7882,0.6744508074348307,0.451180033637269,0.38553682
7882,0.6744508074348307,0.45117381336158247,0.38553682
7882,0.6744508074348307,0.4511774764048681,0.38553682
7882,0.6744508074348307,0.45119101051203025,0.38553682
7882,0.6744508074348307,0.45121440047500144,0.38553682
7882,0.6744508074348307,0.4512476281090907,0.38553682
7882,0.6744508074348307,0.451290672231115,0.38553682
7882,0.6744508074348307,0.45134350863937567,0.38553682
7882,0.6744508074348307,0.4514061100954357,0.38553682
7882,0.6744508074348307,0.4514784463077433,0.38553682
7882,0.6744508074348307,0.4515604839170654,0.38553682
7882,0.6744508074348307,0.45165218648380495,0.38553682
7882,0.6744508074348307,0.45175351447715345,0.38553682
7882,0.6744508074348307,0.45186442526609133,0.38553682
7882,0.6744508074348307,0.4519848731123067,0.38553682
7882,0.6744508074348307,0.45211480916494495,0.38553682
7882,0.6744508074348307,0.45225418145728535,0.38553682
7882,0.6744508074348307,0.45240293490530314,0.38553682
7882,0.6744508074348307,0.4525610113081552,0.38553682
7882,0.6744508074348307,0.4527283493505657,0.38553682
7882,0.6744508074348307,0.4529048846071598,0.38553682
7882,0.6744508074348307,0.4530905495487436,0.38553682
7882,0.6744508074348307,0.45328527355051695,0.38553682
7882,0.6744508074348307,0.4534889829022474,0.38553682
7882,0.6744508074348307,0.45370160082043964,0.38553682
7882,0.6744508074348307,0.45392304746245804,0.38553682
7882,0.6744508074348307,0.4541532399426519,0.38553682
7882,0.6744508074348307,0.4543920923504857,0.38553682
7882,0.6744508074348307,0.454639515770659,0.38553682
7882,0.6744508074348307,0.4548954183052685,0.38553682
7882,0.6744508074348307,0.45515970509797304,0.38553682
7882,0.6744508074348307,0.4554322783602222,0.38553682
7882,0.6744508074348307,0.45571303739948976,0.38553682
7882,0.6744508074348307,0.4560018786495874,0.38553682
7882,0.6744508074348307,0.45629869570301645,0.38553682
7882,0.6744508074348307,0.4566033793453911,0.38553682
7882,0.6744508074348307,0.45691581759191,0.38553682
7882,0.6744508074348307,0.4572358957259308,0.38553682
7882,0.6744508074348307,0.4575634963395685,0.38553682
7882,0.6744508074348307,0.45789849937642463,0.38553682
7882,0.6744508074348307,0.45824078217634223,0.38553682
7882,0.6744508074348307,0.4585902195222639,0.38553682
7882,0.6744508074348307,0.4589466836891763,0.38553682
7882,0.6744508074348307,0.4593100444950793,0.38553682
7882,0.6744508074348307,0.4596801693540711,0.38553682
7882,0.6744508074348307,0.4600569233314789,0.38553682
7882,0.6744508074348307,0.4604401692010275,0.38553682
7882,0.6744508074348307,0.4608297675040777,0.38553682
7882,0.6744508074348307,0.461225576610895,0.38553682
7882,0.6744508074348307,0.4616274527839274,0.38553682
7882,0.6744508074348307,0.46203525024311043,0.38553682
7882,0.6744508074348307,0.4624488212331639,0.38553682
7882,0.6744508074348307,0.4628680160928391,0.38553682
7882,0.6744508074348307,0.46329268332616047,0.38553682
7882,0.6744508074348307,0.46372266967557746,0.38553682
7882,0.6744508074348307,0.46415782019701884,0.38553682
7882,0.6744508074348307,0.4645979783368552,0.38553682
7882,0.6744508074348307,0.46504298601068234,0.38553682
7882,0.6744508074348307,0.4654926836839551,0.38553682
7882,0.6744508074348307,0.4659469104543981,0.38553682
7882,0.6744508074348307,0.46640550413615145,0.38553682
7882,0.6744508074348307,0.4668683013456707,0.38553682
7882,0.6744508074348307,0.4673351375892584,0.38553682
7882,0.6744508074348307,0.4678058473522493,0.38553682
7882,0.6744508074348307,0.46828026418976015,0.38553682
7882,0.6744508074348307,0.4687582208189881,0.38553682
7882,0.6744508074348307,0.46923954921297356,0.38553682
7882,0.6744508074348307,0.4697240806958154,0.38553682
7882,0.6744508074348307,0.47021164603921634,0.38553682
7882,0.6744508074348307,0.47070207556038673,0.38553682
7882,0.6744508074348307,0.47119519922114267,0.38553682
7882,0.6744508074348307,0.4716908467282317,0.38553682
7882,0.6744508074348307,0.47218884763474667,0.38553682
7882,0.6744508074348307,0.47268903144259944,0.38553682
7882,0.6744508074348307,0.47319122770593897,0.38553682
7882,0.6744508074348307,0.47369526613549495,0.38553682
7882,0.6744508074348307,0.47420097670372724,0.38553682
7882,0.6744508074348307,0.4747081897506999,0.38553682
7882,0.6744508074348307,0.4752167360906239,0.38553682
7882,0.6744508074348307,0.4757264471189555,0.38553682
7882,0.6744508074348307,0.476237154919983,0.38553682
7882,0.6744508074348307,0.47674869237479717,0.38553682
7882,0.6744508074348307,0.47726089326955334,0.38553682
7882,0.6744508074348307,0.4777735924039523,0.38553682
7882,0.6744508074348307,0.478286625699811,0.38553682
7882,0.6744508074348307,0.47879983030963724,0.38553682
7882,0.6744508074348307,0.4793130447251339,0.38553682
7882,0.6744508074348307,0.4798261088854905,0.38553682
7882,0.6744508074348307,0.4803388642853641,0.38553682
7882,0.6744508074348307,0.4808511540825031,0.38553682
7882,0.6744508074348307,0.4813628232047917,0.38553682
7882,0.6744508074348307,0.481873718456745,0.38553682
7882,0.6744508074348307,0.4823836886252402,0.38553682
7882,0.6744508074348307,0.48289258458440354,0.38553682
7882,0.6744508074348307,0.48340025939959347,0.38553682
7882,0.6744508074348307,0.48390656843027025,0.38553682
7882,0.6744508074348307,0.48441136943174357,0.38553682
7882,0.6744508074348307,0.4849145226556202,0.38553682
7882,0.6744508074348307,0.4854158909488441,0.38553682
7882,0.6744508074348307,0.4859153398512558,0.38553682
7882,0.6744508074348307,0.4864127376915219,0.38553682
7882,0.6744508074348307,0.4869079556813365,0.38553682
7882,0.6744508074348307,0.48740086800777754,0.38553682
7882,0.6744508074348307,0.4878913519237199,0.38553682
7882,0.6744508074348307,0.4883792878361818,0.38553682
7882,0.6744508074348307,0.48886455939250295,0.38553682
7882,0.6744508074348307,0.48934705356425445,0.38553682
7882,0.6744508074348307,0.4898266607287458,0.38553682
7882,0.6744508074348307,0.49030327474806273,0.38553682
7882,0.6744508074348307,0.4907767930455122,0.38553682
7882,0.6744508074348307,0.4912471166793676,0.38553682
7882,0.6744508074348307,0.49171415041382815,0.38553682
7882,0.6744508074348307,0.49217780278709505,0.38553682
7882,0.6744508074348307,0.4926379861764709,0.38553682
7882,0.6744508074348307,0.49309461686037503,0.38553682
7882,0.6744508074348307,0.4935476150772172,0.38553682
7882,0.6744508074348307,0.49399690508100985,0.38553682
7882,0.6744508074348307,0.49444241519366133,0.38553682
7882,0.6744508074348307,0.4948840778538631,0.38553682
7882,0.6744508074348307,0.49532182966250315,0.38553682
7882,0.6744508074348307,0.495755611424506,0.38553682
7882,0.6744508074348307,0.49618536818707065,0.38553682
7882,0.6744508074348307,0.49661104927421895,0.38553682
7882,0.6744508074348307,0.49703260831759266,0.38553682
7882,0.6744508074348307,0.4974500032834646,0.38553682
7882,0.6744508074348307,0.49786319649588706,0.38553682
7882,0.6744508074348307,0.49827215465594,0.38553682
7882,0.6744508074348307,0.4986768488570514,0.38553682
7882,0.6744508074348307,0.4990772545963321,0.38553682
7882,0.6744508074348307,0.4994733517819044,0.38553682
7882,0.6744508074348307,0.49986512473619005,0.38553682
7882,0.6744508074348307,0.5002525621951437,0.38553682
7882,0.6744508074348307,0.5006356573033998,0.38553682
7882,0.6744508074348307,0.5010144076053472,0.38553682
7882,0.6744508074348307,0.5013888150320898,0.38553682
7882,0.6744508074348307,0.5017588858843125,0.38553682
7882,0.6744508074348307,0.5021246308110752,0.38553682
7882,0.6744508074348307,0.5024860647844818,0.38553682
7882,0.6744508074348307,0.50284320707032,0.38553682
7882,0.6744508074348307,0.5031960811946182,0.38553682
7882,0.6744508074348307,0.503544714906197,0.38553682
7882,0.6744508074348307,0.503889140135218,0.38553682
7882,0.6744508074348307,0.5042293929477841,0.38553682
7882,0.6744508074348307,0.5045655134965975,0.38553682
7882,0.6744508074348307,0.5048975459677928,0.38553682
7882,0.6744508074348307,0.5052255385239105,0.38553682
7882,0.6744508074348307,0.5055495432431327,0.38553682
7882,0.6744508074348307,0.5058696160548338,0.38553682
7882,0.6744508074348307,0.5061858166714591,0.38553682
7882,0.6744508074348307,0.506498208516925,0.38553682
7882,0.6744508074348307,0.506806858651452,0.38553682
7882,0.6744508074348307,0.5071118376930973,0.38553682
7882,0.6744508074348307,0.5074132197358975,0.38553682
7882,0.6744508074348307,0.5077110822648824,0.38553682
7882,0.6744508074348307,0.508005506067913,0.38553682
7882,0.6744508074348307,0.508296575144525,0.38553682
7882,0.6744508074348307,0.508584376611865,0.38553682
7882,0.6744508074348307,0.5088690006078894,0.38553682
7882,0.6744508074348307,0.5091505401917759,0.38553682
7882,0.6744508074348307,0.5094290912418546,0.38553682
7882,0.6744508074348307,0.5097047523510632,0.38553682
7882,0.6744508074348307,0.5099776247201245,0.38553682
7882,0.6744508074348307,0.5102478120485294,0.38553682
7882,0.6744508074348307,0.5105154204233351,0.38553682
7882,0.6744508074348307,0.5107805582063504,0.38553682
7882,0.6744508074348307,0.5110433359191672,0.38553682
7882,0.6744508074348307,0.5113038661269177,0.38553682
7882,0.6744508074348307,0.5115622633201555,0.38553682
7882,0.6744508074348307,0.5118186437957886,0.38553682
7882,0.6744508074348307,0.5120731255364405,0.38553682
7882,0.6744508074348307,0.5123258280889752,0.38553682
7882,0.6744508074348307,0.5125768724421234,0.38553682
7882,0.6744508074348307,0.5128263809031574,0.38553682
7882,0.6744508074348307,0.5130744769741656,0.38553682
7882,0.6744508074348307,0.5133212852277855,0.38553682
7882,0.6744508074348307,0.5135669311825981,0.38553682
7882,0.6744508074348307,0.5138115411785754,0.38553682
7882,0.6744508074348307,0.514055242252206,0.38553682
7882,0.6744508074348307,0.5142981620120683,0.38553682
7882,0.6744508074348307,0.5145404285145734,0.38553682
7882,0.6744508074348307,0.5147821701402786,0.38553682
7882,0.6744508074348307,0.5150235154706698,0.38553682
7882,0.6744508074348307,0.5152645931658504,0.38553682
7882,0.6744508074348307,0.5155055318430792,0.38553682
7882,0.6744508074348307,0.5157464599563764,0.38553682
7882,0.6744508074348307,0.5159875056773361,0.38553682
7882,0.6744508074348307,0.5162287967773718,0.38553682
7882,0.6744508074348307,0.5164704605112798,0.38553682
7882,0.6744508074348307,0.5167126235025935,0.38553682
7882,0.6744508074348307,0.5169554116306221,0.38553682
7882,0.6744508074348307,0.5171989499194367,0.38553682
7882,0.6744508074348307,0.5174433624288325,0.38553682
7882,0.6744508074348307,0.5176887721474931,0.38553682
7882,0.6744508074348307,0.5179353008883988,0.38553682
7882,0.6744508074348307,0.5181830691866496,0.38553682
7882,0.6744508074348307,0.5184321961997962,0.38553682
7882,0.6744508074348307,0.5186827996107874,0.38553682
7882,0.6744508074348307,0.5189349955336579,0.38553682
7882,0.6744508074348307,0.519188898422051,0.38553682
7882,0.6744508074348307,0.5194446209806456,0.38553682
7882,0.6744508074348307,0.5197022740796675,0.38553682
7882,0.6744508074348307,0.51996196667244,0.38553682
7882,0.6744508074348307,0.5202238057162013,0.38553682
7882,0.6744508074348307,0.5204878960961579,0.38553682
7882,0.6744508074348307,0.5207543405529185,0.38553682
7882,0.6744508074348307,0.5210232396133215,0.38553682
7882,0.6744508074348307,0.5212946915247813,0.38553682
7882,0.6744508074348307,0.5215687921931659,0.38553682
7882,0.6744508074348307,0.5218456351242657,0.38553682
7882,0.6744508074348307,0.5221253113689336,0.38553682
7882,0.6744508074348307,0.5224079094718989,0.38553682
7882,0.6744508074348307,0.5226935154243129,0.38553682
7882,0.6744508074348307,0.5229822126200702,0.38553682
7882,0.6744508074348307,0.5232740818159043,0.38553682
7882,0.6744508074348307,0.5235692010953048,0.38553682
7882,0.6744508074348307,0.5238676458362536,0.38553682
7882,0.6744508074348307,0.5241694886828029,0.38553682
7882,0.6744508074348307,0.5244747995205007,0.38553682
7882,0.6744508074348307,0.5247836454556701,0.38553682
7882,0.6744508074348307,0.5250960907984948,0.38553682
7882,0.6744508074348307,0.5254121970499797,0.38553682
7882,0.6744508074348307,0.5257320228926945,0.38553682
7882,0.6744508074348307,0.5260556241853247,0.38553682
7882,0.6744508074348307,0.5263830539609926,0.38553682
7882,0.6744508074348307,0.5267143624293257,0.38553682
7882,0.6744508074348307,0.5270495969822233,0.38553682
7882,0.6744508074348307,0.5273888022032919,0.38553682
7882,0.6744508074348307,0.5277320198809173,0.38553682
7882,0.6744508074348307,0.528079289024892,0.38553682
7882,0.6744508074348307,0.528430645886611,0.38553682
7882,0.6744508074348307,0.5287861239826889,0.38553682
7882,0.6744508074348307,0.5291457541220197,0.38553682
7882,0.6744508074348307,0.5295095644361824,0.38553682
7882,0.6744508074348307,0.5298775804131158,0.38553682
7882,0.6744508074348307,0.5302498249340155,0.38553682
7882,0.6744508074348307,0.5306263183133784,0.38553682
7882,0.6744508074348307,0.5310070783420738,0.38553682
7882,0.6744508074348307,0.5313921203334465,0.38553682
7882,0.6744508074348307,0.5317814571722819,0.38553682
7882,0.6744508074348307,0.5321750993666087,0.38553682
7882,0.6744508074348307,0.5325730551022213,0.38553682
7882,0.6744508074348307,0.5329753302998558,0.38553682
7882,0.6744508074348307,0.5333819286748999,0.38553682
7882,0.6744508074348307,0.5337928517995874,0.38553682
7882,0.6744508074348307,0.5342080991675247,0.38553682
7882,0.6744508074348307,0.5346276682605163,0.38553682
7882,0.6744508074348307,0.5350515546175441,0.38553682
7882,0.6744508074348307,0.535479751905833,0.38553682
7882,0.6744508074348307,0.5359122519938905,0.38553682
7882,0.6744508074348307,0.5363490450264329,0.38553682
7882,0.6744508074348307,0.536790119501068,0.38553682
7882,0.6744508074348307,0.5372354623466997,0.38553682
7882,0.6744508074348307,0.5376850590034647,0.38553682
7882,0.6744508074348307,0.5381388935042005,0.38553682
7882,0.6744508074348307,0.538596948557251,0.38553682
7882,0.6744508074348307,0.5390592056306002,0.38553682
7882,0.6744508074348307,0.5395256450371511,0.38553682
7882,0.6744508074348307,0.5399962460211364,0.38553682
7882,0.6744508074348307,0.5404709868454891,0.38553682
7882,0.6744508074348307,0.5409498448801342,0.38553682
7882,0.6744508074348307,0.5414327966910821,0.38553682
7882,0.6744508074348307,0.5419198181302154,0.38553682
7882,0.6744508074348307,0.5424108844257478,0.38553682
7882,0.6744508074348307,0.5429059702731576,0.38553682
7882,0.6744508074348307,0.5434050499266091,0.38553682
7882,0.6744508074348307,0.5439080972907233,0.38553682
7882,0.6744508074348307,0.5444150860126246,0.38553682
7882,0.6744508074348307,0.5449259895741823,0.38553682
7882,0.6744508074348307,0.5454407813843856,0.38553682
7882,0.6744508074348307,0.5459594348717257,0.38553682
7882,0.6744508074348307,0.5464819235765945,0.38553682
7882,0.6744508074348307,0.5470082212435157,0.38553682
7882,0.6744508074348307,0.547538301913251,0.38553682
7882,0.6744508074348307,0.5480721400146393,0.38553682
7882,0.6744508074348307,0.5486097104561221,0.38553682
7882,0.6744508074348307,0.549150988716914,0.38553682
7882,0.6744508074348307,0.5496959509377217,0.38553682
7882,0.6744508074348307,0.550244574011007,0.38553682
7882,0.6744508074348307,0.5507968356706583,0.38553682
7882,0.6744508074348307,0.551352714581109,0.38553682
7882,0.6744508074348307,0.551912190425786,0.38553682
7882,0.6744508074348307,0.5524752439948817,0.38553682
7882,0.6744508074348307,0.5530418572723684,0.38553682
7882,0.6744508074348307,0.5536120135222511,0.38553682
7882,0.6744508074348307,0.5541856973739819,0.38553682
7882,0.6744508074348307,0.5547628949070419,0.38553682
7882,0.6744508074348307,0.5553435937345985,0.38553682
7882,0.6744508074348307,0.5559277830862607,0.38553682
7882,0.6744508074348307,0.556515453889864,0.38553682
7882,0.6744508074348307,0.557106598852277,0.38553682
7882,0.6744508074348307,0.5577012125391823,0.38553682
7882,0.6744508074348307,0.5582992914538266,0.38553682
7882,0.6744508074348307,0.5589008341147154,0.38553682
7882,0.6744508074348307,0.5595058411321947,0.38553682
7882,0.6744508074348307,0.5601143152839725,0.38553682
7882,0.6744508074348307,0.560726261589475,0.38553682
7882,0.6744508074348307,0.5613416873830772,0.38553682
7882,0.6744508074348307,0.5619606023861815,0.38553682
7882,0.6744508074348307,0.5625830187781217,0.38553682
7882,0.6744508074348307,0.5632089512658567,0.38553682
7882,0.6744508074348307,0.5638384171525107,0.38553682
7882,0.6744508074348307,0.5644714364046374,0.38553682
7882,0.6744508074348307,0.565108031718316,0.38553682
7882,0.6744508074348307,0.5657482285839536,0.38553682
7882,0.6744508074348307,0.5663920553498908,0.38553682
7882,0.6744508074348307,0.5670395432846901,0.38553682
7882,0.6744508074348307,0.5676907266381923,0.38553682
7882,0.6744508074348307,0.5683456427012542,0.38553682
7882,0.6744508074348307,0.5690043318642101,0.38553682
7882,0.6744508074348307,0.5696668376739988,0.38553682
7882,0.6744508074348307,0.5703332068899719,0.38553682
7882,0.6744508074348307,0.5710034895383663,0.38553682
7882,0.6744508074348307,0.5716777389654023,0.38553682
7882,0.6744508074348307,0.572356011889025,0.38553682
7882,0.6744508074348307,0.5730383684492433,0.38553682
7882,0.6744508074348307,0.5737248722570515,0.38553682
7882,0.6744508074348307,0.5744155904419346,0.38553682
7882,0.6744508074348307,0.5751105936979045,0.38553682
7882,0.6744508074348307,0.57580995632806,0.38553682
7882,0.6744508074348307,0.5765137562876512,0.38553682
7882,0.6744508074348307,0.5772220752255949,0.38553682
7882,0.6744508074348307,0.5779349985244435,0.38553682
7882,0.6744508074348307,0.5786526153387478,0.38553682
7882,0.6744508074348307,0.5793750186317994,0.38553682
7882,0.6744508074348307,0.5801023052106975,0.38553682
7882,0.6744508074348307,0.5808345757597233,0.38553682
7882,0.6744508074348307,0.5815719348719516,0.38553682
7882,0.6744508074348307,0.5823144910791023,0.38553682
7882,0.6744508074348307,0.5830623568795091,0.38553682
7882,0.6744508074348307,0.5838156487642513,0.38553682
7882,0.6744508074348307,0.5845744872413093,0.38553682
7882,0.6744508074348307,0.585338996857752,0.38553682
7882,0.6744508074348307,0.5861093062198557,0.38553682
7882,0.6744508074348307,0.5868855480111264,0.38553682
7882,0.6744508074348307,0.5876678590081417,0.38553682
7882,0.6744508074348307,0.5884563800941476,0.38553682
7882,0.6744508074348307,0.5892512562703608,0.38553682
7882,0.6744508074348307,0.5900526366648742,0.38553682
7882,0.6744508074348307,0.5908606745391232,0.38553682
7882,0.6744508074348307,0.5916755272918137,0.38553682
7882,0.6744508074348307,0.5924973564602345,0.38553682
7882,0.6744508074348307,0.5933263277188908,0.38553682
7882,0.6744508074348307,0.5941626108753361,0.38553682
7882,0.6744508074348307,0.5950063798631791,0.38553682
7882,0.6744508074348307,0.595857812732084,0.38553682
7882,0.6744508074348307,0.5967170916347676,0.38553682
7882,0.6744508074348307,0.5975844028108334,0.38553682
7882,0.6744508074348307,0.5984599365673774,0.38553682
7882,0.6744508074348307,0.5993438872562529,0.38553682
7882,0.6744508074348307,0.6002364532479013,0.38553682
7882,0.6744508074348307,0.6011378369016417,0.38553682
7882,0.6744508074348307,0.6020482445323357,0.38553682
7882,0.6744508074348307,0.602967886373279,0.38553682
7882,0.6744508074348307,0.6038969765352659,0.38553682
7882,0.6744508074348307,0.6048357329616736,0.38553682
7882,0.6744508074348307,0.6057843773795036,0.38553682
7882,0.6744508074348307,0.6067431352462035,0.38553682
7882,0.6744508074348307,0.6077122356922557,0.38553682
7882,0.6744508074348307,0.6086919114593266,0.38553682
7882,0.6744508074348307,0.6096823988339247,0.38553682
7882,0.6744508074348307,0.610683937576436,0.38553682
7882,0.6744508074348307,0.6116967708454495,0.38553682
7882,0.6744508074348307,0.6127211451172067,0.38553682
7882,0.6744508074348307,0.6137573101001498,0.38553682
7882,0.6744508074348307,0.6148055186443752,0.38553682
7882,0.6744508074348307,0.6158660266459655,0.38553682
7882,0.6744508074348307,0.6169390929460081,0.38553682
7882,0.6744508074348307,0.6180249792242928,0.38553682
7882,0.6744508074348307,0.6191239498874936,0.38553682
7882,0.6744508074348307,0.6202362719518058,0.38553682
7882,0.6744508074348307,0.6213622149199007,0.38553682
7882,0.6744508074348307,0.6225020506521215,0.38553682
7882,0.6744508074348307,0.6236560532318093,0.38553682
7882,0.6744508074348307,0.6248244988247159,0.38553682
7882,0.6744508074348307,0.6260076655323302,0.38553682
7882,0.6744508074348307,0.6272058332391622,0.38553682
7882,0.6744508074348307,0.6284192834537693,0.38553682
7882,0.6744508074348307,0.6296482991435685,0.38553682
7882,0.6744508074348307,0.6308931645633006,0.38553682
7882,0.6744508074348307,0.6321541650770767,0.38553682
7882,0.6744508074348307,0.633431586974007,0.38553682
7882,0.6744508074348307,0.6347257172773072,0.38553682
7882,0.6744508074348307,0.6360368435468186,0.38553682
7882,0.6744508074348307,0.6373652536749752,0.38553682
7882,0.6744508074348307,0.6387112356761192,0.38553682
7882,0.6744508074348307,0.6400750774691206,0.38553682
7882,0.6744508074348307,0.6414570666533611,0.38553682
7882,0.6744508074348307,0.6428574902779897,0.38553682
7882,0.6744508074348307,0.6442766346044384,0.38553682
7882,0.6744508074348307,0.6457147848622697,0.38553682
7882,0.6744508074348307,0.6471722249983043,0.38553682
7882,0.6744508074348307,0.6486492374190144,0.38553682
7882,0.6744508074348307,0.6501461027263092,0.38553682
7882,0.6744508074348307,0.6516630994466155,0.38553682
7882,0.6744508074348307,0.6532005037534144,0.38553682
7882,0.6744508074348307,0.6547585891831585,0.38553682
7882,0.6744508074348307,0.6563376263447551,0.38553682
7882,0.6744508074348307,0.657937882622573,0.38553682
7882,0.6744508074348307,0.6595596218731021,0.38553682
7882,0.6744508074348307,0.6612031041153476,0.38553682
7882,0.6744508074348307,0.6628685852150533,0.38553682
7882,0.6744508074348307,0.6645563165628195,0.38553682
7882,0.6744508074348307,0.6662665447463008,0.38553682
7882,0.6744508074348307,0.6679995112165507,0.38553682
7882,0.6744508074348307,0.6697554519486651,0.38553682
7882,0.6744508074348307,0.6715345970968797,0.38553682
7882,0.6744508074348307,0.6733371706442666,0.38553682
7882,0.6744508074348307,0.6751633900472152,0.38553682
7882,0.6744508074348307,0.6770134658748332,0.38553682
7882,0.6744508074348307,0.6788876014435241,0.38553682
7882,0.6744508074348307,0.6807859924468486,0.38553682
7882,0.6744508074348307,0.6827088265809932,0.38553682
7882,0.6744508074348307,0.6846562831659664,0.38553682
7882,0.6744508074348307,0.6866285327628076,0.38553682
7882,0.6744508074348307,0.6886257367870515,0.38553682
7882,0.6744508074348307,0.6906480471186863,0.38553682
7882,0.6744508074348307,0.6926956057088832,0.38553682
7882,0.6744508074348307,0.6947685441837701,0.38553682
7882,0.6744508074348307,0.696866983445534,0.38553682
7882,0.6744508074348307,0.6989910332711746,0.38553682
7882,0.6744508074348307,0.7011407919091827,0.38553682
7882,0.6744508074348307,0.7033163456745029,0.38553682
7882,0.6744508074348307,0.7055177685420732,0.38553682
7882,0.6744508074348307,0.7077451217393199,0.38553682
7882,0.6744508074348307,0.7099984533379632,0.38553682
7882,0.6744508074348307,0.7122777978454379,0.38553682
7882,0.6744508074348307,0.7145831757963875,0.38553682
7882,0.6744508074348307,0.7169145933445596,0.38553682
7882,0.6744508074348307,0.7192720418555065,0.38553682
7882,0.6744508074348307,0.7216554975005077,0.38553682
7882,0.6744508074348307,0.7240649208521266,0.38553682
7882,0.6744508074348307,0.7265002564818026,0.38553682
7882,0.6744508074348307,0.7289614325599205,0.38553682
7882,0.6744508074348307,0.7314483604588279,0.38553682
7882,0.6744508074348307,0.7339609343591887,0.38553682
7882,0.6744508074348307,0.7364990308601794,0.38553682
7882,0.6744508074348307,0.7390625085939663,0.38553682
7882,0.6744508074348307,0.7416512078449471,0.38553682
7882,0.6744508074348307,0.7442649501742113,0.38553682
7882,0.6744508074348307,0.7469035380497462,0.38553682
7882,0.6744508074348307,0.7495667544828253,0.38553682
7882,0.6744508074348307,0.7522543626711403,0.38553682
7882,0.6744508074348307,0.7549661056490785,0.38553682
7882,0.6744508074348307,0.7577017059457956,0.38553682
7882,0.6744508074348307,0.7604608652514088,0.38553682
7882,0.6744508074348307,0.763243264092049,0.38553682
7882,0.6744508074348307,0.7660485615140382,0.38553682
7882,0.6744508074348307,0.7688763947779337,0.38553682
7882,0.6744508074348307,0.7717263790628189,0.38553682
7882,0.6744508074348307,0.774598107181424,0.38553682
7882,0.6744508074348307,0.7774911493065882,0.38553682
7882,0.6744508074348307,0.780405052709576,0.38553682
7882,0.6744508074348307,0.7833393415108012,0.38553682
7882,0.6744508074348307,0.7862935164434323,0.38553682
7882,0.6744508074348307,0.7892670546304715,0.38553682
7882,0.6744508074348307,0.7922594093757496,0.38553682
7882,0.6744508074348307,0.7952700099693932,0.38553682
7882,0.6744508074348307,0.7982982615082996,0.38553682
7882,0.6744508074348307,0.8013435447320665,0.38553682
7882,0.6744508074348307,0.8044052158749297,0.38553682
7882,0.6744508074348307,0.8074826065341969,0.38553682
7882,0.6744508074348307,0.8105750235556409,0.38553682
7882,0.6744508074348307,0.8136817489363627,0.38553682
7882,0.6744508074348307,0.8168020397456113,0.38553682
7882,0.6744508074348307,0.8199351280639805,0.38553682
7882,0.6744508074348307,0.8230802209414769,0.38553682
7882,0.6744508074348307,0.826236500374906,0.38553682
7882,0.6744508074348307,0.8294031233050002,0.38553682
7882,0.6744508074348307,0.832579221633687,0.38553682
7882,0.6744508074348307,0.8357639022619724,0.38553682
7882,0.6744508074348307,0.8389562471487875,0.38553682
7882,0.6744508074348307,0.8421553133911719,0.38553682
7882,0.6744508074348307,0.8453601333262137,0.38553682
7882,0.6744508074348307,0.8485697146550464,0.38553682
7882,0.6744508074348307,0.8517830405892702,0.38553682
7882,0.6744508074348307,0.8549990700201064,0.38553682
7882,0.6744508074348307,0.8582167377105677,0.38553682
7882,0.6744508074348307,0.861434954510948,0.38553682
7882,0.6744508074348307,0.8646526075979065,0.38553682
7882,0.6744508074348307,0.8678685607373187,0.38553682
7882,0.6744508074348307,0.8710816545712045,0.38553682
7882,0.6744508074348307,0.8742907069288628,0.38553682
7882,0.6744508074348307,0.8774945131624111,0.38553682
7882,0.6744508074348307,0.8806918465068782,0.38553682
7882,0.6744508074348307,0.8838814584650045,0.38553682
7882,0.6744508074348307,0.8870620792167875,0.38553682
7882,0.6744508074348307,0.8902324180539233,0.38553682
7882,0.6744508074348307,0.8933911638391352,0.38553682
7882,0.6744508074348307,0.8965369854904647,0.38553682
7882,0.6744508074348307,0.899668532490473,0.38553682
7882,0.6744508074348307,0.902784435420376,0.38553682
7882,0.6744508074348307,0.9058833065189954,0.38553682
7882,0.6744508074348307,0.9089637402664992,0.38553682
7882,0.6744508074348307,0.9120243139927591,0.38553682
7882,0.6744508074348307,0.9150635885102184,0.38553682
7882,0.6744508074348307,0.9180801087711024,0.38553682
7882,0.6744508074348307,0.9210724045487081,0.38553682
7882,0.6744508074348307,0.9240389911425884,0.38553682
7882,0.6744508074348307,0.9269783701073705,0.38553682
7882,0.6744508074348307,0.9298890300048599,0.38553682
7882,0.6744508074348307,0.9327694471791368,0.38553682
7882,0.6744508074348307,0.9356180865542916,0.38553682
7882,0.6744508074348307,0.938433402454367,0.38553682
7882,0.6744508074348307,0.9412138394451262,0.38553682
7882,0.6744508074348307,0.9439578331971488,0.38553682
7882,0.6744508074348307,0.9466638113698175,0.38553682
7882,0.6744508074348307,0.9493301945156123,0.38553682
7882,0.6744508074348307,0.9519553970042252,0.38553682
7882,0.6744508074348307,0.954537827965867,0.38553682
7882,0.6744508074348307,0.9570758922531658,0.38553682
7882,0.6744508074348307,0.95956799142103,0.38553682
7882,0.6744508074348307,0.962012524723762,0.38553682
7882,0.6744508074348307,0.9644078901287614,0.38553682
7882,0.6744508074348307,0.9667524853460585,0.38553682
7882,0.6744508074348307,0.9690447088729023,0.38553682
7882,0.6744508074348307,0.9712829610526472,0.38553682
7882,0.6744508074348307,0.9734656451470504,0.38553682
7882,0.6744508074348307,0.9755911684212292,0.38553682
7882,0.6744508074348307,0.977657943240291,0.38553682
7882,0.6744508074348307,0.9796643881768323,0.38553682
7882,0.6744508074348307,0.9816089291282948,0.38553682
7882,0.6744508074348307,0.9834900004432737,0.38553682
7882,0.6744508074348307,0.9853060460558185,0.38553682
7882,0.6744508074348307,0.98705552062665,0.38553682
7882,0.6744508074348307,0.9887368906903582,0.38553682
7882,0.6744508074348307,0.9903486358074783,0.38553682
7882,0.6744508074348307,0.9918892497203998,0.38553682
7882,0.6744508074348307,0.9933572415120552,0.38553682
7882,0.6744508074348307,0.9947511367662395,0.38553682
7882,0.6744508074348307,0.9960694787284681,0.38553682
7882,0.6744508074348307,0.9973108294662495,0.38553682
7882,0.6744508074348307,0.9984737710276382,0.38553682
7882,0.6744508074348307,0.9995569065968486,0.38553682
7882,0.6744508074348307,1.000558861645849,0.38553682
7882,0.6744508074348307,1.0014782850806883,0.38553682
7882,0.6744508074348307,1.0023138503814064,0.38553682
7882,0.6744508074348307,1.0030642567343069,0.38553682
7882,0.6744508074348307,1.0037282301554307,0.38553682
7882,0.6744508074348307,1.0043045246039615,0.38553682
7882,0.6744508074348307,1.004791923084466,0.38553682
7882,0.6744508074348307,1.0051892387366241,0.38553682
7882,0.6744508074348307,1.0054953159113542,0.38553682
7882,0.6744508074348307,1.0057090312320998,0.38553682
7882,0.6744508074348307,1.0058292946400467,0.38553682
7882,0.6744508074348307,1.0058550504221024,0.38553682
7882,0.6744508074348307,1.0057852782204688,0.38553682
7882,0.6744508074348307,1.0056189940225992,0.38553682
7882,0.6744508074348307,1.0053552511303727,0.38553682
7882,0.6744508074348307,1.0049931411073803,0.38553682
7882,0.6744508074348307,1.0045317947031178,0.38553682
7882,0.6744508074348307,1.0039703827529953,0.38553682
7882,0.6744508074348307,1.003308117053073,0.38553682
7882,0.6744508074348307,1.002544251208381,0.38553682
7882,0.6744508074348307,1.0016780814538357,0.38553682
7882,0.6744508074348307,1.0007089474466073,0.38553682
7882,0.6744508074348307,0.9996362330290267,0.38553682
7882,0.6744508074348307,0.9984593669609482,0.38553682
7882,0.6744508074348307,0.9971778236206466,0.38553682
7882,0.6744508074348307,0.9957911236732849,0.38553682
7882,0.6744508074348307,0.994298834706091,0.38553682
7882,0.6744508074348307,0.9927005718292865,0.38553682
7882,0.6744508074348307,0.9909959982419907,0.38553682
7882,0.6744508074348307,0.9891848257622741,0.38553682
7882,0.6744508074348307,0.9872668153205648,0.38553682
7882,0.6744508074348307,0.985241777415681,0.38553682
7882,0.6744508074348307,0.9831095725328359,0.38553682
7882,0.6744508074348307,0.9808701115228705,0.38553682
7882,0.6744508074348307,0.9785233559421594,0.38553682
7882,0.6744508074348307,0.976069318352647,0.38553682
7882,0.6744508074348307,0.9735080625813468,0.38553682
7882,0.6744508074348307,0.9708397039389839,0.38553682
7882,0.6744508074348307,0.9680644093972209,0.38553682
7882,0.6744508074348307,0.9651823977241053,0.38553682
7882,0.6744508074348307,0.9621939395774111,0.38553682
7882,0.6744508074348307,0.9590993575555422,0.38553682
7882,0.6744508074348307,0.9558990262057562,0.38553682
7882,0.6744508074348307,0.9525933719894952,0.38553682
7882,0.6744508074348307,0.9491828732046911,0.38553682
7882,0.6744508074348307,0.9456680598649124,0.38553682
7882,0.6744508074348307,0.9420495135353119,0.38553682
7882,0.6744508074348307,0.93832786712536,0.38553682
7882,0.6744508074348307,0.9345038046384454,0.38553682
7882,0.6744508074348307,0.9305780608783885,0.38553682
7882,0.6744508074348307,0.9265514211130408,0.38553682
7882,0.6744508074348307,0.9224247206951973,0.38553682
7882,0.6744508074348307,0.9181988446410181,0.38553682
7882,0.6744508074348307,0.9138747271663173,0.38553682
7882,0.6744508074348307,0.9094533511810331,0.38553682
7882,0.6744508074348307,0.9049357477422869,0.38553682
7882,0.6744508074348307,0.9003229954665138,0.38553682
7882,0.6744508074348307,0.8956162199011408,0.38553682
7882,0.6744508074348307,0.8908165928563635,0.38553682
7882,0.6744508074348307,0.8859253316976491,0.38553682
7882,0.6744508074348307,0.8809436985995858,0.38553682
7882,0.6744508074348307,0.875872999761777,0.38553682
7882,0.6744508074348307,0.8707145845875458,0.38553682
7882,0.6744508074348307,0.8654698448262286,0.38553682
7882,0.6744508074348307,0.8601402136798454,0.38553682
7882,0.6744508074348307,0.8547271648751013,0.38553682
7882,0.6744508074348307,0.8492322117015624,0.38553682
7882,0.6744508074348307,0.8436569060170052,0.38553682
7882,0.6744508074348307,0.8380028372209364,0.38553682
7882,0.6744508074348307,0.8322716311972665,0.38553682
7882,0.6744508074348307,0.8264649492272994,0.38553682
7882,0.6744508074348307,0.8205844868740582,0.38553682
7882,0.6744508074348307,0.8146319728391421,0.38553682
7882,0.6744508074348307,0.8086091677932634,0.38553682
7882,0.6744508074348307,0.8025178631816783,0.38553682
7882,0.6744508074348307,0.7963598800057471,0.38553682
7882,0.6744508074348307,0.7901370675818696,0.38553682
7882,0.6744508074348307,0.7838513022790978,0.38553682
7882,0.6744508074348307,0.7775044862367295,0.38553682
8702,0.793616161299057,1.9079737349134167,0.45305112
8702,0.793616161299057,1.912351435946296,0.45305112
8702,0.793616161299057,1.916452439013744,0.45305112
8702,0.793616161299057,1.9202754306396408,0.45305112
8702,0.793616161299057,1.9238192317981848,0.45305112
8702,0.793616161299057,1.9270827987015409,0.45305112
8702,0.793616161299057,1.930065223477136,0.45305112
8702,0.793616161299057,1.9327657347339646,0.45305112
8702,0.793616161299057,1.935183698017294,0.45305112
8702,0.793616161299057,1.9373186161515739,0.45305112
8702,0.793616161299057,1.9391701294709554,0.45305112
8702,0.793616161299057,1.9407380159376797,0.45305112
8702,0.793616161299057,1.9420221911479105,0.45305112
8702,0.793616161299057,1.9430227082254803,0.45305112
8702,0.793616161299057,1.9437397576035376,0.45305112
8702,0.793616161299057,1.9441736666946594,0.45305112
8702,0.793616161299057,1.9443248994497992,0.45305112
8702,0.793616161299057,1.944194055806723,0.45305112
8702,0.793616161299057,1.9437818710288686,0.45305112
8702,0.793616161299057,1.9430892149351295,0.45305112
8702,0.793616161299057,1.942117091022009,0.45305112
8702,0.793616161299057,1.9408666354789486,0.45305112
8702,0.793616161299057,1.9393391160982094,0.45305112
8702,0.793616161299057,1.9375359310806775,0.45305112
8702,0.793616161299057,1.9354586077390212,0.45305112
8702,0.793616161299057,1.9331088010998263,0.45305112
8702,0.793616161299057,1.9304882924064495,0.45305112
8702,0.793616161299057,1.9275989875242978,0.45305112
8702,0.793616161299057,1.9244429152506006,0.45305112
8702,0.793616161299057,1.9210222255305278,0.45305112
8702,0.793616161299057,1.917339187581978,0.45305112
8702,0.793616161299057,1.9133961879310635,0.45305112
8702,0.793616161299057,1.9091957283607228,0.45305112
8702,0.793616161299057,1.904740423774801,0.45305112
8702,0.793616161299057,1.9000329999801953,0.45305112
8702,0.793616161299057,1.895076291389453,0.45305112
8702,0.793616161299057,1.889873238646642,0.45305112
8702,0.793616161299057,1.884426886179167,0.45305112
8702,0.793616161299057,1.8787403796782751,0.45305112
8702,0.793616161299057,1.872816963511175,0.45305112
8702,0.793616161299057,1.8666599780676962,0.45305112
8702,0.793616161299057,1.8602728570444171,0.45305112
8702,0.793616161299057,1.853659124669388,0.45305112
8702,0.793616161299057,1.8468223928704466,0.45305112
8702,0.793616161299057,1.8397663583903265,0.45305112
8702,0.793616161299057,1.8324947998517127,0.45305112
8702,0.793616161299057,1.8250115747754356,0.45305112
8702,0.793616161299057,1.8173206165551175,0.45305112
8702,0.793616161299057,1.8094259313914098,0.45305112
8702,0.793616161299057,1.80133159518934,0.45305112
8702,0.793616161299057,1.7930417504217566,0.45305112
8702,0.793616161299057,1.7845606029625813,0.45305112
8702,0.793616161299057,1.7758924188928957,0.45305112
8702,0.793616161299057,1.7670415212833457,0.45305112
8702,0.793616161299057,1.7580122869562165,0.45305112
8702,0.793616161299057,1.7488091432304589,0.45305112
8702,0.793616161299057,1.739436564653055,0.45305112
8702,0.793616161299057,1.7298990697199925,0.45305112
8702,0.793616161299057,1.7202012175901824,0.45305112
8702,0.793616161299057,1.7103476047955932,0.45305112
8702,0.793616161299057,1.7003428619508936,0.45305112
8702,0.793616161299057,1.690191650465735,0.45305112
8702,0.793616161299057,1.679898659262982,0.45305112
8702,0.793616161299057,1.6694686015059985,0.45305112
8702,0.793616161299057,1.6589062113380433,0.45305112
8702,0.793616161299057,1.6482162406370173,0.45305112
8702,0.793616161299057,1.6374034557883752,0.45305112
8702,0.793616161299057,1.6264726344793239,0.45305112
8702,0.793616161299057,1.6154285625171942,0.45305112
8702,0.793616161299057,1.6042760306747774,0.45305112
8702,0.793616161299057,1.5930198315655633,0.45305112
8702,0.793616161299057,1.5816647565513704,0.45305112
8702,0.793616161299057,1.5702155926853711,0.45305112
8702,0.793616161299057,1.5586771196927585,0.45305112
8702,0.793616161299057,1.5470541069918344,0.45305112
8702,0.793616161299057,1.5353513107578478,0.45305112
8702,0.793616161299057,1.5235734710319317,0.45305112
8702,0.793616161299057,1.511725308877519,0.45305112
8702,0.793616161299057,1.4998115235863523,0.45305112
8702,0.793616161299057,1.487836789936256,0.45305112
8702,0.793616161299057,1.4758057555027038,0.45305112
8702,0.793616161299057,1.4637230380261177,0.45305112
8702,0.793616161299057,1.4515932228367592,0.45305112
8702,0.793616161299057,1.4394208603389633,0.45305112
8702,0.793616161299057,1.427210463556454,0.45305112
8702,0.793616161299057,1.4149665057402745,0.45305112
8702,0.793616161299057,1.4026934180407655,0.45305112
8702,0.793616161299057,1.3903955872451808,0.45305112
8702,0.793616161299057,1.3780773535819995,0.45305112
8702,0.793616161299057,1.365743008593321,0.45305112
8702,0.793616161299057,1.353396793076401,0.45305112
8702,0.793616161299057,1.341042895095271,0.45305112
8702,0.793616161299057,1.3286854480634878,0.45305112
8702,0.793616161299057,1.3163285288987814,0.45305112
8702,0.793616161299057,1.303976156250286,0.45305112
8702,0.793616161299057,1.291632288799042,0.45305112
8702,0.793616161299057,1.2793008236323147,0.45305112
8702,0.793616161299057,1.2669855946921391,0.45305112
8702,0.793616161299057,1.2546903712984943,0.45305112
8702,0.793616161299057,1.242418856747314,0.45305112
8702,0.793616161299057,1.2301746869835428,0.45305112
8702,0.793616161299057,1.2179614293493424,0.45305112
8702,0.793616161299057,1.2057825814073706,0.45305112
8702,0.793616161299057,1.1936415698391118,0.45305112
8702,0.793616161299057,1.1815417494180727,0.45305112
8702,0.793616161299057,1.1694864020575126,0.45305112
8702,0.793616161299057,1.1574787359325027,0.45305112
8702,0.793616161299057,1.1455218846757314,0.45305112
8702,0.793616161299057,1.1336189066466895,0.45305112
8702,0.793616161299057,1.1217727842735976,0.45305112
8702,0.793616161299057,1.109986423467412,0.45305112
8702,0.793616161299057,1.098262653107247,0.45305112
8702,0.793616161299057,1.086604224596357,0.45305112
8702,0.793616161299057,1.0750138114878969,0.45305112
8702,0.793616161299057,1.0634940091794318,0.45305112
8702,0.793616161299057,1.0520473346753083,0.45305112
8702,0.793616161299057,1.040676226415832,0.45305112
8702,0.793616161299057,1.0293830441720564,0.45305112
8702,0.793616161299057,1.0181700690051458,0.45305112
8702,0.793616161299057,1.0070395032890487,0.45305112
8702,0.793616161299057,0.9959934707951693,0.45305112
8702,0.793616161299057,0.985034016837854,0.45305112
8702,0.793616161299057,0.974163108479217,0.45305112
8702,0.793616161299057,0.9633826347919963,0.45305112
8702,0.793616161299057,0.9526944071789513,0.45305112
8702,0.793616161299057,0.9421001597473929,0.45305112
8702,0.793616161299057,0.9316015497372891,0.45305112
8702,0.793616161299057,0.9212001580014287,0.45305112
8702,0.793616161299057,0.910897489536105,0.45305112
8702,0.793616161299057,0.9006949740607152,0.45305112
8702,0.793616161299057,0.890593966644638,0.45305112
8702,0.793616161299057,0.8805957483798341,0.45305112
8702,0.793616161299057,0.8707015270974299,0.45305112
8702,0.793616161299057,0.8609124381266738,0.45305112
8702,0.793616161299057,0.8512295450946228,0.45305112
8702,0.793616161299057,0.8416538407647554,0.45305112
8702,0.793616161299057,0.832186247912975,0.45305112
8702,0.793616161299057,0.8228276202391713,0.45305112
8702,0.793616161299057,0.8135787433127023,0.45305112
8702,0.793616161299057,0.8044403355501075,0.45305112
8702,0.793616161299057,0.7954130492233062,0.45305112
8702,0.793616161299057,0.7864974714966143,0.45305112
8702,0.793616161299057,0.7776941254909037,0.45305112
8702,0.793616161299057,0.769003471373192,0.45305112
8702,0.793616161299057,0.7604259074700153,0.45305112
8702,0.793616161299057,0.7519617714029122,0.45305112
8702,0.793616161299057,0.7436113412443965,0.45305112
8702,0.793616161299057,0.7353748366927839,0.45305112
8702,0.793616161299057,0.7272524202642505,0.45305112
8702,0.793616161299057,0.7192441985005444,0.45305112
8702,0.793616161299057,0.71135022319082,0.45305112
8702,0.793616161299057,0.7035704926059781,0.45305112
8702,0.793616161299057,0.6959049527440728,0.45305112
8702,0.793616161299057,0.6883534985852293,0.45305112
8702,0.793616161299057,0.6809159753546563,0.45305112
8702,0.793616161299057,0.6735921797922925,0.45305112
8702,0.793616161299057,0.6663818614276852,0.45305112
8702,0.793616161299057,0.6592847238587353,0.45305112
8702,0.793616161299057,0.6523004260329558,0.45305112
8702,0.793616161299057,0.6454285835299616,0.45305112
8702,0.793616161299057,0.6386687698438619,0.45305112
8702,0.793616161299057,0.632020517664402,0.45305112
8702,0.793616161299057,0.6254833201555576,0.45305112
8702,0.793616161299057,0.6190566322304762,0.45305112
8702,0.793616161299057,0.6127398718216451,0.45305112
8702,0.793616161299057,0.6065324211451234,0.45305112
8702,0.793616161299057,0.6004336279578747,0.45305112
8702,0.793616161299057,0.5944428068071153,0.45305112
8702,0.793616161299057,0.5885592402707358,0.45305112
8702,0.793616161299057,0.5827821801878638,0.45305112
8702,0.793616161299057,0.5771108488786457,0.45305112
8702,0.793616161299057,0.5715444403524105,0.45305112
8702,0.793616161299057,0.5660821215033891,0.45305112
8702,0.793616161299057,0.5607230332932013,0.45305112
8702,0.793616161299057,0.5554662919194068,0.45305112
8702,0.793616161299057,0.5503109899693569,0.45305112
8702,0.793616161299057,0.5452561975587521,0.45305112
8702,0.793616161299057,0.5403009634542507,0.45305112
8702,0.793616161299057,0.5354443161795248,0.45305112
8702,0.793616161299057,0.5306852651042704,0.45305112
8702,0.793616161299057,0.5260228015156165,0.45305112
8702,0.793616161299057,0.5214558996714889,0.45305112
8702,0.793616161299057,0.5169835178354834,0.45305112
8702,0.793616161299057,0.512604599292863,0.45305112
8702,0.793616161299057,0.5083180733473017,0.45305112
8702,0.793616161299057,0.5041228562980565,0.45305112
8702,0.793616161299057,0.5000178523973007,0.45305112
8702,0.793616161299057,0.49600195478729425,0.45305112
8702,0.793616161299057,0.49207404641725433,0.45305112
8702,0.793616161299057,0.4882330009396584,0.45305112
8702,0.793616161299057,0.4844776835858611,0.45305112
8702,0.793616161299057,0.4808069520208854,0.45305112
8702,0.793616161299057,0.4772196571772836,0.45305112
8702,0.793616161299057,0.47371464406798125,0.45305112
8702,0.793616161299057,0.4702907525781237,0.45305112
8702,0.793616161299057,0.46694681823581063,0.45305112
8702,0.793616161299057,0.4636816729618228,0.45305112
8702,0.793616161299057,0.46049414579831965,0.45305112
8702,0.793616161299057,0.45738306361659176,0.45305112
8702,0.793616161299057,0.4543472518039429,0.45305112
8702,0.793616161299057,0.45138553492982175,0.45305112
8702,0.793616161299057,0.4484967373913097,0.45305112
8702,0.793616161299057,0.4456796840381309,0.45305112
8702,0.793616161299057,0.4429332007773564,0.45305112
8702,0.793616161299057,0.44025611515796836,0.45305112
8702,0.793616161299057,0.4376472569355236,0.45305112
8702,0.793616161299057,0.43510545861708316,0.45305112
8702,0.793616161299057,0.43262955598672787,0.45305112
8702,0.793616161299057,0.43021838861181944,0.45305112
8702,0.793616161299057,0.42787080033035196,0.45305112
8702,0.793616161299057,0.4255856397196283,0.45305112
8702,0.793616161299057,0.4233617605465667,0.45305112
8702,0.793616161299057,0.4211980221999379,0.45305112
8702,0.793616161299057,0.4190932901048579,0.45305112
8702,0.793616161299057,0.41704643611983133,0.45305112
8702,0.793616161299057,0.4150563389167139,0.45305112
8702,0.793616161299057,0.4131218843438982,0.45305112
8702,0.793616161299057,0.4112419657730898,0.45305112
8702,0.793616161299057,0.40941548443001047,0.45305112
8702,0.793616161299057,0.407641349709398,0.45305112
8702,0.793616161299057,0.40591847947466275,0.45305112
8702,0.793616161299057,0.40424580034254665,0.45305112
8702,0.793616161299057,0.4026222479531785,0.45305112
8702,0.793616161299057,0.4010467672258769,0.45305112
8702,0.793616161299057,0.3995183126010835,0.45305112
8702,0.793616161299057,0.39803584826877736,0.45305112
8702,0.793616161299057,0.39659834838377783,0.45305112
8702,0.793616161299057,0.39520479726827534,0.45305112
8702,0.793616161299057,0.39385418960197205,0.45305112
8702,0.793616161299057,0.3925455306002085,0.45305112
8702,0.793616161299057,0.39127783618042844,0.45305112
8702,0.793616161299057,0.3900501331173594,0.45305112
8702,0.793616161299057,0.38886145918725573,0.45305112
8702,0.793616161299057,0.3877108633015736,0.45305112
8702,0.793616161299057,0.3865974056304391,0.45305112
8702,0.793616161299057,0.38552015771620995,0.45305112
8702,0.793616161299057,0.3844782025775401,0.45305112
8702,0.793616161299057,0.38347063480424576,0.45305112
8702,0.793616161299057,0.38249656064330695,0.45305112
8702,0.793616161299057,0.38155509807633253,0.45305112
8702,0.793616161299057,0.38064537688882827,0.45305112
8702,0.793616161299057,0.3797665387315517,0.45305112
8702,0.793616161299057,0.37891773717427824,0.45305112
8702,0.793616161299057,0.37809813775227485,0.45305112
8702,0.793616161299057,0.377306918005771,0.45305112
8702,0.793616161299057,0.37654326751271006,0.45305112
8702,0.793616161299057,0.37580638791506193,0.45305112
8702,0.793616161299057,0.3750954929389684,0.45305112
8702,0.793616161299057,0.37440980840897103,0.45305112
8702,0.793616161299057,0.3737485722565943,0.45305112
8702,0.793616161299057,0.37311103452349564,0.45305112
8702,0.793616161299057,0.37249645735947595,0.45305112
8702,0.793616161299057,0.3719041150155073,0.45305112
8702,0.793616161299057,0.37133329383206326,0.45305112
8702,0.793616161299057,0.3707832922229356,0.45305112
8702,0.793616161299057,0.370253420654726,0.45305112
8702,0.793616161299057,0.3697430016222521,0.45305112
8702,0.793616161299057,0.36925136962001615,0.45305112
8702,0.793616161299057,0.36877787110993593,0.45305112
8702,0.793616161299057,0.36832186448551524,0.45305112
8702,0.793616161299057,0.36788272003260136,0.45305112
8702,0.793616161299057,0.3674598198869038,0.45305112
8702,0.793616161299057,0.36705255798840747,0.45305112
8702,0.793616161299057,0.36666034003284664,0.45305112
8702,0.793616161299057,0.36628258342034514,0.45305112
8702,0.793616161299057,0.3659187172013673,0.45305112
8702,0.793616161299057,0.3655681820201121,0.45305112
8702,0.793616161299057,0.36523043005543004,0.45305112
8702,0.793616161299057,0.36490492495940074,0.45305112
8702,0.793616161299057,0.36459114179366503,0.45305112
8702,0.793616161299057,0.36428856696359974,0.45305112
8702,0.793616161299057,0.36399669815042246,0.45305112
8702,0.793616161299057,0.36371504424132434,0.45305112
8702,0.793616161299057,0.36344312525768274,0.45305112
8702,0.793616161299057,0.36318047228146055,0.45305112
8702,0.793616161299057,0.3629266273798207,0.45305112
8702,0.793616161299057,0.36268114352804526,0.45305112
8702,0.793616161299057,0.36244358453080217,0.45305112
8702,0.793616161299057,0.3622135249418256,0.45305112
8702,0.793616161299057,0.3619905499820361,0.45305112
8702,0.793616161299057,0.36177425545616904,0.45305112
8702,0.793616161299057,0.3615642476679337,0.45305112
8702,0.793616161299057,0.3613601433337555,0.45305112
8702,0.793616161299057,0.36116156949511735,0.45305112
8702,0.793616161299057,0.3609681634295477,0.45305112
8702,0.793616161299057,0.36077957256026866,0.45305112
8702,0.793616161299057,0.3605954543645453,0.45305112
8702,0.793616161299057,0.36041547628074133,0.45305112
8702,0.793616161299057,0.3602393156141122,0.45305112
8702,0.793616161299057,0.3600666594413532,0.45305112
8702,0.793616161299057,0.35989720451392354,0.45305112
8702,0.793616161299057,0.3597306571601369,0.45305112
8702,0.793616161299057,0.3595667331860777,0.45305112
8702,0.793616161299057,0.35940515777531884,0.45305112
8702,0.793616161299057,0.3592456653874463,0.45305112
8702,0.793616161299057,0.35908799965545296,0.45305112
8702,0.793616161299057,0.3589319132819552,0.45305112
8702,0.793616161299057,0.35877716793426895,0.45305112
8702,0.793616161299057,0.3586235341383577,0.45305112
8702,0.793616161299057,0.3584707911716533,0.45305112
8702,0.793616161299057,0.3583187269547655,0.45305112
8702,0.793616161299057,0.3581671379420824,0.45305112
8702,0.793616161299057,0.358015829011288,0.45305112
8702,0.793616161299057,0.35786461335178976,0.45305112
8702,0.793616161299057,0.35771331235207465,0.45305112
8702,0.793616161299057,0.3575617554860253,0.45305112
8702,0.793616161299057,0.35740978019817043,0.45305112
8702,0.793616161299057,0.35725723178792845,0.45305112
8702,0.793616161299057,0.35710396329282545,0.45305112
8702,0.793616161299057,0.3569498353707147,0.45305112
8702,0.793616161299057,0.3567947161810411,0.45305112
8702,0.793616161299057,0.3566384812651265,0.45305112
8702,0.793616161299057,0.3564810134255288,0.45305112
8702,0.793616161299057,0.35632220260448616,0.45305112
8702,0.793616161299057,0.3561619457614834,0.45305112
8702,0.793616161299057,0.35600014674994324,0.45305112
8702,0.793616161299057,0.3558367161930829,0.45305112
8702,0.793616161299057,0.3556715713589837,0.45305112
8702,0.793616161299057,0.355504636034866,0.45305112
8702,0.793616161299057,0.35533584040064187,0.45305112
8702,0.793616161299057,0.3551651209017496,0.45305112
8702,0.793616161299057,0.35499242012132093,0.45305112
8702,0.793616161299057,0.35481768665172925,0.45305112
8702,0.793616161299057,0.35464087496553853,0.45305112
8702,0.793616161299057,0.35446194528589486,0.45305112
8702,0.793616161299057,0.35428086345643456,0.45305112
8702,0.793616161299057,0.35409760081071834,0.45305112
8702,0.793616161299057,0.3539121340412566,0.45305112
8702,0.793616161299057,0.3537244450681709,0.45305112
8702,0.793616161299057,0.3535345209075515,0.45305112
8702,0.793616161299057,0.3533423535395296,0.45305112
8702,0.793616161299057,0.35314793977617553,0.45305112
8702,0.793616161299057,0.352951281129217,0.45305112
8702,0.793616161299057,0.3527523836776742,0.45305112
8702,0.793616161299057,0.35255125793544945,0.45305112
8702,0.793616161299057,0.35234791871894616,0.45305112
8702,0.793616161299057,0.35214238501475814,0.45305112
8702,0.793616161299057,0.35193467984750165,0.45305112
8702,0.793616161299057,0.3517248301478589,0.45305112
8702,0.793616161299057,0.35151286662087994,0.45305112
8702,0.793616161299057,0.35129882361461334,0.45305112
8702,0.793616161299057,0.35108273898914466,0.45305112
8702,0.793616161299057,0.3508646539860802,0.45305112
8702,0.793616161299057,0.35064461309856715,0.45305112
8702,0.793616161299057,0.3504226639419049,0.45305112
8702,0.793616161299057,0.3501988571248125,0.45305112
8702,0.793616161299057,0.34997324612142794,0.45305112
8702,0.793616161299057,0.34974588714410204,0.45305112
8702,0.793616161299057,0.34951683901704533,0.45305112
8702,0.793616161299057,0.34928616305091514,0.45305112
8702,0.793616161299057,0.3490539229183952,0.45305112
8702,0.793616161299057,0.34882018453082947,0.45305112
8702,0.793616161299057,0.3485850159160017,0.45305112
8702,0.793616161299057,0.34834848709710375,0.45305112
8702,0.793616161299057,0.3481106699729561,0.45305112
8702,0.793616161299057,0.3478716381995726,0.45305112
8702,0.793616161299057,0.34763146707310083,0.45305112
8702,0.793616161299057,0.3473902334142336,0.45305112
8702,0.793616161299057,0.3471480154541206,0.45305112
8702,0.793616161299057,0.34690489272186614,0.45305112
8702,0.793616161299057,0.3466609459336708,0.45305112
8702,0.793616161299057,0.3464162568836707,0.45305112
8702,0.793616161299057,0.3461709083365139,0.45305112
8702,0.793616161299057,0.3459249839217848,0.45305112
8702,0.793616161299057,0.3456785680302644,0.45305112
8702,0.793616161299057,0.3454317457121252,0.45305112
8702,0.793616161299057,0.3451846025771046,0.45305112
8702,0.793616161299057,0.34493722469668536,0.45305112
8702,0.793616161299057,0.34468969850836856,0.45305112
8702,0.793616161299057,0.344442110722045,0.45305112
8702,0.793616161299057,0.34419454822853646,0.45305112
8702,0.793616161299057,0.34394709801035084,0.45305112
8702,0.793616161299057,0.34369984705466794,0.45305112
8702,0.793616161299057,0.3434528822686144,0.45305112
8702,0.793616161299057,0.3432062903968695,0.45305112
8702,0.793616161299057,0.34296015794160145,0.45305112
8702,0.793616161299057,0.3427145710848166,0.45305112
8702,0.793616161299057,0.3424696156130982,0.45305112
8702,0.793616161299057,0.3422253768448064,0.45305112
8702,0.793616161299057,0.34198193955973644,0.45305112
8702,0.793616161299057,0.34173938793126424,0.45305112
8702,0.793616161299057,0.34149780546100555,0.45305112
8702,0.793616161299057,0.34125727491599656,0.45305112
8702,0.793616161299057,0.34101787826842045,0.45305112
8702,0.793616161299057,0.34077969663788027,0.45305112
8702,0.793616161299057,0.3405428102362405,0.45305112
8702,0.793616161299057,0.34030729831504025,0.45305112
8702,0.793616161299057,0.34007323911547754,0.45305112
8702,0.793616161299057,0.33984070982096554,0.45305112
8702,0.793616161299057,0.33960978651228796,0.45305112
8702,0.793616161299057,0.3393805441252968,0.45305112
8702,0.793616161299057,0.3391530564112135,0.45305112
8702,0.793616161299057,0.33892739589946563,0.45305112
8702,0.793616161299057,0.3387036338630919,0.45305112
8702,0.793616161299057,0.33848184028667194,0.45305112
8702,0.793616161299057,0.3382620838368021,0.45305112
8702,0.793616161299057,0.3380444318350563,0.45305112
8702,0.793616161299057,0.33782895023344944,0.45305112
8702,0.793616161299057,0.337615703592352,0.45305112
8702,0.793616161299057,0.3374047550608697,0.45305112
8702,0.793616161299057,0.3371961663596198,0.45305112
8702,0.793616161299057,0.33698999776589605,0.45305112
8702,0.793616161299057,0.3367863081011994,0.45305112
8702,0.793616161299057,0.33658515472108597,0.45305112
8702,0.793616161299057,0.3363865935073045,0.45305112
8702,0.793616161299057,0.33619067886219595,0.45305112
8702,0.793616161299057,0.33599746370529915,0.45305112
8702,0.793616161299057,0.3358069994721219,0.45305112
8702,0.793616161299057,0.33561933611507433,0.45305112
8702,0.793616161299057,0.33543452210646185,0.45305112
8702,0.793616161299057,0.33525260444354094,0.45305112
8702,0.793616161299057,0.3350736286555579,0.45305112
8702,0.793616161299057,0.3348976388127546,0.45305112
8702,0.793616161299057,0.334724677537262,0.45305112
8702,0.793616161299057,0.33455478601583927,0.45305112
8702,0.793616161299057,0.3343880040144279,0.45305112
8702,0.793616161299057,0.33422436989443843,0.45305112
8702,0.793616161299057,0.33406392063072304,0.45305112
8702,0.793616161299057,0.3339066918311898,0.45305112
8702,0.793616161299057,0.33375271775800297,0.45305112
8702,0.793616161299057,0.3336020313502869,0.45305112
8702,0.793616161299057,0.3334546642483235,0.45305112
8702,0.793616161299057,0.33331064681911216,0.45305112
8702,0.793616161299057,0.3331700081833327,0.45305112
8702,0.793616161299057,0.3330327762435496,0.45305112
8702,0.793616161299057,0.33289897771367166,0.45305112
8702,0.793616161299057,0.3327686381495652,0.45305112
8702,0.793616161299057,0.3326417819807987,0.45305112
8702,0.793616161299057,0.3325184325434091,0.45305112
8702,0.793616161299057,0.33239861211366795,0.45305112
8702,0.793616161299057,0.3322823419427865,0.45305112
8702,0.793616161299057,0.3321696422924611,0.45305112
8702,0.793616161299057,0.33206053247125616,0.45305112
8702,0.793616161299057,0.33195503087171085,0.45305112
8702,0.793616161299057,0.3318531550081487,0.45305112
8702,0.793616161299057,0.33175492155509945,0.45305112
8702,0.793616161299057,0.33166034638631736,0.45305112
8702,0.793616161299057,0.33156944461427,0.45305112
8702,0.793616161299057,0.33148223063012466,0.45305112
8702,0.793616161299057,0.33139871814410377,0.45305112
8702,0.793616161299057,0.3313189202261761,0.45305112
8702,0.793616161299057,0.3312428493470689,0.45305112
8702,0.793616161299057,0.3311705174194567,0.45305112
8702,0.793616161299057,0.33110193583938113,0.45305112
8702,0.793616161299057,0.3310371155277417,0.45305112
8702,0.793616161299057,0.3309760669719109,0.45305112
8702,0.793616161299057,0.3309188002673234,0.45305112
8702,0.793616161299057,0.3308653251590664,0.45305112
8702,0.793616161299057,0.3308156510833729,0.45305112
8702,0.793616161299057,0.33076978720901884,0.45305112
8702,0.793616161299057,0.33072774247851067,0.45305112
8702,0.793616161299057,0.3306895256490886,0.45305112
8702,0.793616161299057,0.33065514533345763,0.45305112
8702,0.793616161299057,0.3306246100402201,0.45305112
8702,0.793616161299057,0.3305979282139658,0.45305112
8702,0.793616161299057,0.33057510827498143,0.45305112
8702,0.793616161299057,0.33055615865853655,0.45305112
8702,0.793616161299057,0.3305410878537277,0.45305112
8702,0.793616161299057,0.33052990444180874,0.45305112
8702,0.793616161299057,0.33052261713402126,0.45305112
8702,0.793616161299057,0.3305192348088453,0.45305112
8702,0.793616161299057,0.3305197665486937,0.45305112
8702,0.793616161299057,0.3305242216759521,0.45305112
8702,0.793616161299057,0.3305326097884077,0.45305112
8702,0.793616161299057,0.3305449407939877,0.45305112
8702,0.793616161299057,0.3305612249448265,0.45305112
8702,0.793616161299057,0.33058147287058354,0.45305112
8702,0.793616161299057,0.33060569561105435,0.45305112
8702,0.793616161299057,0.3306339046480033,0.45305112
8702,0.793616161299057,0.3306661119362385,0.45305112
8702,0.793616161299057,0.3307023299338595,0.45305112
8702,0.793616161299057,0.3307425716317363,0.45305112
8702,0.793616161299057,0.3307868505821476,0.45305112
8702,0.793616161299057,0.3308351809265671,0.45305112
8702,0.793616161299057,0.3308875774226361,0.45305112
8702,0.793616161299057,0.3309440554702537,0.45305112
8702,0.793616161299057,0.331004631136818,0.45305112
8702,0.793616161299057,0.3310693211815803,0.45305112
8702,0.793616161299057,0.33113814307914474,0.45305112
8702,0.793616161299057,0.33121111504206957,0.45305112
8702,0.793616161299057,0.3312882560425793,0.45305112
8702,0.793616161299057,0.3313695858334123,0.45305112
8702,0.793616161299057,0.33145512496776963,0.45305112
8702,0.793616161299057,0.33154489481836497,0.45305112
8702,0.793616161299057,0.33163891759561814,0.45305112
8702,0.793616161299057,0.3317372163649479,0.45305112
8702,0.793616161299057,0.3318398150631851,0.45305112
8702,0.793616161299057,0.331946738514135,0.45305112
8702,0.793616161299057,0.33205801244324923,0.45305112
8702,0.793616161299057,0.3321736634914494,0.45305112
8702,0.793616161299057,0.33229371922810375,0.45305112
8702,0.793616161299057,0.3324182081631503,0.45305112
8702,0.793616161299057,0.33254715975839294,0.45305112
8702,0.793616161299057,0.3326806044379838,0.45305112
8702,0.793616161299057,0.33281857359807204,0.45305112
8702,0.793616161299057,0.3329610996156792,0.45305112
8702,0.793616161299057,0.3331082158567645,0.45305112
8702,0.793616161299057,0.3332599566835345,0.45305112
8702,0.793616161299057,0.3334163574609824,0.45305112
8702,0.793616161299057,0.33357745456268334,0.45305112
8702,0.793616161299057,0.33374328537586706,0.45305112
8702,0.793616161299057,0.3339138883057623,0.45305112
8702,0.793616161299057,0.33408930277925203,0.45305112
8702,0.793616161299057,0.33426956924784396,0.45305112
8702,0.793616161299057,0.33445472918997204,0.45305112
8702,0.793616161299057,0.33464482511264904,0.45305112
8702,0.793616161299057,0.3348399005524858,0.45305112
8702,0.793616161299057,0.335040000076103,0.45305112
8702,0.793616161299057,0.3352451692799324,0.45305112
8702,0.793616161299057,0.33545545478944844,0.45305112
8702,0.793616161299057,0.33567090425784735,0.45305112
8702,0.793616161299057,0.33589156636415135,0.45305112
8702,0.793616161299057,0.33611749081083386,0.45305112
8702,0.793616161299057,0.33634872832089074,0.45305112
8702,0.793616161299057,0.3365853306344586,0.45305112
8702,0.793616161299057,0.3368273505049571,0.45305112
8702,0.793616161299057,0.33707484169475704,0.45305112
8702,0.793616161299057,0.33732785897044437,0.45305112
8702,0.793616161299057,0.3375864580976563,0.45305112
8702,0.793616161299057,0.33785069583551863,0.45305112
8702,0.793616161299057,0.33812062993071085,0.45305112
8702,0.793616161299057,0.33839631911116486,0.45305112
8702,0.793616161299057,0.338677823079427,0.45305112
8702,0.793616161299057,0.33896520250568946,0.45305112
8702,0.793616161299057,0.3392585190205186,0.45305112
8702,0.793616161299057,0.3395578352072891,0.45305112
8702,0.793616161299057,0.33986321459434177,0.45305112
8702,0.793616161299057,0.34017472164690526,0.45305112
8702,0.793616161299057,0.3404924217587431,0.45305112
8702,0.793616161299057,0.340816381243601,0.45305112
8702,0.793616161299057,0.34114666732645926,0.45305112
8702,0.793616161299057,0.3414833481345527,0.45305112
8702,0.793616161299057,0.3418264926882572,0.45305112
8702,0.793616161299057,0.3421761708917891,0.45305112
8702,0.793616161299057,0.3425324535237683,0.45305112
8702,0.793616161299057,0.34289541222766423,0.45305112
8702,0.793616161299057,0.343265119502089,0.45305112
8702,0.793616161299057,0.343641648691037,0.45305112
8702,0.793616161299057,0.3440250739740058,0.45305112
8702,0.793616161299057,0.3444154703560409,0.45305112
8702,0.793616161299057,0.3448129136577502,0.45305112
8702,0.793616161299057,0.34521748050523987,0.45305112
8702,0.793616161299057,0.3456292483200409,0.45305112
8702,0.793616161299057,0.34604829530898173,0.45305112
8702,0.793616161299057,0.34647470045410805,0.45305112
8702,0.793616161299057,0.34690854350254446,0.45305112
8702,0.793616161299057,0.3473499049564143,0.45305112
8702,0.793616161299057,0.34779886606277854,0.45305112
8702,0.793616161299057,0.3482555088035982,0.45305112
8702,0.793616161299057,0.3487199158857668,0.45305112
8702,0.793616161299057,0.3491921707311952,0.45305112
8702,0.793616161299057,0.34967235746696973,0.45305112
8702,0.793616161299057,0.3501605609155979,0.45305112
8702,0.793616161299057,0.35065686658534706,0.45305112
8702,0.793616161299057,0.3511613606606745,0.45305112
8702,0.793616161299057,0.35167412999280373,0.45305112
8702,0.793616161299057,0.3521952620903811,0.45305112
8702,0.793616161299057,0.35272484511030605,0.45305112
8702,0.793616161299057,0.3532629678486863,0.45305112
8702,0.793616161299057,0.35380971973193853,0.45305112
8702,0.793616161299057,0.35436519080808493,0.45305112
8702,0.793616161299057,0.3549294717381688,0.45305112
8702,0.793616161299057,0.3555026537878992,0.45305112
8702,0.793616161299057,0.35608482881945874,0.45305112
8702,0.793616161299057,0.35667608928351585,0.45305112
8702,0.793616161299057,0.3572765282114417,0.45305112
8702,0.793616161299057,0.35788623920773943,0.45305112
8702,0.793616161299057,0.35850531644270744,0.45305112
8702,0.793616161299057,0.35913385464530867,0.45305112
8702,0.793616161299057,0.3597719490963075,0.45305112
8702,0.793616161299057,0.36041969562163434,0.45305112
8702,0.793616161299057,0.3610771905860066,0.45305112
8702,0.793616161299057,0.36174453088679875,0.45305112
8702,0.793616161299057,0.36242181394821593,0.45305112
8702,0.793616161299057,0.36310913771569814,0.45305112
8702,0.793616161299057,0.36380660065063064,0.45305112
8702,0.793616161299057,0.36451430172533267,0.45305112
8702,0.793616161299057,0.3652323404183562,0.45305112
8702,0.793616161299057,0.36596081671005865,0.45305112
8702,0.793616161299057,0.3666998310784933,0.45305112
8702,0.793616161299057,0.36744948449562315,0.45305112
8702,0.793616161299057,0.3682098784238298,0.45305112
8702,0.793616161299057,0.36898111481275453,0.45305112
8702,0.793616161299057,0.36976329609646563,0.45305112
8702,0.793616161299057,0.3705565251909453,0.45305112
8702,0.793616161299057,0.37136090549194223,0.45305112
8702,0.793616161299057,0.37217654087311614,0.45305112
8702,0.793616161299057,0.3730035356845453,0.45305112
8702,0.793616161299057,0.3738419947516106,0.45305112
8702,0.793616161299057,0.37469202337414265,0.45305112
8702,0.793616161299057,0.375553727326029,0.45305112
8702,0.793616161299057,0.37642721285506714,0.45305112
8702,0.793616161299057,0.37731258668321466,0.45305112
8702,0.793616161299057,0.378209956007239,0.45305112
8702,0.793616161299057,0.3791194284996078,0.45305112
8702,0.793616161299057,0.38004111230981397,0.45305112
8702,0.793616161299057,0.38097511606606277,0.45305112
8702,0.793616161299057,0.3819215488772453,0.45305112
8702,0.793616161299057,0.38288052033528136,0.45305112
8702,0.793616161299057,0.3838521405178335,0.45305112
8702,0.793616161299057,0.38483651999131496,0.45305112
8702,0.793616161299057,0.3858337698143229,0.45305112
8702,0.793616161299057,0.38684400154128734,0.45305112
8702,0.793616161299057,0.38786732722650685,0.45305112
8702,0.793616161299057,0.38890385942851885,0.45305112
8702,0.793616161299057,0.3899537112147406,0.45305112
8702,0.793616161299057,0.39101699616645624,0.45305112
8702,0.793616161299057,0.39209382838407136,0.45305112
8702,0.793616161299057,0.39318432249267715,0.45305112
8702,0.793616161299057,0.3942885936478603,0.45305112
8702,0.793616161299057,0.39540675754182075,0.45305112
8702,0.793616161299057,0.3965389304096887,0.45305112
8702,0.793616161299057,0.397685229036185,0.45305112
8702,0.793616161299057,0.39884577076237315,0.45305112
8702,0.793616161299057,0.400020673492714,0.45305112
8702,0.793616161299057,0.40121005570230617,0.45305112
8702,0.793616161299057,0.4024140364442933,0.45305112
8702,0.793616161299057,0.40363273535744276,0.45305112
8702,0.793616161299057,0.40486627267387837,0.45305112
8702,0.793616161299057,0.4061147692269273,0.45305112
8702,0.793616161299057,0.40737834645908605,0.45305112
8702,0.793616161299057,0.40865712643006463,0.45305112
8702,0.793616161299057,0.409951231824903,0.45305112
8702,0.793616161299057,0.41126078596212234,0.45305112
8702,0.793616161299057,0.41258591280190676,0.45305112
8702,0.793616161299057,0.41392673695427046,0.45305112
8702,0.793616161299057,0.41528338368719053,0.45305112
8702,0.793616161299057,0.4166559789346972,0.45305112
8702,0.793616161299057,0.4180446493048575,0.45305112
8702,0.793616161299057,0.41944952208767966,0.45305112
8702,0.793616161299057,0.4208707252628346,0.45305112
8702,0.793616161299057,0.42230838750724986,0.45305112
8702,0.793616161299057,0.4237626382024627,0.45305112
8702,0.793616161299057,0.4252336074417713,0.45305112
8702,0.793616161299057,0.42672142603711394,0.45305112
8702,0.793616161299057,0.42822622552563294,0.45305112
8702,0.793616161299057,0.42974813817593804,0.45305112
8702,0.793616161299057,0.4312872969939899,0.45305112
8702,0.793616161299057,0.4328438357285778,0.45305112
8702,0.793616161299057,0.4344178888763816,0.45305112
8702,0.793616161299057,0.43600959168655573,0.45305112
8702,0.793616161299057,0.4376190801648052,0.45305112
8702,0.793616161299057,0.4392464910769246,0.45305112
8702,0.793616161299057,0.4408919619517523,0.45305112
8702,0.793616161299057,0.4425556310835165,0.45305112
8702,0.793616161299057,0.44423763753351303,0.45305112
8702,0.793616161299057,0.44593812113111464,0.45305112
8702,0.793616161299057,0.4476572224740185,0.45305112
8702,0.793616161299057,0.4493950829277521,0.45305112
8702,0.793616161299057,0.45115184462434743,0.45305112
8702,0.793616161299057,0.45292765046019445,0.45305112
8702,0.793616161299057,0.4547226440929777,0.45305112
8702,0.793616161299057,0.45653696993771853,0.45305112
8702,0.793616161299057,0.4583707731618354,0.45305112
8702,0.793616161299057,0.46022419967920414,0.45305112
8702,0.793616161299057,0.4620973961431869,0.45305112
8702,0.793616161299057,0.46399050993856644,0.45305112
8702,0.793616161299057,0.4659036891723848,0.45305112
8702,0.793616161299057,0.46783708266360635,0.45305112
8702,0.793616161299057,0.469790839931601,0.45305112
8702,0.793616161299057,0.4717651111833937,0.45305112
8702,0.793616161299057,0.4737600472996547,0.45305112
8702,0.793616161299057,0.47577579981938006,0.45305112
8702,0.793616161299057,0.4778125209232388,0.45305112
8702,0.793616161299057,0.47987036341554856,0.45305112
8702,0.793616161299057,0.4819494807048538,0.45305112
8702,0.793616161299057,0.48405002678304676,0.45305112
8702,0.793616161299057,0.48617215620303567,0.45305112
8702,0.793616161299057,0.48831602405489816,0.45305112
8702,0.793616161299057,0.490481785940509,0.45305112
8702,0.793616161299057,0.49266959794659493,0.45305112
8702,0.793616161299057,0.4948796166161997,0.45305112
8702,0.793616161299057,0.49711199891854285,0.45305112
8702,0.793616161299057,0.4993669022171995,0.45305112
8702,0.793616161299057,0.50164448423663,0.45305112
8702,0.793616161299057,0.5039449030270121,0.45305112
8702,0.793616161299057,0.5062683169273378,0.45305112
8702,0.793616161299057,0.5086148845267644,0.45305112
8702,0.793616161299057,0.5109847646242172,0.45305112
8702,0.793616161299057,0.5133781161861719,0.45305112
8702,0.793616161299057,0.5157950983026802,0.45305112
8702,0.793616161299057,0.5182358701415245,0.45305112
8702,0.793616161299057,0.5207005909005517,0.45305112
8702,0.793616161299057,0.5231894197581598,0.45305112
8702,0.793616161299057,0.5257025158218956,0.45305112
8702,0.793616161299057,0.5282400380751925,0.45305112
8702,0.793616161299057,0.5308021453222022,0.45305112
8702,0.793616161299057,0.5333889961307082,0.45305112
8702,0.793616161299057,0.5360007487731673,0.45305112
8702,0.793616161299057,0.5386375611657866,0.45305112
8702,0.793616161299057,0.5412995908057033,0.45305112
8702,0.793616161299057,0.5439869947062257,0.45305112
8702,0.793616161299057,0.5466999293301329,0.45305112
8702,0.793616161299057,0.5494385505210493,0.45305112
8702,0.793616161299057,0.5522030134328568,0.45305112
8702,0.793616161299057,0.5549934724572131,0.45305112
8702,0.793616161299057,0.5578100811490802,0.45305112
8702,0.793616161299057,0.5606529921503588,0.45305112
8702,0.793616161299057,0.5635223571115625,0.45305112
8702,0.793616161299057,0.566418326611592,0.45305112
8702,0.793616161299057,0.5693410500755527,0.45305112
8702,0.793616161299057,0.5722906756907128,0.45305112
8702,0.793616161299057,0.5752673503204899,0.45305112
8702,0.793616161299057,0.5782712194165842,0.45305112
8702,0.793616161299057,0.5813024269292099,0.45305112
8702,0.793616161299057,0.5843611152154558,0.45305112
8702,0.793616161299057,0.5874474249457621,0.45305112
8702,0.793616161299057,0.5905614950085667,0.45305112
8702,0.793616161299057,0.5937034624130909,0.45305112
8702,0.793616161299057,0.5968734621903042,0.45305112
8702,0.793616161299057,0.6000716272920964,0.45305112
8702,0.793616161299057,0.603298088488607,0.45305112
8702,0.793616161299057,0.6065529742638327,0.45305112
8702,0.793616161299057,0.6098364107094063,0.45305112
8702,0.793616161299057,0.6131485214166825,0.45305112
8702,0.793616161299057,0.6164894273670509,0.45305112
8702,0.793616161299057,0.6198592468205647,0.45305112
8702,0.793616161299057,0.6232580952028554,0.45305112
8702,0.793616161299057,0.626686084990374,0.45305112
8702,0.793616161299057,0.6301433255939836,0.45305112
8702,0.793616161299057,0.6336299232408891,0.45305112
8702,0.793616161299057,0.6371459808549872,0.45305112
8702,0.793616161299057,0.6406915979355647,0.45305112
8702,0.793616161299057,0.6442668704344552,0.45305112
8702,0.793616161299057,0.6478718906316102,0.45305112
8702,0.793616161299057,0.65150674700914,0.45305112
8702,0.793616161299057,0.6551715241238348,0.45305112
8702,0.793616161299057,0.6588663024781646,0.45305112
8702,0.793616161299057,0.6625911583898196,0.45305112
8702,0.793616161299057,0.666346163859766,0.45305112
8702,0.793616161299057,0.6701313864388709,0.45305112
8702,0.793616161299057,0.6739468890931162,0.45305112
8702,0.793616161299057,0.6777927300673665,0.45305112
8702,0.793616161299057,0.6816689627478018,0.45305112
8702,0.793616161299057,0.6855756355229544,0.45305112
8702,0.793616161299057,0.6895127916434212,0.45305112
8702,0.793616161299057,0.6934804690802302,0.45305112
8702,0.793616161299057,0.6974787003819094,0.45305112
8702,0.793616161299057,0.7015075125302948,0.45305112
8702,0.793616161299057,0.7055669267950234,0.45305112
8702,0.793616161299057,0.7096569585868416,0.45305112
8702,0.793616161299057,0.7137776173096197,0.45305112
8702,0.793616161299057,0.717928906211214,0.45305112
8702,0.793616161299057,0.7221108222331286,0.45305112
8702,0.793616161299057,0.7263233558590009,0.45305112
8702,0.793616161299057,0.7305664909619599,0.45305112
8702,0.793616161299057,0.7348402046508382,0.45305112
8702,0.793616161299057,0.7391444671153112,0.45305112
8702,0.793616161299057,0.7434792414699529,0.45305112
8702,0.793616161299057,0.7478444835972047,0.45305112
8702,0.793616161299057,0.7522401419893568,0.45305112
8702,0.793616161299057,0.756666157589482,0.45305112
8702,0.793616161299057,0.7611224636314219,0.45305112
8702,0.793616161299057,0.7656089854787942,0.45305112
8702,0.793616161299057,0.7701256404630633,0.45305112
8702,0.793616161299057,0.7746723377207244,0.45305112
8702,0.793616161299057,0.7792489780296245,0.45305112
8702,0.793616161299057,0.7838554536444109,0.45305112
8702,0.793616161299057,0.788491648131196,0.45305112
8702,0.793616161299057,0.79315743620144,0.45305112
8702,0.793616161299057,0.7978526835450738,0.45305112
8702,0.793616161299057,0.802577246662977,0.45305112
8702,0.793616161299057,0.8073309726986965,0.45305112
8702,0.793616161299057,0.8121136992696504,0.45305112
8702,0.793616161299057,0.816925254297678,0.45305112
8702,0.793616161299057,0.8217654558390846,0.45305112
8702,0.793616161299057,0.8266341119142164,0.45305112
8702,0.793616161299057,0.831531020336561,0.45305112
8702,0.793616161299057,0.8364559685415349,0.45305112
8702,0.793616161299057,0.8414087334148854,0.45305112
8702,0.793616161299057,0.8463890811208783,0.45305112
8702,0.793616161299057,0.8513967669302676,0.45305112
8702,0.793616161299057,0.8564315350481283,0.45305112
8702,0.793616161299057,0.8614931184416686,0.45305112
8702,0.793616161299057,0.8665812386679995,0.45305112
8702,0.793616161299057,0.8716956057020483,0.45305112
8702,0.793616161299057,0.876835917764616,0.45305112
8702,0.793616161299057,0.8820018611507012,0.45305112
8702,0.793616161299057,0.8871931100581847,0.45305112
8702,0.793616161299057,0.8924093264169433,0.45305112
8702,0.793616161299057,0.8976501597185335,0.45305112
8702,0.793616161299057,0.9029152468464735,0.45305112
8702,0.793616161299057,0.9082042119073414,0.45305112
8702,0.793616161299057,0.9135166660626823,0.45305112
8702,0.793616161299057,0.9188522073619652,0.45305112
8702,0.793616161299057,0.9242104205765866,0.45305112
8702,0.793616161299057,0.9295908770351495,0.45305112
8702,0.793616161299057,0.9349931344601156,0.45305112
8702,0.793616161299057,0.9404167368059212,0.45305112
8702,0.793616161299057,0.9458612140988191,0.45305112
8702,0.793616161299057,0.9513260822784531,0.45305112
8702,0.793616161299057,0.9568108430414336,0.45305112
8702,0.793616161299057,0.9623149836870001,0.45305112
8702,0.793616161299057,0.9678379769650008,0.45305112
8702,0.793616161299057,0.9733792809262843,0.45305112
8702,0.793616161299057,0.9789383387757579,0.45305112
8702,0.793616161299057,0.9845145787282417,0.45305112
8702,0.793616161299057,0.9901074138673087,0.45305112
8702,0.793616161299057,0.9957162420073566,0.45305112
8702,0.793616161299057,1.0013404455590271,0.45305112
8702,0.793616161299057,1.0069793913982494,0.45305112
8702,0.793616161299057,1.0126324307390995,0.45305112
8702,0.793616161299057,1.0182988990106254,0.45305112
8702,0.793616161299057,1.0239781157379886,0.45305112
8702,0.793616161299057,1.029669384427994,0.45305112
8702,0.793616161299057,1.0353719924593772,0.45305112
8702,0.793616161299057,1.0410852109779731,0.45305112
8702,0.793616161299057,1.0468082947970765,0.45305112
8702,0.793616161299057,1.0525404823032405,0.45305112
8702,0.793616161299057,1.0582809953676424,0.45305112
8702,0.793616161299057,1.064029039263484,0.45305112
8702,0.793616161299057,1.0697838025894635,0.45305112
8702,0.793616161299057,1.0755444571997212,0.45305112
8702,0.793616161299057,1.0813101581404594,0.45305112
8702,0.793616161299057,1.0870800435935433,0.45305112
8702,0.793616161299057,1.0928532348272773,0.45305112
8702,0.793616161299057,1.098628836154731,0.45305112
8702,0.793616161299057,1.1044059348998172,0.45305112
8702,0.793616161299057,1.1101836013714197,0.45305112
8702,0.793616161299057,1.1159608888458228,0.45305112
8702,0.793616161299057,1.1217368335578013,0.45305112
8702,0.793616161299057,1.1275104547005492,0.45305112
8702,0.793616161299057,1.133280754434786,0.45305112
8702,0.793616161299057,1.1390467179073256,0.45305112
8702,0.793616161299057,1.1448073132793686,0.45305112
8702,0.793616161299057,1.1505614917647742,0.45305112
8702,0.793616161299057,1.156308187678668,0.45305112
8702,0.793616161299057,1.1620463184966034,0.45305112
8702,0.793616161299057,1.1677747849245133,0.45305112
8702,0.793616161299057,1.1734924709799006,0.45305112
8702,0.793616161299057,1.1791982440842668,0.45305112
8702,0.793616161299057,1.1848909551672913,0.45305112
8702,0.793616161299057,1.1905694387829404,0.45305112
8702,0.793616161299057,1.196232513237714,0.45305112
8702,0.793616161299057,1.2018789807312915,0.45305112
8702,0.793616161299057,1.2075076275100072,0.45305112
8702,0.793616161299057,1.2131172240330756,0.45305112
8702,0.793616161299057,1.2187065251521259,0.45305112
8702,0.793616161299057,1.2242742703040648,0.45305112
8702,0.793616161299057,1.2298191837175871,0.45305112
8702,0.793616161299057,1.2353399746334977,0.45305112
8702,0.793616161299057,1.240835337539142,0.45305112
8702,0.793616161299057,1.2463039524170303,0.45305112
8702,0.793616161299057,1.251744485007901,0.45305112
8702,0.793616161299057,1.257155587088453,0.45305112
8702,0.793616161299057,1.2625358967637632,0.45305112
8702,0.793616161299057,1.2678840387747878,0.45305112
8702,0.793616161299057,1.273198624820813,0.45305112
8702,0.793616161299057,1.2784782538972292,0.45305112
8702,0.793616161299057,1.2837215126486001,0.45305112
8702,0.793616161299057,1.288926975737228,0.45305112
8702,0.793616161299057,1.294093206227245,0.45305112
8702,0.793616161299057,1.299218755984295,0.45305112
8702,0.793616161299057,1.3043021660910563,0.45305112
8702,0.793616161299057,1.3093419672783355,0.45305112
8702,0.793616161299057,1.3143366803720957,0.45305112
8702,0.793616161299057,1.319284816756217,0.45305112
8702,0.793616161299057,1.3241848788510802,0.45305112
8702,0.793616161299057,1.3290353606079865,0.45305112
8702,0.793616161299057,1.3338347480193096,0.45305112
8702,0.793616161299057,1.3385815196444117,0.45305112
8702,0.793616161299057,1.3432741471511487,0.45305112
8702,0.793616161299057,1.3479110958730596,0.45305112
8702,0.793616161299057,1.3524908253819146,0.45305112
8702,0.793616161299057,1.3570117900757195,0.45305112
8702,0.793616161299057,1.3614724397818467,0.45305112
8702,0.793616161299057,1.3658712203752883,0.45305112
8702,0.793616161299057,1.3702065744117562,0.45305112
8702,0.793616161299057,1.3744769417754337,0.45305112
8702,0.793616161299057,1.3786807603412636,0.45305112
8702,0.793616161299057,1.382816466651347,0.45305112
8702,0.793616161299057,1.386882496605395,0.45305112
8702,0.793616161299057,1.390877286164816,0.45305112
8702,0.793616161299057,1.394799272070192,0.45305112
8702,0.793616161299057,1.3986468925718074,0.45305112
8702,0.793616161299057,1.4024185881728828,0.45305112
8702,0.793616161299057,1.4061128023852365,0.45305112
8702,0.793616161299057,1.4097279824967768,0.45305112
8702,0.793616161299057,1.4132625803507046,0.45305112
8702,0.793616161299057,1.416715053135777,0.45305112
8702,0.793616161299057,1.420083864187305,0.45305112
8702,0.793616161299057,1.423367483798356,0.45305112
8702,0.793616161299057,1.4265643900407545,0.45305112
8702,0.793616161299057,1.429673069595279,0.45305112
8702,0.793616161299057,1.4326920185906395,0.45305112
8702,0.793616161299057,1.4356197434505458,0.45305112
8702,0.793616161299057,1.4384547617485213,0.45305112
8702,0.793616161299057,1.441195603069683,0.45305112
8702,0.793616161299057,1.4438408098789128,0.45305112
8702,0.793616161299057,1.446388938394989,0.45305112
8702,0.793616161299057,1.4488385594698179,0.45305112
8702,0.793616161299057,1.4511882594722172,0.45305112
8702,0.793616161299057,1.453436641175634,0.45305112
8702,0.793616161299057,1.455582324648972,0.45305112
8702,0.793616161299057,1.4576239481500446,0.45305112
8702,0.793616161299057,1.4595601690206823,0.45305112
8702,0.793616161299057,1.4613896645830253,0.45305112
8702,0.793616161299057,1.46311113303609,0.45305112
8702,0.793616161299057,1.4647232943518824,0.45305112
8702,0.793616161299057,1.466224891170453,0.45305112
8702,0.793616161299057,1.4676146896928366,0.45305112
8702,0.793616161299057,1.468891480571377,0.45305112
8702,0.793616161299057,1.470054079796488,0.45305112
8702,0.793616161299057,1.4711013295790805,0.45305112
8702,0.793616161299057,1.472032099227822,0.45305112
8702,0.793616161299057,1.4728452860205177,0.45305112
8702,0.793616161299057,1.4735398160686588,0.45305112
8702,0.793616161299057,1.4741146451744125,0.45305112
8702,0.793616161299057,1.4745687596791341,0.45305112
8702,0.793616161299057,1.474901177302686,0.45305112
8702,0.793616161299057,1.4751109479726074,0.45305112
8702,0.793616161299057,1.4751971546423859,0.45305112
8702,0.793616161299057,1.4751589140979513,0.45305112
8702,0.793616161299057,1.4749953777515623,0.45305112
8702,0.793616161299057,1.4747057324222954,0.45305112
8702,0.793616161299057,1.4742892011022277,0.45305112
8702,0.793616161299057,1.4737450437075572,0.45305112
8702,0.793616161299057,1.473072557813814,0.45305112
8702,0.793616161299057,1.4722710793743488,0.45305112
8702,0.793616161299057,1.47133998342128,0.45305112
8702,0.793616161299057,1.470278684748179,0.45305112
8702,0.793616161299057,1.4690866385734906,0.45305112
8702,0.793616161299057,1.4677633411842541,0.45305112
8702,0.793616161299057,1.466308330559049,0.45305112
8702,0.793616161299057,1.4647211869695025,0.45305112
8702,0.793616161299057,1.4630015335597415,0.45305112
8702,0.793616161299057,1.4611490369028948,0.45305112
8702,0.793616161299057,1.4591634075340207,0.45305112
8702,0.793616161299057,1.457044400458771,0.45305112
8702,0.793616161299057,1.4547918156370663,0.45305112
8702,0.793616161299057,1.452405498441198,0.45305112
8702,0.793616161299057,1.4498853400876244,0.45305112
8702,0.793616161299057,1.4472312780419787,0.45305112
8702,0.793616161299057,1.444443296396533,0.45305112
8702,0.793616161299057,1.4415214262196971,0.45305112
8702,0.793616161299057,1.438465745876911,0.45305112
8702,0.793616161299057,1.435276381322412,0.45305112
8702,0.793616161299057,1.4319535063614508,0.45305112
8702,0.793616161299057,1.428497342882416,0.45305112
8702,0.793616161299057,1.424908161058399,0.45305112
8702,0.793616161299057,1.4211862795178787,0.45305112
8702,0.793616161299057,1.4173320654840489,0.45305112
8702,0.793616161299057,1.4133459348824746,0.45305112
8702,0.793616161299057,1.4092283524167262,0.45305112
8702,0.793616161299057,1.4049798316116648,0.45305112
8702,0.793616161299057,1.400600934824218,0.45305112
8702,0.793616161299057,1.3960922732212142,0.45305112
8702,0.793616161299057,1.3914545067243258,0.45305112
8702,0.793616161299057,1.3866883439216604,0.45305112
8702,0.793616161299057,1.3817945419461188,0.45305112
8702,0.793616161299057,1.3767739063202402,0.45305112
8702,0.793616161299057,1.3716272907675366,0.45305112
8702,0.793616161299057,1.3663555969902554,0.45305112
8702,0.793616161299057,1.3609597744135464,0.45305112
8702,0.793616161299057,1.3554408198961232,0.45305112
8702,0.793616161299057,1.3497997774074124,0.45305112
8702,0.793616161299057,1.344037737671295,0.45305112
8702,0.793616161299057,1.3381558377766276,0.45305112
8702,0.793616161299057,1.3321552607546805,0.45305112
8702,0.793616161299057,1.3260372351236183,0.45305112
8702,0.793616161299057,1.3198030344004172,0.45305112
8702,0.793616161299057,1.3134539765803335,0.45305112
8702,0.793616161299057,1.306991423584324,0.45305112
8702,0.793616161299057,1.3004167806747244,0.45305112
8702,0.793616161299057,1.2937314958395258,0.45305112
8702,0.793616161299057,1.2869370591457694,0.45305112
8702,0.793616161299057,1.2800350020623037,0.45305112
8702,0.793616161299057,1.2730268967525988,0.45305112
8702,0.793616161299057,1.2659143553379428,0.45305112
8702,0.793616161299057,1.258699029131669,0.45305112
8702,0.793616161299057,1.2513826078449024,0.45305112
8702,0.793616161299057,1.2439668187644974,0.45305112
8702,0.793616161299057,1.2364534259037174,0.45305112
8702,0.793616161299057,1.228844229126383,0.45305112
8702,0.793616161299057,1.2211410632451474,0.45305112
8702,0.793616161299057,1.2133457970945745,0.45305112
8702,0.793616161299057,1.2054603325798396,0.45305112
8702,0.793616161299057,1.197486603701762,0.45305112
8702,0.793616161299057,1.1894265755589435,0.45305112
8702,0.793616161299057,1.1812822433279289,0.45305112
8702,0.793616161299057,1.173055631222099,0.45305112
8702,0.793616161299057,1.1647487914302852,0.45305112
8702,0.793616161299057,1.1563638030358832,0.45305112
8702,0.793616161299057,1.1479027709174314,0.45305112
8702,0.793616161299057,1.1393678246315948,0.45305112
8702,0.793616161299057,1.1307611172794392,0.45305112
8702,0.793616161299057,1.1220848243569939,0.45305112
8702,0.793616161299057,1.1133411425910864,0.45305112
8702,0.793616161299057,1.1045322887614204,0.45305112
8702,0.793616161299057,1.095660498509926,0.45305112
8702,0.793616161299057,1.0867280251383769,0.45305112
8702,0.793616161299057,1.0777371383953018,0.45305112
8702,0.793616161299057,1.0686901232532928,0.45305112
8702,0.793616161299057,1.0595892786776602,0.45305112
8702,0.793616161299057,1.0504369163875773,0.45305112
8702,0.793616161299057,1.0412353596107444,0.45305112
8702,0.793616161299057,1.0319869418326064,0.45305112
8702,0.793616161299057,1.0226940055413034,0.45305112
8702,0.793616161299057,1.013358900969295,0.45305112
8702,0.793616161299057,1.0039839848328183,0.45305112
8958,0.4623017580085463,1.4921715150606534,0.5400066
8958,0.4623017580085463,1.4950494019306606,0.5400066
8958,0.4623017580085463,1.4977068371439564,0.5400066
8958,0.4623017580085463,1.5001431136494197,0.5400066
8958,0.4623017580085463,1.5023576352610613,0.5400066
8958,0.4623017580085463,1.5043499170191197,0.5400066
8958,0.4623017580085463,1.5061195854573133,0.5400066
8958,0.4623017580085463,1.5076663787759488,0.5400066
8958,0.4623017580085463,1.5089901469206746,0.5400066
8958,0.4623017580085463,1.5100908515671296,0.5400066
8958,0.4623017580085463,1.5109685660111816,0.5400066
8958,0.4623017580085463,1.5116234749653332,0.5400066
8958,0.4623017580085463,1.512055874261352,0.5400066
8958,0.4623017580085463,1.5122661704596954,0.5400066
8958,0.4623017580085463,1.5122548803661475,0.5400066
8958,0.4623017580085463,1.5120226304564448,0.5400066
8958,0.4623017580085463,1.5115701562095014,0.5400066
8958,0.4623017580085463,1.5108983013501738,0.5400066
8958,0.4623017580085463,1.5100080170025134,0.5400066
8958,0.4623017580085463,1.5089003607545726,0.5400066
8958,0.4623017580085463,1.5075764956358841,0.5400066
8958,0.4623017580085463,1.5060376890089628,0.5400066
8958,0.4623017580085463,1.504285311376119,0.5400066
8958,0.4623017580085463,1.5023208351030999,0.5400066
8958,0.4623017580085463,1.5001458330610946,0.5400066
8958,0.4623017580085463,1.4977619771887194,0.5400066
8958,0.4623017580085463,1.4951710369757765,0.5400066
8958,0.4623017580085463,1.4923748778705592,0.5400066
8958,0.4623017580085463,1.4893754596126758,0.5400066
8958,0.4623017580085463,1.4861748344932686,0.5400066
8958,0.4623017580085463,1.482775145544801,0.5400066
8958,0.4623017580085463,1.479178624662498,0.5400066
8958,0.4623017580085463,1.4753875906597005,0.5400066
8958,0.4623017580085463,1.4714044472592864,0.5400066
8958,0.4623017580085463,1.4672316810236794,0.5400066
8958,0.4623017580085463,1.462871859225722,0.5400066
8958,0.4623017580085463,1.4583276276629202,0.5400066
8958,0.4623017580085463,1.453601708417582,0.5400066
8958,0.4623017580085463,1.448696897565399,0.5400066
8958,0.4623017580085463,1.443616062835099,0.5400066
8958,0.4623017580085463,1.4383621412218104,0.5400066
8958,0.4623017580085463,1.4329381365569016,0.5400066
8958,0.4623017580085463,1.4273471170368914,0.5400066
8958,0.4623017580085463,1.42159221271433,0.5400066
8958,0.4623017580085463,1.4156766129533989,0.5400066
8958,0.4623017580085463,1.4096035638529878,0.5400066
8958,0.4623017580085463,1.4033763656401657,0.5400066
8958,0.4623017580085463,1.3969983700368407,0.5400066
8958,0.4623017580085463,1.3904729776025033,0.5400066
8958,0.4623017580085463,1.3838036350558793,0.5400066
8958,0.4623017580085463,1.3769938325784243,0.5400066
8958,0.4623017580085463,1.3700471011024982,0.5400066
8958,0.4623017580085463,1.3629670095870532,0.5400066
8958,0.4623017580085463,1.3557571622838114,0.5400066
8958,0.4623017580085463,1.3484211959966181,0.5400066
8958,0.4623017580085463,1.3409627773369894,0.5400066
8958,0.4623017580085463,1.3333855999784903,0.5400066
8958,0.4623017580085463,1.32569338191286,0.5400066
8958,0.4623017580085463,1.3178898627106295,0.5400066
8958,0.4623017580085463,1.3099788007889284,0.5400066
8958,0.4623017580085463,1.3019639706892006,0.5400066
8958,0.4623017580085463,1.2938491603675488,0.5400066
8958,0.4623017580085463,1.2856381685002267,0.5400066
8958,0.4623017580085463,1.2773348018069957,0.5400066
8958,0.4623017580085463,1.2689428723947873,0.5400066
8958,0.4623017580085463,1.2604661951241973,0.5400066
8958,0.4623017580085463,1.2519085850012515,0.5400066
8958,0.4623017580085463,1.2432738545968192,0.5400066
8958,0.4623017580085463,1.234565811496013,0.5400066
8958,0.4623017580085463,1.2257882557798496,0.5400066
8958,0.4623017580085463,1.2169449775413224,0.5400066
8958,0.4623017580085463,1.2080397544381043,0.5400066
8958,0.4623017580085463,1.1990763492839205,0.5400066
8958,0.4623017580085463,1.190058507680553,0.5400066
8958,0.4623017580085463,1.180989955692507,0.5400066
8958,0.4623017580085463,1.1718743975661112,0.5400066
8958,0.4623017580085463,1.1627155134948908,0.5400066
8958,0.4623017580085463,1.1535169574329103,0.5400066
8958,0.4623017580085463,1.1442823549577361,0.5400066
8958,0.4623017580085463,1.1350153011845467,0.5400066
8958,0.4623017580085463,1.1257193587328935,0.5400066
8958,0.4623017580085463,1.1163980557475106,0.5400066
8958,0.4623017580085463,1.107054883974469,0.5400066
8958,0.4623017580085463,1.097693296893948,0.5400066
8958,0.4623017580085463,1.0883167079107123,0.5400066
8958,0.4623017580085463,1.0789284886034292,0.5400066
8958,0.4623017580085463,1.0695319670337753,0.5400066
8958,0.4623017580085463,1.0601304261162388,0.5400066
8958,0.4623017580085463,1.0507271020494424,0.5400066
8958,0.4623017580085463,1.0413251828096992,0.5400066
8958,0.4623017580085463,1.0319278067074886,0.5400066
8958,0.4623017580085463,1.0225380610073684,0.5400066
8958,0.4623017580085463,1.0131589806118741,0.5400066
8958,0.4623017580085463,1.0037935468097285,0.5400066
8958,0.4623017580085463,0.9944446860887387,0.5400066
8958,0.4623017580085463,0.9851152690136057,0.5400066
8958,0.4623017580085463,0.9758081091687859,0.5400066
8958,0.4623017580085463,0.9665259621665035,0.5400066
8958,0.4623017580085463,0.9572715247199111,0.5400066
8958,0.4623017580085463,0.9480474337813213,0.5400066
8958,0.4623017580085463,0.9388562657453422,0.5400066
8958,0.4623017580085463,0.9297005357167403,0.5400066
8958,0.4623017580085463,0.9205826968426586,0.5400066
8958,0.4623017580085463,0.9115051397088882,0.5400066
8958,0.4623017580085463,0.9024701917997171,0.5400066
8958,0.4623017580085463,0.8934801170208568,0.5400066
8958,0.4623017580085463,0.8845371152848938,0.5400066
8958,0.4623017580085463,0.8756433221585818,0.5400066
8958,0.4623017580085463,0.8668008085713338,0.5400066
8958,0.4623017580085463,0.858011580584102,0.5400066
8958,0.4623017580085463,0.8492775792178808,0.5400066
8958,0.4623017580085463,0.8406006803408917,0.5400066
8958,0.4623017580085463,0.8319826946135926,0.5400066
8958,0.4623017580085463,0.8234253674904843,0.5400066
8958,0.4623017580085463,0.8149303792776965,0.5400066
8958,0.4623017580085463,0.8064993452452931,0.5400066
8958,0.4623017580085463,0.7981338157931412,0.5400066
8958,0.4623017580085463,0.78983527666921,0.5400066
8958,0.4623017580085463,0.7816051492390904,0.5400066
8958,0.4623017580085463,0.773444790805469,0.5400066
8958,0.4623017580085463,0.7653554949763127,0.5400066
8958,0.4623017580085463,0.7573384920804049,0.5400066
8958,0.4623017580085463,0.7493949496289485,0.5400066
8958,0.4623017580085463,0.7415259728218189,0.5400066
8958,0.4623017580085463,0.7337326050970776,0.5400066
8958,0.4623017580085463,0.7260158287223402,0.5400066
8958,0.4623017580085463,0.7183765654265523,0.5400066
8958,0.4623017580085463,0.7108156770706956,0.5400066
8958,0.4623017580085463,0.7033339663559507,0.5400066
8958,0.4623017580085463,0.6959321775678442,0.5400066
8958,0.4623017580085463,0.6886109973548411,0.5400066
8958,0.4623017580085463,0.6813710555399034,0.5400066
8958,0.4623017580085463,0.6742129259634564,0.5400066
8958,0.4623017580085463,0.6671371273562535,0.5400066
8958,0.4623017580085463,0.6601441242406206,0.5400066
8958,0.4623017580085463,0.6532343278585102,0.5400066
8958,0.4623017580085463,0.6464080971248741,0.5400066
8958,0.4623017580085463,0.6396657396047899,0.5400066
8958,0.4623017580085463,0.6330075125128427,0.5400066
8958,0.4623017580085463,0.6264336237332353,0.5400066
8958,0.4623017580085463,0.6199442328591234,0.5400066
8958,0.4623017580085463,0.6135394522496485,0.5400066
8958,0.4623017580085463,0.6072193481032383,0.5400066
8958,0.4623017580085463,0.6009839415456503,0.5400066
8958,0.4623017580085463,0.5948332097313201,0.5400066
8958,0.4623017580085463,0.5887670869566072,0.5400066
8958,0.4623017580085463,0.5827854657834387,0.5400066
8958,0.4623017580085463,0.5768881981720559,0.5400066
8958,0.4623017580085463,0.5710750966213791,0.5400066
8958,0.4623017580085463,0.5653459353157313,0.5400066
8958,0.4623017580085463,0.5597004512765169,0.5400066
8958,0.4623017580085463,0.554138345517578,0.5400066
8958,0.4623017580085463,0.548659284202964,0.5400066
8958,0.4623017580085463,0.5432628998058394,0.5400066
8958,0.4623017580085463,0.5379487922673092,0.5400066
8958,0.4623017580085463,0.5327165301539836,0.5400066
8958,0.4623017580085463,0.527565651813116,0.5400066
8958,0.4623017580085463,0.5224956665241577,0.5400066
8958,0.4623017580085463,0.5175060556456725,0.5400066
8958,0.4623017580085463,0.5125962737565144,0.5400066
8958,0.4623017580085463,0.5077657497902364,0.5400066
8958,0.4623017580085463,0.5030138881617522,0.5400066
8958,0.4623017580085463,0.4983400698852599,0.5400066
8958,0.4623017580085463,0.49374365368252254,0.5400066
8958,0.4623017580085463,0.48922397708059046,0.5400066
8958,0.4623017580085463,0.48478035749810927,0.5400066
8958,0.4623017580085463,0.4804120933194162,0.5400066
8958,0.4623017580085463,0.47611846495558846,0.5400066
8958,0.4623017580085463,0.4718987358917425,0.5400066
8958,0.4623017580085463,0.4677521537198308,0.5400066
8958,0.4623017580085463,0.46367795115628535,0.5400066
8958,0.4623017580085463,0.459675347043829,0.5400066
8958,0.4623017580085463,0.45574354733689865,0.5400066
8958,0.4623017580085463,0.45188174607005405,0.5400066
8958,0.4623017580085463,0.4480891263088738,0.5400066
8958,0.4623017580085463,0.44436486108281775,0.5400066
8958,0.4623017580085463,0.44070811429961027,0.5400066
8958,0.4623017580085463,0.43711804164068463,0.5400066
8958,0.4623017580085463,0.43359379143732646,0.5400066
8958,0.4623017580085463,0.4301345055271167,0.5400066
8958,0.4623017580085463,0.4267393200903803,0.5400066
8958,0.4623017580085463,0.4234073664663289,0.5400066
8958,0.4623017580085463,0.42013777194862095,0.5400066
8958,0.4623017580085463,0.41692966056013137,0.5400066
8958,0.4623017580085463,0.41378215380672095,0.5400066
8958,0.4623017580085463,0.41069437140983417,0.5400066
8958,0.4623017580085463,0.4076654320177868,0.5400066
8958,0.4623017580085463,0.4046944538956339,0.5400066
8958,0.4623017580085463,0.401780555593547,0.5400066
8958,0.4623017580085463,0.39892285659362203,0.5400066
8958,0.4623017580085463,0.3961204779351264,0.5400066
8958,0.4623017580085463,0.39337254281815986,0.5400066
8958,0.4623017580085463,0.3906781771857668,0.5400066
8958,0.4623017580085463,0.38803651028454317,0.5400066
8958,0.4623017580085463,0.3854466752038353,0.5400066
8958,0.4623017580085463,0.3829078093935971,0.5400066
8958,0.4623017580085463,0.38041905516105834,0.5400066
8958,0.4623017580085463,0.37797956014632683,0.5400066
8958,0.4623017580085463,0.37558847777709725,0.5400066
8958,0.4623017580085463,0.37324496770265125,0.5400066
8958,0.4623017580085463,0.37094819620734737,0.5400066
8958,0.4623017580085463,0.3686973366038398,0.5400066
8958,0.4623017580085463,0.36649156960622176,0.5400066
8958,0.4623017580085463,0.3643300836834159,0.5400066
8958,0.4623017580085463,0.36221207539301525,0.5400066
8958,0.4623017580085463,0.36013674969592324,0.5400066
8958,0.4623017580085463,0.35810332025202957,0.5400066
8958,0.4623017580085463,0.35611100969730125,0.5400066
8958,0.4623017580085463,0.354159049902569,0.5400066
8958,0.4623017580085463,0.3522466822143586,0.5400066
8958,0.4623017580085463,0.35037315767813076,0.5400066
8958,0.4623017580085463,0.34853773724427867,0.5400066
8958,0.4623017580085463,0.3467396919572311,0.5400066
8958,0.4623017580085463,0.34497830312808186,0.5400066
8958,0.4623017580085463,0.34325286249109693,0.5400066
8958,0.4623017580085463,0.341562672344487,0.5400066
8958,0.4623017580085463,0.33990704567587443,0.5400066
8958,0.4623017580085463,0.33828530627282644,0.5400066
8958,0.4623017580085463,0.336696788818868,0.5400066
8958,0.4623017580085463,0.33514083897541597,0.5400066
8958,0.4623017580085463,0.3336168134499935,0.5400066
8958,0.4623017580085463,0.3321240800511985,0.5400066
8958,0.4623017580085463,0.33066201773081777,0.5400066
8958,0.4623017580085463,0.3292300166135039,0.5400066
8958,0.4623017580085463,0.3278274780144473,0.5400066
8958,0.4623017580085463,0.3264538144454817,0.5400066
8958,0.4623017580085463,0.32510844960999674,0.5400066
8958,0.4623017580085463,0.32379081838714324,0.5400066
8958,0.4623017580085463,0.3225003668056878,0.5400066
8958,0.4623017580085463,0.32123655200798773,0.5400066
8958,0.4623017580085463,0.31999884220446245,0.5400066
8958,0.4623017580085463,0.31878671661899544,0.5400066
8958,0.4623017580085463,0.31759966542568013,0.5400066
8958,0.4623017580085463,0.3164371896772855,0.5400066
8958,0.4623017580085463,0.31529880122587733,0.5400066
8958,0.4623017580085463,0.31418402263597833,0.5400066
8958,0.4623017580085463,0.3130923870906463,0.5400066
8958,0.4623017580085463,0.31202343829087875,0.5400066
8958,0.4623017580085463,0.3109767303487093,0.5400066
8958,0.4623017580085463,0.30995182767437945,0.5400066
8958,0.4623017580085463,0.308948304857943,0.5400066
8958,0.4623017580085463,0.30796574654568315,0.5400066
8958,0.4623017580085463,0.3070037473116791,0.5400066
8958,0.4623017580085463,0.30606191152488005,0.5400066
8958,0.4623017580085463,0.30513985321202935,0.5400066
8958,0.4623017580085463,0.30423719591676335,0.5400066
8958,0.4623017580085463,0.3033535725552201,0.5400066
8958,0.4623017580085463,0.30248862526846587,0.5400066
8958,0.4623017580085463,0.3016420052720701,0.5400066
8958,0.4623017580085463,0.30081337270309044,0.5400066
8958,0.4623017580085463,0.30000239646481547,0.5400066
8958,0.4623017580085463,0.2992087540694994,0.5400066
8958,0.4623017580085463,0.2984321314793961,0.5400066
8958,0.4623017580085463,0.2976722229463585,0.5400066
8958,0.4623017580085463,0.2969287308502471,0.5400066
8958,0.4623017580085463,0.29620136553640797,0.5400066
8958,0.4623017580085463,0.29548984515247345,0.5400066
8958,0.4623017580085463,0.2947938954846966,0.5400066
8958,0.4623017580085463,0.294113249794065,0.5400066
8958,0.4623017580085463,0.2934476486523969,0.5400066
8958,0.4623017580085463,0.2927968397786282,0.5400066
8958,0.4623017580085463,0.29216057787550564,0.5400066
8958,0.4623017580085463,0.29153862446685275,0.5400066
8958,0.4623017580085463,0.29093074773559574,0.5400066
8958,0.4623017580085463,0.29033672236274927,0.5400066
8958,0.4623017580085463,0.2897563293674808,0.5400066
8958,0.4623017580085463,0.289189355948452,0.5400066
8958,0.4623017580085463,0.2886355953265585,0.5400066
8958,0.4623017580085463,0.2880948465892278,0.5400066
8958,0.4623017580085463,0.2875669145363821,0.5400066
8958,0.4623017580085463,0.28705160952821357,0.5400066
8958,0.4623017580085463,0.2865487473348897,0.5400066
8958,0.4623017580085463,0.2860581489882629,0.5400066
8958,0.4623017580085463,0.28557964063573177,0.5400066
8958,0.4623017580085463,0.2851130533963145,0.5400066
8958,0.4623017580085463,0.28465822321902917,0.5400066
8958,0.4623017580085463,0.28421499074367396,0.5400066
8958,0.4623017580085463,0.28378320116405276,0.5400066
8958,0.4623017580085463,0.28336270409373265,0.5400066
8958,0.4623017580085463,0.2829533534343926,0.5400066
8958,0.4623017580085463,0.2825550072467932,0.5400066
8958,0.4623017580085463,0.2821675276244397,0.5400066
8958,0.4623017580085463,0.2817907805699638,0.5400066
8958,0.4623017580085463,0.28142463587425864,0.5400066
8958,0.4623017580085463,0.2810689669984009,0.5400066
8958,0.4623017580085463,0.28072365095837054,0.5400066
8958,0.4623017580085463,0.28038856821260505,0.5400066
8958,0.4623017580085463,0.2800636025523798,0.5400066
8958,0.4623017580085463,0.279748640995029,0.5400066
8958,0.4623017580085463,0.279443573680015,0.5400066
8958,0.4623017580085463,0.2791482937678294,0.5400066
8958,0.4623017580085463,0.2788626973417402,0.5400066
8958,0.4623017580085463,0.27858668331234454,0.5400066
8958,0.4623017580085463,0.2783201533249399,0.5400066
8958,0.4623017580085463,0.27806301166966946,0.5400066
8958,0.4623017580085463,0.2778151651944436,0.5400066
8958,0.4623017580085463,0.27757652322059084,0.5400066
8958,0.4623017580085463,0.27734699746120944,0.5400066
8958,0.4623017580085463,0.2771265019421984,0.5400066
8958,0.4623017580085463,0.2769149529259283,0.5400066
8958,0.4623017580085463,0.27671226883749733,0.5400066
8958,0.4623017580085463,0.2765183701935584,0.5400066
8958,0.4623017580085463,0.27633317953364395,0.5400066
8958,0.4623017580085463,0.2761566213539646,0.5400066
8958,0.4623017580085463,0.27598862204362384,0.5400066
8958,0.4623017580085463,0.27582910982319536,0.5400066
8958,0.4623017580085463,0.2756780146856219,0.5400066
8958,0.4623017580085463,0.2755352683393712,0.5400066
8958,0.4623017580085463,0.2754008041537909,0.5400066
8958,0.4623017580085463,0.2752745571066288,0.5400066
8958,0.4623017580085463,0.2751564637336322,0.5400066
8958,0.4623017580085463,0.2750464620801865,0.5400066
8958,0.4623017580085463,0.27494449165492724,0.5400066
8958,0.4623017580085463,0.2748504933852702,0.5400066
8958,0.4623017580085463,0.2747644095747864,0.5400066
8958,0.4623017580085463,0.2746861838623855,0.5400066
8958,0.4623017580085463,0.2746157611832177,0.5400066
8958,0.4623017580085463,0.27455308773125436,0.5400066
8958,0.4623017580085463,0.27449811092348175,0.5400066
8958,0.4623017580085463,0.27445077936563356,0.5400066
8958,0.4623017580085463,0.27441104281941964,0.5400066
8958,0.4623017580085463,0.2743788521711862,0.5400066
8958,0.4623017580085463,0.2743541594019344,0.5400066
8958,0.4623017580085463,0.27433691755865447,0.5400066
8958,0.4623017580085463,0.27432708072690337,0.5400066
8958,0.4623017580085463,0.2743246040045799,0.5400066
8958,0.4623017580085463,0.27432944347683447,0.5400066
8958,0.4623017580085463,0.27434155619204653,0.5400066
8958,0.4623017580085463,0.2743609001388392,0.5400066
8958,0.4623017580085463,0.27438743422405304,0.5400066
8958,0.4623017580085463,0.27442111825163323,0.5400066
8958,0.4623017580085463,0.2744619129023838,0.5400066
8958,0.4623017580085463,0.2745097797145395,0.5400066
8958,0.4623017580085463,0.274564681065087,0.5400066
8958,0.4623017580085463,0.2746265801518133,0.5400066
8958,0.4623017580085463,0.2746954409760181,0.5400066
8958,0.4623017580085463,0.2747712283258465,0.5400066
8958,0.4623017580085463,0.2748539077602092,0.5400066
8958,0.4623017580085463,0.2749434455932311,0.5400066
8958,0.4623017580085463,0.27503980887920215,0.5400066
8958,0.4623017580085463,0.27514296539798977,0.5400066
8958,0.4623017580085463,0.2752528836408603,0.5400066
8958,0.4623017580085463,0.2753695327967031,0.5400066
8958,0.4623017580085463,0.2754928827385889,0.5400066
8958,0.4623017580085463,0.27562290401065553,0.5400066
8958,0.4623017580085463,0.2757595678152857,0.5400066
8958,0.4623017580085463,0.27590284600053094,0.5400066
8958,0.4623017580085463,0.27605271104778384,0.5400066
8958,0.4623017580085463,0.2762091360596439,0.5400066
8958,0.4623017580085463,0.2763720947479679,0.5400066
8958,0.4623017580085463,0.2765415614220851,0.5400066
8958,0.4623017580085463,0.27671751097714953,0.5400066
8958,0.4623017580085463,0.27689991888260557,0.5400066
8958,0.4623017580085463,0.2770887611707662,0.5400066
8958,0.4623017580085463,0.27728401442547046,0.5400066
8958,0.4623017580085463,0.2774856557708145,0.5400066
8958,0.4623017580085463,0.27769366285994124,0.5400066
8958,0.4623017580085463,0.2779080138638784,0.5400066
8958,0.4623017580085463,0.2781286874604136,0.5400066
8958,0.4623017580085463,0.2783556628230002,0.5400066
8958,0.4623017580085463,0.27858891960967497,0.5400066
8958,0.4623017580085463,0.2788284379520079,0.5400066
8958,0.4623017580085463,0.2790741984440466,0.5400066
8958,0.4623017580085463,0.27932618213127564,0.5400066
8958,0.4623017580085463,0.27958437049958457,0.5400066
8958,0.4623017580085463,0.27984874546423133,0.5400066
8958,0.4623017580085463,0.28011928935881325,0.5400066
8958,0.4623017580085463,0.28039598492424483,0.5400066
8958,0.4623017580085463,0.2806788152977447,0.5400066
8958,0.4623017580085463,0.2809677640018204,0.5400066
8958,0.4623017580085463,0.2812628149332812,0.5400066
8958,0.4623017580085463,0.28156395235226156,0.5400066
8958,0.4623017580085463,0.28187116087126884,0.5400066
8958,0.4623017580085463,0.2821844254442602,0.5400066
8958,0.4623017580085463,0.2825037313557598,0.5400066
8958,0.4623017580085463,0.28282906421001386,0.5400066
8958,0.4623017580085463,0.28316040992020114,0.5400066
8958,0.4623017580085463,0.2834977546977067,0.5400066
8958,0.4623017580085463,0.28384108504145045,0.5400066
8958,0.4623017580085463,0.28419038772731386,0.5400066
8958,0.4623017580085463,0.2845456497976378,0.5400066
8958,0.4623017580085463,0.28490685855082154,0.5400066
8958,0.4623017580085463,0.2852740015310333,0.5400066
8958,0.4623017580085463,0.2856470665180384,0.5400066
8958,0.4623017580085463,0.2860260415171396,0.5400066
8958,0.4623017580085463,0.28641091474927977,0.5400066
8958,0.4623017580085463,0.28680167464126993,0.5400066
8958,0.4623017580085463,0.28719830981618566,0.5400066
8958,0.4623017580085463,0.28760080908393043,0.5400066
8958,0.4623017580085463,0.2880091614319827,0.5400066
8958,0.4623017580085463,0.2884233560163126,0.5400066
8958,0.4623017580085463,0.28884338215251804,0.5400066
8958,0.4623017580085463,0.28926922930714544,0.5400066
8958,0.4623017580085463,0.28970088708924996,0.5400066
8958,0.4623017580085463,0.29013834524215626,0.5400066
8958,0.4623017580085463,0.2905815936354682,0.5400066
8958,0.4623017580085463,0.291030622257306,0.5400066
8958,0.4623017580085463,0.29148542120679605,0.5400066
8958,0.4623017580085463,0.2919459806868204,0.5400066
8958,0.4623017580085463,0.29241229099701316,0.5400066
8958,0.4623017580085463,0.29288434252703216,0.5400066
8958,0.4623017580085463,0.2933621257501,0.5400066
8958,0.4623017580085463,0.2938456312168181,0.5400066
8958,0.4623017580085463,0.2943348495492581,0.5400066
8958,0.4623017580085463,0.2948297714353423,0.5400066
8958,0.4623017580085463,0.2953303876235067,0.5400066
8958,0.4623017580085463,0.2958366889176479,0.5400066
8958,0.4623017580085463,0.29634866617235794,0.5400066
8958,0.4623017580085463,0.2968663102884602,0.5400066
8958,0.4623017580085463,0.29738961220881943,0.5400066
8958,0.4623017580085463,0.2979185629144416,0.5400066
8958,0.4623017580085463,0.2984531534208756,0.5400066
8958,0.4623017580085463,0.2989933747748826,0.5400066
8958,0.4623017580085463,0.299539218051392,0.5400066
8958,0.4623017580085463,0.30009067435074127,0.5400066
8958,0.4623017580085463,0.30064773479618995,0.5400066
8958,0.4623017580085463,0.3012103905316865,0.5400066
8958,0.4623017580085463,0.3017786327199236,0.5400066
8958,0.4623017580085463,0.30235245254063037,0.5400066
8958,0.4623017580085463,0.30293184118913336,0.5400066
8958,0.4623017580085463,0.30351678987513625,0.5400066
8958,0.4623017580085463,0.30410728982176116,0.5400066
8958,0.4623017580085463,0.30470333226479845,0.5400066
8958,0.4623017580085463,0.3053049084521801,0.5400066
8958,0.4623017580085463,0.3059120096436616,0.5400066
8958,0.4623017580085463,0.3065246271106948,0.5400066
8958,0.4623017580085463,0.3071427521364975,0.5400066
8958,0.4623017580085463,0.3077663760162809,0.5400066
8958,0.4623017580085463,0.3083954900576644,0.5400066
8958,0.4623017580085463,0.3090300855812187,0.5400066
8958,0.4623017580085463,0.30967015392115876,0.5400066
8958,0.4623017580085463,0.3103156864261651,0.5400066
8958,0.4623017580085463,0.3109666744603085,0.5400066
8958,0.4623017580085463,0.3116231094040814,0.5400066
8958,0.4623017580085463,0.31228498265551524,0.5400066
8958,0.4623017580085463,0.31295228563136307,0.5400066
8958,0.4623017580085463,0.313625009768348,0.5400066
8958,0.4623017580085463,0.31430314652444663,0.5400066
8958,0.4623017580085463,0.3149866873802134,0.5400066
8958,0.4623017580085463,0.31567562384010317,0.5400066
8958,0.4623017580085463,0.31636994743381486,0.5400066
8958,0.4623017580085463,0.31706964971760493,0.5400066
8958,0.4623017580085463,0.31777472227557474,0.5400066
8958,0.4623017580085463,0.3184851567209272,0.5400066
8958,0.4623017580085463,0.31920094469715293,0.5400066
8958,0.4623017580085463,0.31992207787915905,0.5400066
8958,0.4623017580085463,0.3206485479742953,0.5400066
8958,0.4623017580085463,0.32138034672330673,0.5400066
8958,0.4623017580085463,0.3221174659011576,0.5400066
8958,0.4623017580085463,0.32285989731772835,0.5400066
8958,0.4623017580085463,0.3236076328184037,0.5400066
8958,0.4623017580085463,0.3243606642844748,0.5400066
8958,0.4623017580085463,0.3251189836334079,0.5400066
8958,0.4623017580085463,0.3258825828189311,0.5400066
8958,0.4623017580085463,0.3266514538309346,0.5400066
8958,0.4623017580085463,0.32742558869519034,0.5400066
8958,0.4623017580085463,0.328204979472856,0.5400066
8958,0.4623017580085463,0.32898961825977097,0.5400066
8958,0.4623017580085463,0.32977949718553107,0.5400066
8958,0.4623017580085463,0.33057460841233977,0.5400066
8958,0.4623017580085463,0.33137494413361096,0.5400066
8958,0.4623017580085463,0.332180496572334,0.5400066
8958,0.4623017580085463,0.33299125797919393,0.5400066
8958,0.4623017580085463,0.33380722063043355,0.5400066
8958,0.4623017580085463,0.3346283768254454,0.5400066
8958,0.4623017580085463,0.33545471888411293,0.5400066
8958,0.4623017580085463,0.3362862391438828,0.5400066
8958,0.4623017580085463,0.3371229299565605,0.5400066
8958,0.4623017580085463,0.3379647836848428,0.5400066
8958,0.4623017580085463,0.33881179269856637,0.5400066
8958,0.4623017580085463,0.3396639493707019,0.5400066
8958,0.4623017580085463,0.34052124607305595,0.5400066
8958,0.4623017580085463,0.3413836751717255,0.5400066
8958,0.4623017580085463,0.34225122902226357,0.5400066
8958,0.4623017580085463,0.3431238999645904,0.5400066
8958,0.4623017580085463,0.3440016803176473,0.5400066
8958,0.4623017580085463,0.344884562373788,0.5400066
8958,0.4623017580085463,0.3457725383929262,0.5400066
8958,0.4623017580085463,0.3466656005964312,0.5400066
8958,0.4623017580085463,0.3475637411607958,0.5400066
8958,0.4623017580085463,0.34846695221107615,0.5400066
8958,0.4623017580085463,0.3493752258141047,0.5400066
8958,0.4623017580085463,0.35028855397149933,0.5400066
8958,0.4623017580085463,0.35120692861247493,0.5400066
8958,0.4623017580085463,0.3521303415864626,0.5400066
8958,0.4623017580085463,0.3530587846555588,0.5400066
8958,0.4623017580085463,0.3539922494867974,0.5400066
8958,0.4623017580085463,0.35493072764430467,0.5400066
8958,0.4623017580085463,0.3558742105812696,0.5400066
8958,0.4623017580085463,0.35682268963184366,0.5400066
8958,0.4623017580085463,0.3577761560029039,0.5400066
8958,0.4623017580085463,0.3587346007657271,0.5400066
8958,0.4623017580085463,0.35969801484762176,0.5400066
8958,0.4623017580085463,0.3606663890234609,0.5400066
8958,0.4623017580085463,0.3616397139072138,0.5400066
8958,0.4623017580085463,0.36261797994344036,0.5400066
8958,0.4623017580085463,0.36360117739879166,0.5400066
8958,0.4623017580085463,0.3645892963535274,0.5400066
8958,0.4623017580085463,0.3655823266930718,0.5400066
8958,0.4623017580085463,0.36658025809963635,0.5400066
8958,0.4623017580085463,0.3675830800439108,0.5400066
8958,0.4623017580085463,0.3685907817768596,0.5400066
8958,0.4623017580085463,0.3696033523216465,0.5400066
8958,0.4623017580085463,0.37062078046569036,0.5400066
8958,0.4623017580085463,0.3716430547529015,0.5400066
8958,0.4623017580085463,0.37267016347608856,0.5400066
8958,0.4623017580085463,0.37370209466958676,0.5400066
8958,0.4623017580085463,0.37473883610211545,0.5400066
8958,0.4623017580085463,0.37578037526987795,0.5400066
8958,0.4623017580085463,0.37682669938996133,0.5400066
8958,0.4623017580085463,0.37787779539400845,0.5400066
8958,0.4623017580085463,0.378933649922227,0.5400066
8958,0.4623017580085463,0.3799942493177495,0.5400066
8958,0.4623017580085463,0.38105957962132625,0.5400066
8958,0.4623017580085463,0.3821296265664452,0.5400066
8958,0.4623017580085463,0.38320437557484144,0.5400066
8958,0.4623017580085463,0.384283811752437,0.5400066
8958,0.4623017580085463,0.385367919885747,0.5400066
8958,0.4623017580085463,0.3864566844387391,0.5400066
8958,0.4623017580085463,0.3875500895502181,0.5400066
8958,0.4623017580085463,0.38864811903170626,0.5400066
8958,0.4623017580085463,0.38975075636585554,0.5400066
8958,0.4623017580085463,0.39085798470544547,0.5400066
8958,0.4623017580085463,0.3919697868729258,0.5400066
8958,0.4623017580085463,0.3930861453605704,0.5400066
8958,0.4623017580085463,0.39420704233124976,0.5400066
8958,0.4623017580085463,0.3953324596198236,0.5400066
8958,0.4623017580085463,0.39646237873519086,0.5400066
8958,0.4623017580085463,0.3975967808630045,0.5400066
8958,0.4623017580085463,0.3987356468690672,0.5400066
8958,0.4623017580085463,0.39987895730343564,0.5400066
8958,0.4623017580085463,0.4010266924052182,0.5400066
8958,0.4623017580085463,0.40217883210812555,0.5400066
8958,0.4623017580085463,0.403335356046745,0.5400066
8958,0.4623017580085463,0.40449624356357444,0.5400066
8958,0.4623017580085463,0.40566147371682343,0.5400066
8958,0.4623017580085463,0.4068310252889992,0.5400066
8958,0.4623017580085463,0.4080048767962605,0.5400066
8958,0.4623017580085463,0.40918300649860195,0.5400066
8958,0.4623017580085463,0.41036539241080644,0.5400066
8958,0.4623017580085463,0.41155201231424987,0.5400066
8958,0.4623017580085463,0.4127428437695065,0.5400066
8958,0.4623017580085463,0.4139378641297787,0.5400066
8958,0.4623017580085463,0.41513705055518224,0.5400066
8958,0.4623017580085463,0.41634038002785617,0.5400066
8958,0.4623017580085463,0.41754782936791185,0.5400066
8958,0.4623017580085463,0.41875937525022944,0.5400066
8958,0.4623017580085463,0.41997499422210705,0.5400066
8958,0.4623017580085463,0.4211946627217561,0.5400066
8958,0.4623017580085463,0.4224183570976342,0.5400066
8958,0.4623017580085463,0.42364605362863084,0.5400066
8958,0.4623017580085463,0.4248777285451033,0.5400066
8958,0.4623017580085463,0.42611335805074824,0.5400066
8958,0.4623017580085463,0.42735291834530775,0.5400066
8958,0.4623017580085463,0.4285963856481037,0.5400066
8958,0.4623017580085463,0.42984373622242483,0.5400066
8958,0.4623017580085463,0.4310949464007051,0.5400066
8958,0.4623017580085463,0.4323499926105256,0.5400066
8958,0.4623017580085463,0.43360885140143374,0.5400066
8958,0.4623017580085463,0.4348714994725315,0.5400066
8958,0.4623017580085463,0.43613791370088106,0.5400066
8958,0.4623017580085463,0.4374080711706584,0.5400066
8958,0.4623017580085463,0.4386819492030802,0.5400066
8958,0.4623017580085463,0.43995952538708605,0.5400066
8958,0.4623017580085463,0.441240777610749,0.5400066
8958,0.4623017580085463,0.4425256840934116,0.5400066
8958,0.4623017580085463,0.44381422341853205,0.5400066
8958,0.4623017580085463,0.4451063745672124,0.5400066
8958,0.4623017580085463,0.4464021169524162,0.5400066
8958,0.4623017580085463,0.4477014304538406,0.5400066
8958,0.4623017580085463,0.44900429545341375,0.5400066
8958,0.4623017580085463,0.45031069287143033,0.5400066
8958,0.4623017580085463,0.45162060420330086,0.5400066
8958,0.4623017580085463,0.4529340115568345,0.5400066
8958,0.4623017580085463,0.4542508976901676,0.5400066
8958,0.4623017580085463,0.4555712460501364,0.5400066
8958,0.4623017580085463,0.4568950408112486,0.5400066
8958,0.4623017580085463,0.4582222669151267,0.5400066
8958,0.4623017580085463,0.45955291011040966,0.5400066
8958,0.4623017580085463,0.4608869569931497,0.5400066
8958,0.4623017580085463,0.46222439504760227,0.5400066
8958,0.4623017580085463,0.4635652126874216,0.5400066
8958,0.4623017580085463,0.4649093992973235,0.5400066
8958,0.4623017580085463,0.4662569452749654,0.5400066
8958,0.4623017580085463,0.4676078420733058,0.5400066
8958,0.4623017580085463,0.46896208224316444,0.5400066
8958,0.4623017580085463,0.4703196594761831,0.5400066
8958,0.4623017580085463,0.47168056864789426,0.5400066
8958,0.4623017580085463,0.4730448058612406,0.5400066
8958,0.4623017580085463,0.4744123684900955,0.5400066
8958,0.4623017580085463,0.47578325522309606,0.5400066
8958,0.4623017580085463,0.47715746610764576,0.5400066
8958,0.4623017580085463,0.4785350025940225,0.5400066
8958,0.4623017580085463,0.4799158675795767,0.5400066
8958,0.4623017580085463,0.4813000654530884,0.5400066
8958,0.4623017580085463,0.48268760213913825,0.5400066
8958,0.4623017580085463,0.48407848514258855,0.5400066
8958,0.4623017580085463,0.4854727235930406,0.5400066
8958,0.4623017580085463,0.48687032828925636,0.5400066
8958,0.4623017580085463,0.48827131174363614,0.5400066
8958,0.4623017580085463,0.4896756882265989,0.5400066
8958,0.4623017580085463,0.49108347381092216,0.5400066
8958,0.4623017580085463,0.49249468641597355,0.5400066
8958,0.4623017580085463,0.49390934585183865,0.5400066
8958,0.4623017580085463,0.495327473863329,0.5400066
8958,0.4623017580085463,0.4967490941738203,0.5400066
8958,0.4623017580085463,0.4981742325289204,0.5400066
8958,0.4623017580085463,0.49960291674002527,0.5400066
8958,0.4623017580085463,0.5010351767275366,0.5400066
8958,0.4623017580085463,0.5024710445639398,0.5400066
8958,0.4623017580085463,0.5039105545166409,0.5400066
8958,0.4623017580085463,0.5053537430905288,0.5400066
8958,0.4623017580085463,0.5068006490702694,0.5400066
8958,0.4623017580085463,0.5082513135623221,0.5400066
8958,0.4623017580085463,0.5097057800366486,0.5400066
8958,0.4623017580085463,0.5111640943681125,0.5400066
8958,0.4623017580085463,0.5126263048775588,0.5400066
8958,0.4623017580085463,0.5140924623725485,0.5400066
8958,0.4623017580085463,0.5155626201877576,0.5400066
8958,0.4623017580085463,0.5170368342250161,0.5400066
8958,0.4623017580085463,0.5185151629929845,0.5400066
8958,0.4623017580085463,0.5199976676464615,0.5400066
8958,0.4623017580085463,0.5214844120252937,0.5400066
8958,0.4623017580085463,0.5229754626929332,0.5400066
8958,0.4623017580085463,0.5244708889745756,0.5400066
8958,0.4623017580085463,0.5259707629949203,0.5400066
8958,0.4623017580085463,0.5274751597155151,0.5400066
8958,0.4623017580085463,0.5289841569717273,0.5400066
8958,0.4623017580085463,0.5304978355092781,0.5400066
8958,0.4623017580085463,0.5320162790203857,0.5400066
8958,0.4623017580085463,0.5335395741795208,0.5400066
8958,0.4623017580085463,0.5350678106787267,0.5400066
8958,0.4623017580085463,0.5366010812625507,0.5400066
8958,0.4623017580085463,0.5381394817625703,0.5400066
8958,0.4623017580085463,0.5396831111315239,0.5400066
8958,0.4623017580085463,0.541232071477036,0.5400066
8958,0.4623017580085463,0.5427864680949434,0.5400066
8958,0.4623017580085463,0.544346409502255,0.5400066
8958,0.4623017580085463,0.545912007469691,0.5400066
8958,0.4623017580085463,0.5474833770538796,0.5400066
8958,0.4623017580085463,0.5490606366291434,0.5400066
8958,0.4623017580085463,0.5506439079189409,0.5400066
8958,0.4623017580085463,0.5522333160269328,0.5400066
8958,0.4623017580085463,0.5538289894676903,0.5400066
8958,0.4623017580085463,0.555431060197069,0.5400066
8958,0.4623017580085463,0.5570396636422111,0.5400066
8958,0.4623017580085463,0.5586549387312423,0.5400066
8958,0.4623017580085463,0.5602770279226008,0.5400066
8958,0.4623017580085463,0.5619060772340854,0.5400066
8958,0.4623017580085463,0.5635422362715538,0.5400066
8958,0.4623017580085463,0.5651856582573193,0.5400066
8958,0.4623017580085463,0.5668365000582407,0.5400066
8958,0.4623017580085463,0.5684949222135284,0.5400066
8958,0.4623017580085463,0.5701610889622283,0.5400066
8958,0.4623017580085463,0.571835168270436,0.5400066
8958,0.4623017580085463,0.5735173318582212,0.5400066
8958,0.4623017580085463,0.5752077552262664,0.5400066
8958,0.4623017580085463,0.5769066176822247,0.5400066
8958,0.4623017580085463,0.5786141023668031,0.5400066
8958,0.4623017580085463,0.5803303962795632,0.5400066
8958,0.4623017580085463,0.5820556903044466,0.5400066
8958,0.4623017580085463,0.5837901792350247,0.5400066
8958,0.4623017580085463,0.5855340617994425,0.5400066
8958,0.4623017580085463,0.5872875406851104,0.5400066
8958,0.4623017580085463,0.5890508225630687,0.5400066
8958,0.4623017580085463,0.5908241181120772,0.5400066
8958,0.4623017580085463,0.5926076420423741,0.5400066
8958,0.4623017580085463,0.5944016131191318,0.5400066
8958,0.4623017580085463,0.5962062541855601,0.5400066
8958,0.4623017580085463,0.5980217921856892,0.5400066
8958,0.4623017580085463,0.5998484581867541,0.5400066
8958,0.4623017580085463,0.6016864874012281,0.5400066
8958,0.4623017580085463,0.6035361192084217,0.5400066
8958,0.4623017580085463,0.6053975971756858,0.5400066
8958,0.4623017580085463,0.6072711690791276,0.5400066
8958,0.4623017580085463,0.6091570869238837,0.5400066
8958,0.4623017580085463,0.6110556069638398,0.5400066
8958,0.4623017580085463,0.6129669897208254,0.5400066
8958,0.4623017580085463,0.6148915000032432,0.5400066
8958,0.4623017580085463,0.616829406924028,0.5400066
8958,0.4623017580085463,0.6187809839179945,0.5400066
8958,0.4623017580085463,0.6207465087584499,0.5400066
8958,0.4623017580085463,0.6227262635730412,0.5400066
8958,0.4623017580085463,0.6247205348588133,0.5400066
8958,0.4623017580085463,0.6267296134963904,0.5400066
8958,0.4623017580085463,0.6287537947632545,0.5400066
8958,0.4623017580085463,0.630793378346009,0.5400066
8958,0.4623017580085463,0.6328486683516298,0.5400066
8958,0.4623017580085463,0.6349199733175729,0.5400066
8958,0.4623017580085463,0.6370076062207184,0.5400066
8958,0.4623017580085463,0.6391118844850328,0.5400066
8958,0.4623017580085463,0.6412331299879125,0.5400066
8958,0.4623017580085463,0.6433716690650775,0.5400066
8958,0.4623017580085463,0.645527832513975,0.5400066
8958,0.4623017580085463,0.6477019555955867,0.5400066
8958,0.4623017580085463,0.6498943780345234,0.5400066
8958,0.4623017580085463,0.6521054440173627,0.5400066
8958,0.4623017580085463,0.6543355021890636,0.5400066
8958,0.4623017580085463,0.6565849056474224,0.5400066
8958,0.4623017580085463,0.6588540119353897,0.5400066
8958,0.4623017580085463,0.6611431830312192,0.5400066
8958,0.4623017580085463,0.663452785336255,0.5400066
8958,0.4623017580085463,0.6657831896602748,0.5400066
8958,0.4623017580085463,0.6681347712043094,0.5400066
8958,0.4623017580085463,0.6705079095407023,0.5400066
8958,0.4623017580085463,0.6729029885904086,0.5400066
8958,0.4623017580085463,0.6753203965973061,0.5400066
8958,0.4623017580085463,0.6777605260994345,0.5400066
8958,0.4623017580085463,0.6802237738970011,0.5400066
8958,0.4623017580085463,0.68271054101702,0.5400066
8958,0.4623017580085463,0.6852212326744587,0.5400066
8958,0.4623017580085463,0.6877562582296821,0.5400066
8958,0.4623017580085463,0.6903160311421519,0.5400066
8958,0.4623017580085463,0.6929009689201071,0.5400066
8958,0.4623017580085463,0.6955114930661684,0.5400066
8958,0.4623017580085463,0.6981480290186565,0.5400066
8958,0.4623017580085463,0.7008110060884855,0.5400066
8958,0.4623017580085463,0.7035008573914704,0.5400066
8958,0.4623017580085463,0.7062180197758655,0.5400066
8958,0.4623017580085463,0.7089629337450123,0.5400066
8958,0.4623017580085463,0.7117360433748822,0.5400066
8958,0.4623017580085463,0.7145377962263879,0.5400066
8958,0.4623017580085463,0.7173686432522646,0.5400066
8958,0.4623017580085463,0.7202290386983844,0.5400066
8958,0.4623017580085463,0.7231194399993017,0.5400066
8958,0.4623017580085463,0.72604030766789,0.5400066
8958,0.4623017580085463,0.7289921051788825,0.5400066
8958,0.4623017580085463,0.7319752988461646,0.5400066
8958,0.4623017580085463,0.7349903576936181,0.5400066
8958,0.4623017580085463,0.738037753319395,0.5400066
8958,0.4623017580085463,0.7411179597534273,0.5400066
8958,0.4623017580085463,0.7442314533079963,0.5400066
8958,0.4623017580085463,0.7473787124212322,0.5400066
8958,0.4623017580085463,0.7505602174933634,0.5400066
8958,0.4623017580085463,0.7537764507155522,0.5400066
8958,0.4623017580085463,0.7570278958911573,0.5400066
8958,0.4623017580085463,0.7603150382493058,0.5400066
8958,0.4623017580085463,0.7636383642505781,0.5400066
8958,0.4623017580085463,0.7669983613846815,0.5400066
8958,0.4623017580085463,0.7703955179599685,0.5400066
8958,0.4623017580085463,0.7738303228846709,0.5400066
8958,0.4623017580085463,0.7773032654396826,0.5400066
8958,0.4623017580085463,0.7808148350428132,0.5400066
8958,0.4623017580085463,0.7843655210043263,0.5400066
8958,0.4623017580085463,0.787955812273722,0.5400066
8958,0.4623017580085463,0.7915861971775691,0.5400066
8958,0.4623017580085463,0.7952571631483455,0.5400066
8958,0.4623017580085463,0.798969196444137,0.5400066
8958,0.4623017580085463,0.8027227818591771,0.5400066
8958,0.4623017580085463,0.8065184024250381,0.5400066
8958,0.4623017580085463,0.8103565391025048,0.5400066
8958,0.4623017580085463,0.8142376704639802,0.5400066
8958,0.4623017580085463,0.8181622723664111,0.5400066
8958,0.4623017580085463,0.8221308176146636,0.5400066
8958,0.4623017580085463,0.8261437756153143,0.5400066
8958,0.4623017580085463,0.8302016120208342,0.5400066
8958,0.4623017580085463,0.8343047883640923,0.5400066
8958,0.4623017580085463,0.8384537616832785,0.5400066
8958,0.4623017580085463,0.842648984137105,0.5400066
8958,0.4623017580085463,0.8468909026104108,0.5400066
8958,0.4623017580085463,0.8511799583101284,0.5400066
8958,0.4623017580085463,0.8555165863516814,0.5400066
8958,0.4623017580085463,0.8599012153358193,0.5400066
8958,0.4623017580085463,0.8643342669160039,0.5400066
8958,0.4623017580085463,0.868816155356364,0.5400066
8958,0.4623017580085463,0.8733472870803234,0.5400066
8958,0.4623017580085463,0.8779280602100173,0.5400066
8958,0.4623017580085463,0.8825588640965929,0.5400066
8958,0.4623017580085463,0.8872400788414769,0.5400066
8958,0.4623017580085463,0.8919720748088634,0.5400066
8958,0.4623017580085463,0.8967552121294344,0.5400066
8958,0.4623017580085463,0.9015898401955773,0.5400066
8958,0.4623017580085463,0.9064762971482615,0.5400066
8958,0.4623017580085463,0.9114149093557691,0.5400066
8958,0.4623017580085463,0.9164059908844243,0.5400066
8958,0.4623017580085463,0.9214498429617233,0.5400066
8958,0.4623017580085463,0.9265467534319028,0.5400066
8958,0.4623017580085463,0.9316969962043508,0.5400066
8958,0.4623017580085463,0.9369008306950818,0.5400066
8958,0.4623017580085463,0.9421585012615658,0.5400066
8958,0.4623017580085463,0.9474702366312486,0.5400066
8958,0.4623017580085463,0.9528362493240243,0.5400066
8958,0.4623017580085463,0.958256735069099,0.5400066
8958,0.4623017580085463,0.9637318722165066,0.5400066
8958,0.4623017580085463,0.969261821143698,0.5400066
8958,0.4623017580085463,0.9748467236575906,0.5400066
8958,0.4623017580085463,0.9804867023924838,0.5400066
8958,0.4623017580085463,0.9861818602042235,0.5400066
8958,0.4623017580085463,0.9919322795611216,0.5400066
8958,0.4623017580085463,0.9977380219320321,0.5400066
8958,0.4623017580085463,1.003599127172071,0.5400066
8958,0.4623017580085463,1.0095156129064518,0.5400066
8958,0.4623017580085463,1.0154874739129778,0.5400066
8958,0.4623017580085463,1.0215146815036478,0.5400066
8958,0.4623017580085463,1.0275971829059656,0.5400066
8958,0.4623017580085463,1.0337349006444434,0.5400066
8958,0.4623017580085463,1.0399277319229354,0.5400066
8958,0.4623017580085463,1.0461755480082888,0.5400066
8958,0.4623017580085463,1.0524781936159477,0.5400066
8958,0.4623017580085463,1.0588354862981717,0.5400066
8958,0.4623017580085463,1.0652472158353312,0.5400066
8958,0.4623017580085463,1.0717131436311007,0.5400066
8958,0.4623017580085463,1.0782330021120088,0.5400066
8958,0.4623017580085463,1.0848064941321742,0.5400066
8958,0.4623017580085463,1.0914332923837426,0.5400066
8958,0.4623017580085463,1.0981130388137919,0.5400066
8958,0.4623017580085463,1.1048453440483708,0.5400066
8958,0.4623017580085463,1.1116297868243796,0.5400066
8958,0.4623017580085463,1.1184659134299688,0.5400066
8958,0.4623017580085463,1.1253532371541861,0.5400066
8958,0.4623017580085463,1.1322912377466599,0.5400066
8958,0.4623017580085463,1.1392793608879137,0.5400066
8958,0.4623017580085463,1.1463170176712087,0.5400066
8958,0.4623017580085463,1.153403584096548,0.5400066
8958,0.4623017580085463,1.1605384005776052,0.5400066
8958,0.4623017580085463,1.1677207714624454,0.5400066
8958,0.4623017580085463,1.1749499645686097,0.5400066
8958,0.4623017580085463,1.1822252107334912,0.5400066
8958,0.4623017580085463,1.1895457033807133,0.5400066
8958,0.4623017580085463,1.1969105981032,0.5400066
8958,0.4623017580085463,1.2043190122638712,0.5400066
8958,0.4623017580085463,1.2117700246145333,0.5400066
8958,0.4623017580085463,1.2192626749339368,0.5400066
8958,0.4623017580085463,1.2267959636855519,0.5400066
8958,0.4623017580085463,1.2343688516960145,0.5400066
8958,0.4623017580085463,1.2419802598548746,0.5400066
8958,0.4623017580085463,1.2496290688364518,0.5400066
8958,0.4623017580085463,1.2573141188445076,0.5400066
8958,0.4623017580085463,1.2650342093805547,0.5400066
8958,0.4623017580085463,1.2727880990364064,0.5400066
8958,0.4623017580085463,1.280574505311782,0.5400066
8958,0.4623017580085463,1.288392104457697,0.5400066
8958,0.4623017580085463,1.2962395313462451,0.5400066
8958,0.4623017580085463,1.3041153793675047,0.5400066
8958,0.4623017580085463,1.3120182003543126,0.5400066
8958,0.4623017580085463,1.3199465045354408,0.5400066
8958,0.4623017580085463,1.3278987605179402,0.5400066
8958,0.4623017580085463,1.3358733952991626,0.5400066
8958,0.4623017580085463,1.3438687943092036,0.5400066
8958,0.4623017580085463,1.3518833014842497,0.5400066
8958,0.4623017580085463,1.3599152193714497,0.5400066
8958,0.4623017580085463,1.3679628092658465,0.5400066
8958,0.4623017580085463,1.3760242913799687,0.5400066
8958,0.4623017580085463,1.3840978450464365,0.5400066
8958,0.4623017580085463,1.392181608954229,0.5400066
8958,0.4623017580085463,1.4002736814190087,0.5400066
8958,0.4623017580085463,1.4083721206878521,0.5400066
8958,0.4623017580085463,1.4164749452789749,0.5400066
8958,0.4623017580085463,1.4245801343566429,0.5400066
8958,0.4623017580085463,1.4326856281417382,0.5400066
8958,0.4623017580085463,1.4407893283582618,0.5400066
8958,0.4623017580085463,1.44888909871601,0.5400066
8958,0.4623017580085463,1.4569827654298324,0.5400066
8958,0.4623017580085463,1.465068117775482,0.5400066
8958,0.4623017580085463,1.473142908682426,0.5400066
8958,0.4623017580085463,1.4812048553636752,0.5400066
8958,0.4623017580085463,1.4892516399828108,0.5400066
8958,0.4623017580085463,1.4972809103582454,0.5400066
8958,0.4623017580085463,1.5052902807047648,0.5400066
8958,0.4623017580085463,1.513277332412467,0.5400066
8958,0.4623017580085463,1.5212396148628444,0.5400066
8958,0.4623017580085463,1.5291746462822404,0.5400066
8958,0.4623017580085463,1.5370799146322855,0.5400066
8958,0.4623017580085463,1.5449528785374105,0.5400066
8958,0.4623017580085463,1.5527909682490404,0.5400066
8958,0.4623017580085463,1.5605915866464195,0.5400066
8958,0.4623017580085463,1.5683521102736877,0.5400066
8958,0.4623017580085463,1.576069890412919,0.5400066
8958,0.4623017580085463,1.5837422541928294,0.5400066
8958,0.4623017580085463,1.5913665057326587,0.5400066
8958,0.4623017580085463,1.5989399273208955,0.5400066
8958,0.4623017580085463,1.6064597806282521,0.5400066
8958,0.4623017580085463,1.6139233079545123,0.5400066
8958,0.4623017580085463,1.621327733508517,0.5400066
8958,0.4623017580085463,1.6286702647208333,0.5400066
8958,0.4623017580085463,1.6359480935883586,0.5400066
8958,0.4623017580085463,1.6431583980501683,0.5400066
8958,0.4623017580085463,1.6502983433939633,0.5400066
8958,0.4623017580085463,1.6573650836922171,0.5400066
8958,0.4623017580085463,1.6643557632672799,0.5400066
8958,0.4623017580085463,1.671267518184531,0.5400066
8958,0.4623017580085463,1.678097477772713,0.5400066
8958,0.4623017580085463,1.6848427661705125,0.5400066
8958,0.4623017580085463,1.6915005038982847,0.5400066
8958,0.4623017580085463,1.6980678094540902,0.5400066
8958,0.4623017580085463,1.7045418009328164,0.5400066
8958,0.4623017580085463,1.7109195976672977,0.5400066
8958,0.4623017580085463,1.7171983218904248,0.5400066
8958,0.4623017580085463,1.7233751004168851,0.5400066
8958,0.4623017580085463,1.7294470663434778,0.5400066
8958,0.4623017580085463,1.735411360766561,0.5400066
8958,0.4623017580085463,1.7412651345155896,0.5400066
8958,0.4623017580085463,1.7470055499012473,0.5400066
8958,0.4623017580085463,1.7526297824768442,0.5400066
8958,0.4623017580085463,1.758135022811678,0.5400066
8958,0.4623017580085463,1.763518478274871,0.5400066
8958,0.4623017580085463,1.768777374828271,0.5400066
8958,0.4623017580085463,1.7739089588270018,0.5400066
8958,0.4623017580085463,1.7789104988260254,0.5400066
8958,0.4623017580085463,1.7837792873913796,0.5400066
8958,0.4623017580085463,1.788512642914468,0.5400066
8958,0.4623017580085463,1.7931079114277368,0.5400066
8958,0.4623017580085463,1.7975624684204408,0.5400066
8958,0.4623017580085463,1.8018737206525663,0.5400066
8958,0.4623017580085463,1.8060391079655276,0.5400066
8958,0.4623017580085463,1.8100561050879391,0.5400066
8958,0.4623017580085463,1.8139222234348427,0.5400066
8958,0.4623017580085463,1.8176350128986292,0.5400066
8958,0.4623017580085463,1.8211920636301884,0.5400066
8958,0.4623017580085463,1.824591007808431,0.5400066
8958,0.4623017580085463,1.827829521396639,0.5400066
8958,0.4623017580085463,1.830905325883922,0.5400066
8958,0.4623017580085463,1.83381619001,0.5400066
8958,0.4623017580085463,1.8365599314718872,0.5400066
8958,0.4623017580085463,1.8391344186105338,0.5400066
8958,0.4623017580085463,1.8415375720758789,0.5400066
8958,0.4623017580085463,1.843767366468653,0.5400066
8958,0.4623017580085463,1.8458218319572952,0.5400066
8958,0.4623017580085463,1.8476990558682258,0.5400066
8958,0.4623017580085463,1.8493971842479555,0.5400066
8958,0.4623017580085463,1.8509144233953925,0.5400066
8958,0.4623017580085463,1.8522490413626882,0.5400066
8958,0.4623017580085463,1.8533993694231055,0.5400066
8958,0.4623017580085463,1.854363803504314,0.5400066
8958,0.4623017580085463,1.8551408055855634,0.5400066
8958,0.4623017580085463,1.8557289050572932,0.5400066
8958,0.4623017580085463,1.8561267000415267,0.5400066
8958,0.4623017580085463,1.8563328586718284,0.5400066
8958,0.4623017580085463,1.856346120331174,0.5400066
8958,0.4623017580085463,1.8561652968464701,0.5400066
8958,0.4623017580085463,1.8557892736383401,0.5400066
8958,0.4623017580085463,1.8552170108248012,0.5400066
8958,0.4623017580085463,1.8544475442776247,0.5400066
8958,0.4623017580085463,1.8534799866300857,0.5400066
8958,0.4623017580085463,1.8523135282348884,0.5400066
8958,0.4623017580085463,1.8509474380711661,0.5400066
8958,0.4623017580085463,1.8493810645994118,0.5400066
8958,0.4623017580085463,1.847613836563215,0.5400066
8958,0.4623017580085463,1.8456452637369156,0.5400066
8958,0.4623017580085463,1.843474937618085,0.5400066
8958,0.4623017580085463,1.841102532064006,0.5400066
8958,0.4623017580085463,1.8385278038712245,0.5400066
8958,0.4623017580085463,1.835750593297383,0.5400066
8958,0.4623017580085463,1.8327708245246574,0.5400066
8958,0.4623017580085463,1.8295885060639898,0.5400066
8958,0.4623017580085463,1.82620373109954,0.5400066
8958,0.4623017580085463,1.8226166777727424,0.5400066
8958,0.4623017580085463,1.8188276094055669,0.5400066
8958,0.4623017580085463,1.8148368746623187,0.5400066
8958,0.4623017580085463,1.8106449076498066,0.5400066
8958,0.4623017580085463,1.8062522279553492,0.5400066
8958,0.4623017580085463,1.8016594406225546,0.5400066
8958,0.4623017580085463,1.7968672360644262,0.5400066
8958,0.4623017580085463,1.7918763899139294,0.5400066
8958,0.4623017580085463,1.7866877628116533,0.5400066
8958,0.4623017580085463,1.7813023001308566,0.5400066
8958,0.4623017580085463,1.7757210316396692,0.5400066
8958,0.4623017580085463,1.769945071100789,0.5400066
8958,0.4623017580085463,1.7639756158087503,0.5400066
8958,0.4623017580085463,1.7578139460650348,0.5400066
8958,0.4623017580085463,1.7514614245913644,0.5400066
8958,0.4623017580085463,1.744919495881523,0.5400066
8958,0.4623017580085463,1.7381896854921852,0.5400066
8958,0.4623017580085463,1.7312735992733224,0.5400066
8958,0.4623017580085463,1.7241729225385596,0.5400066
8958,0.4623017580085463,1.7168894191764212,0.5400066
8958,0.4623017580085463,1.709424930702938,0.5400066
8958,0.4623017580085463,1.7017813752564188,0.5400066
8958,0.4623017580085463,1.6939607465353594,0.5400066
8958,0.4623017580085463,1.6859651126801927,0.5400066
8958,0.4623017580085463,1.67779661509997,0.5400066
8958,0.4623017580085463,1.6694574672448343,0.5400066
8958,0.4623017580085463,1.660949953325605,0.5400066
8958,0.4623017580085463,1.6522764269812262,0.5400066
8958,0.4623017580085463,1.6434393098956157,0.5400066
8958,0.4623017580085463,1.634441090364944,0.5400066
8958,0.4623017580085463,1.6252843218166337,0.5400066
8958,0.4623017580085463,1.6159716212815194,0.5400066
8958,0.4623017580085463,1.6065056678204228,0.5400066
8958,0.4623017580085463,1.5968892009066513,0.5400066
8958,0.4623017580085463,1.5871250187659047,0.5400066
8958,0.4623017580085463,1.577215976675036,0.5400066
8958,0.4623017580085463,1.5671649852212817,0.5400066
8958,0.4623017580085463,1.5569750085235852,0.5400066
8958,0.4623017580085463,1.546649062417583,0.5400066
8958,0.4623017580085463,1.5361902126059814,0.5400066
8958,0.4623017580085463,1.525601572775998,0.5400066
8958,0.4623017580085463,1.514886302685685,0.5400066
8958,0.4623017580085463,1.5040476062207722,0.5400066
8958,0.4623017580085463,1.4930887294239603,0.5400066
8958,0.4623017580085463,1.4820129584984143,0.5400066
8958,0.4623017580085463,1.470823617787327,0.5400066
8958,0.4623017580085463,1.4595240677314274,0.5400066
8958,0.4623017580085463,1.4481177028062682,0.5400066
8958,0.4623017580085463,1.436607949441318,0.5400066
8958,0.4623017580085463,1.4249982639225953,0.5400066
8958,0.4623017580085463,1.4132921302809587,0.5400066
8958,0.4623017580085463,1.40149305816782,0.5400066
8958,0.4623017580085463,1.3896045807204127,0.5400066
8958,0.4623017580085463,1.3776302524183424,0.5400066
8960,0.54046103560984,1.392948745480886,0.5484426
8960,0.54046103560984,1.3962491734721978,0.5484426
8960,0.54046103560984,1.399336363363619,0.5484426
8960,0.54046103560984,1.4022093977758665,0.5484426
8960,0.54046103560984,1.4048674716892384,0.5484426
8960,0.54046103560984,1.407309892952484,0.5484426
8960,0.54046103560984,1.4095360826914425,0.5484426
8960,0.54046103560984,1.4115455756171145,0.5484426
8960,0.54046103560984,1.4133380202329275,0.5484426
8960,0.54046103560984,1.4149131789411074,0.5484426
8960,0.54046103560984,1.4162709280481058,0.5484426
8960,0.54046103560984,1.4174112576693343,0.5484426
8960,0.54046103560984,1.4183342715333909,0.5484426
8960,0.54046103560984,1.4190401866862317,0.5484426
8960,0.54046103560984,1.4195293330957384,0.5484426
8960,0.54046103560984,1.419802153157439,0.5484426
8960,0.54046103560984,1.4198592011019888,0.5484426
8960,0.54046103560984,1.4197011423054904,0.5484426
8960,0.54046103560984,1.4193287525034677,0.5484426
8960,0.54046103560984,1.4187429169097436,0.5484426
8960,0.54046103560984,1.417944629241424,0.5484426
8960,0.54046103560984,1.4169349906513293,0.5484426
8960,0.54046103560984,1.415715208569318,0.5484426
8960,0.54046103560984,1.4142865954541317,0.5484426
8960,0.54046103560984,1.412650567457372,0.5484426
8960,0.54046103560984,1.4108086430014277,0.5484426
8960,0.54046103560984,1.408762441273214,0.5484426
8960,0.54046103560984,1.4065136806357152,0.5484426
8960,0.54046103560984,1.4040641769593607,0.5484426
8960,0.54046103560984,1.401415841875464,0.5484426
8960,0.54046103560984,1.398570680953864,0.5484426
8960,0.54046103560984,1.3955307918072164,0.5484426
8960,0.54046103560984,1.392298362124259,0.5484426
8960,0.54046103560984,1.3888756676345408,0.5484426
8960,0.54046103560984,1.3852650700072315,0.5484426
8960,0.54046103560984,1.381469014686543,0.5484426
8960,0.54046103560984,1.3774900286664995,0.5484426
8960,0.54046103560984,1.3733307182078198,0.5484426
8960,0.54046103560984,1.3689937664996497,0.5484426
8960,0.54046103560984,1.3644819312690257,0.5484426
8960,0.54046103560984,1.3597980423409777,0.5484426
8960,0.54046103560984,1.354944999152167,0.5484426
8960,0.54046103560984,1.3499257682210626,0.5484426
8960,0.54046103560984,1.344743380577668,0.5484426
8960,0.54046103560984,1.3394009291557811,0.5484426
8960,0.54046103560984,1.3339015661508862,0.5484426
8960,0.54046103560984,1.3282485003467577,0.5484426
8960,0.54046103560984,1.3224449944138374,0.5484426
8960,0.54046103560984,1.3164943621824683,0.5484426
8960,0.54046103560984,1.3103999658941494,0.5484426
8960,0.54046103560984,1.3041652134338844,0.5484426
8960,0.54046103560984,1.297793555546686,0.5484426
8960,0.54046103560984,1.2912884830413722,0.5484426
8960,0.54046103560984,1.284653523984767,0.5484426
8960,0.54046103560984,1.2778922408892839,0.5484426
8960,0.54046103560984,1.271008227896982,0.5484426
8960,0.54046103560984,1.2640051079631578,0.5484426
8960,0.54046103560984,1.2568865300423433,0.5484426
8960,0.54046103560984,1.2496561662798107,0.5484426
8960,0.54046103560984,1.242317709211385,0.5484426
8960,0.54046103560984,1.2348748689744806,0.5484426
8960,0.54046103560984,1.2273313705332571,0.5484426
8960,0.54046103560984,1.219690950920575,0.5484426
8960,0.54046103560984,1.2119573564995694,0.5484426
8960,0.54046103560984,1.204134340247467,0.5484426
8960,0.54046103560984,1.1962256590643259,0.5484426
8960,0.54046103560984,1.1882350711092249,0.5484426
8960,0.54046103560984,1.1801663331663657,0.5484426
8960,0.54046103560984,1.1720231980436084,0.5484426
8960,0.54046103560984,1.1638094120057283,0.5484426
8960,0.54046103560984,1.1555287122447195,0.5484426
8960,0.54046103560984,1.1471848243893534,0.5484426
8960,0.54046103560984,1.138781460056105,0.5484426
8960,0.54046103560984,1.1303223144435957,0.5484426
8960,0.54046103560984,1.121811063972406,0.5484426
8960,0.54046103560984,1.1132513639722659,0.5484426
8960,0.54046103560984,1.1046468464184138,0.5484426
8960,0.54046103560984,1.0960011177187785,0.5484426
8960,0.54046103560984,1.087317756553774,0.5484426
8960,0.54046103560984,1.0786003117701055,0.5484426
8960,0.54046103560984,1.0698523003301852,0.5484426
8960,0.54046103560984,1.0610772053184372,0.5484426
8960,0.54046103560984,1.0522784740058904,0.5484426
8960,0.54046103560984,1.043459515974105,0.5484426
8960,0.54046103560984,1.0346237012996942,0.5484426
8960,0.54046103560984,1.0257743588003976,0.5484426
8960,0.54046103560984,1.0169147743435556,0.5484426
8960,0.54046103560984,1.0080481892179791,0.5484426
8960,0.54046103560984,0.9991777985698009,0.5484426
8960,0.54046103560984,0.9903067499030506,0.5484426
8960,0.54046103560984,0.9814381416455145,0.5484426
8960,0.54046103560984,0.9725750217802875,0.5484426
8960,0.54046103560984,0.9637203865435047,0.5484426
8960,0.54046103560984,0.9548771791884328,0.5484426
8960,0.54046103560984,0.9460482888162366,0.5484426
8960,0.54046103560984,0.9372365492734821,0.5484426
8960,0.54046103560984,0.9284447381164335,0.5484426
8960,0.54046103560984,0.9196755756421056,0.5484426
8960,0.54046103560984,0.9109317239859408,0.5484426
8960,0.54046103560984,0.9022157862859295,0.5484426
8960,0.54046103560984,0.8935303059128406,0.5484426
8960,0.54046103560984,0.8848777657662664,0.5484426
8960,0.54046103560984,0.8762605876360203,0.5484426
8960,0.54046103560984,0.8676811316283488,0.5484426
8960,0.54046103560984,0.8591416956564594,0.5484426
8960,0.54046103560984,0.850644514994638,0.5484426
8960,0.54046103560984,0.842191761895315,0.5484426
8960,0.54046103560984,0.8337855452682601,0.5484426
8960,0.54046103560984,0.825427910421054,0.5484426
8960,0.54046103560984,0.817120838860055,0.5484426
8960,0.54046103560984,0.8088662481507247,0.5484426
8960,0.54046103560984,0.8006659918364815,0.5484426
8960,0.54046103560984,0.7925218594149108,0.5484426
8960,0.54046103560984,0.7844355763702723,0.5484426
8960,0.54046103560984,0.7764088042611458,0.5484426
8960,0.54046103560984,0.7684431408619938,0.5484426
8960,0.54046103560984,0.7605401203574345,0.5484426
8960,0.54046103560984,0.7527012135878943,0.5484426
8960,0.54046103560984,0.7449278283454018,0.5484426
8960,0.54046103560984,0.7372213097180643,0.5484426
8960,0.54046103560984,0.7295829404819719,0.5484426
8960,0.54046103560984,0.7220139415389945,0.5484426
8960,0.54046103560984,0.7145154723991187,0.5484426
8960,0.54046103560984,0.7070886317058472,0.5484426
8960,0.54046103560984,0.6997344578031431,0.5484426
8960,0.54046103560984,0.6924539293424642,0.5484426
8960,0.54046103560984,0.6852479659283525,0.5484426
8960,0.54046103560984,0.6781174288010305,0.5484426
8960,0.54046103560984,0.6710631215545186,0.5484426
8960,0.54046103560984,0.6640857908886385,0.5484426
8960,0.54046103560984,0.6571861273934588,0.5484426
8960,0.54046103560984,0.650364766364508,0.5484426
8960,0.54046103560984,0.6436222886472734,0.5484426
8960,0.54046103560984,0.6369592215094102,0.5484426
8960,0.54046103560984,0.6303760395390614,0.5484426
8960,0.54046103560984,0.6238731655678132,0.5484426
8960,0.54046103560984,0.6174509716166438,0.5484426
8960,0.54046103560984,0.611109779863416,0.5484426
8960,0.54046103560984,0.604849863630343,0.5484426
8960,0.54046103560984,0.598671448389902,0.5484426
8960,0.54046103560984,0.592574712787751,0.5484426
8960,0.54046103560984,0.5865597896810951,0.5484426
8960,0.54046103560984,0.5806267671910957,0.5484426
8960,0.54046103560984,0.5747756897678503,0.5484426
8960,0.54046103560984,0.5690065592665103,0.5484426
8960,0.54046103560984,0.5633193360331701,0.5484426
8960,0.54046103560984,0.557713939999107,0.5484426
8960,0.54046103560984,0.5521902517820431,0.5484426
8960,0.54046103560984,0.5467481137930998,0.5484426
8960,0.54046103560984,0.5413873313481553,0.5484426
8960,0.54046103560984,0.5361076737822903,0.5484426
8960,0.54046103560984,0.5309088755661594,0.5484426
8960,0.54046103560984,0.5257906374229924,0.5484426
8960,0.54046103560984,0.5207526274451106,0.5484426
8960,0.54046103560984,0.5157944822087802,0.5484426
8960,0.54046103560984,0.5109158078863087,0.5484426
8960,0.54046103560984,0.5061161813542653,0.5484426
8960,0.54046103560984,0.5013951512968527,0.5484426
8960,0.54046103560984,0.49675223930332646,0.5484426
8960,0.54046103560984,0.4921869409585744,0.5484426
8960,0.54046103560984,0.4876987269258553,0.5484426
8960,0.54046103560984,0.4832870440208163,0.5484426
8960,0.54046103560984,0.47895131627593157,0.5484426
8960,0.54046103560984,0.47469094599450057,0.5484426
8960,0.54046103560984,0.47050531479343694,0.5484426
8960,0.54046103560984,0.466393784634088,0.5484426
8960,0.54046103560984,0.46235569884034017,0.5484426
8960,0.54046103560984,0.45839038310335783,0.5484426
8960,0.54046103560984,0.4544971464722636,0.5484426
8960,0.54046103560984,0.4506752823302045,0.5484426
8960,0.54046103560984,0.4469240693551624,0.5484426
8960,0.54046103560984,0.4432427724650231,0.5484426
8960,0.54046103560984,0.43963064374636723,0.5484426
8960,0.54046103560984,0.43608692336650384,0.5484426
8960,0.54046103560984,0.43261084046835613,0.5484426
8960,0.54046103560984,0.4292016140477371,0.5484426
8960,0.54046103560984,0.4258584538127006,0.5484426
8960,0.54046103560984,0.42258056102458774,0.5484426
8960,0.54046103560984,0.41936712932050907,0.5484426
8960,0.54046103560984,0.4162173455169567,0.5484426
8960,0.54046103560984,0.4131303903943194,0.5484426
8960,0.54046103560984,0.41010543946211075,0.5484426
8960,0.54046103560984,0.4071416637047034,0.5484426
8960,0.54046103560984,0.40423823030744344,0.5484426
8960,0.54046103560984,0.40139430336300336,0.5484426
8960,0.54046103560984,0.3986090445579168,0.5484426
8960,0.54046103560984,0.3958816138391885,0.5484426
8960,0.54046103560984,0.39321117006097295,0.5484426
8960,0.54046103560984,0.3905968716113024,0.5484426
8960,0.54046103560984,0.3880378770188614,0.5484426
8960,0.54046103560984,0.3855333455398672,0.5484426
8960,0.54046103560984,0.3830824377250974,0.5484426
8960,0.54046103560984,0.38068431596716323,0.5484426
8960,0.54046103560984,0.3783381450281124,0.5484426
8960,0.54046103560984,0.3760430925475066,0.5484426
8960,0.54046103560984,0.37379832953109754,0.5484426
8960,0.54046103560984,0.3716030308202838,0.5484426
8960,0.54046103560984,0.36945637554251404,0.5484426
8960,0.54046103560984,0.367357547542844,0.5484426
8960,0.54046103560984,0.3653057357968474,0.5484426
8960,0.54046103560984,0.36330013480514145,0.5484426
8960,0.54046103560984,0.3613399449697312,0.5484426
8960,0.54046103560984,0.35942437295245877,0.5484426
8960,0.54046103560984,0.3575526320158236,0.5484426
8960,0.54046103560984,0.355723942346446,0.5484426
8960,0.54046103560984,0.35393753136148093,0.5484426
8960,0.54046103560984,0.3521926339982829,0.5484426
8960,0.54046103560984,0.35048849298763246,0.5484426
8960,0.54046103560984,0.3488243591108493,0.5484426
8960,0.54046103560984,0.34719949144113094,0.5484426
8960,0.54046103560984,0.3456131575694408,0.5484426
8960,0.54046103560984,0.34406463381531477,0.5484426
8960,0.54046103560984,0.34255320542289786,0.5484426
8960,0.54046103560984,0.34107816674262115,0.5484426
8960,0.54046103560984,0.33963882139882534,0.5484426
8960,0.54046103560984,0.33823448244373366,0.5484426
8960,0.54046103560984,0.33686447249813006,0.5484426
8960,0.54046103560984,0.3355281238791033,0.5484426
8960,0.54046103560984,0.3342247787152428,0.5484426
8960,0.54046103560984,0.33295378904965295,0.5484426
8960,0.54046103560984,0.33171451693114945,0.5484426
8960,0.54046103560984,0.33050633449404593,0.5484426
8960,0.54046103560984,0.3293286240268497,0.5484426
8960,0.54046103560984,0.32818077803029694,0.5484426
8960,0.54046103560984,0.3270621992650498,0.5484426
8960,0.54046103560984,0.3259723007894581,0.5484426
8960,0.54046103560984,0.3249105059877278,0.5484426
8960,0.54046103560984,0.32387624858887537,0.5484426
8960,0.54046103560984,0.32286897267682757,0.5484426
8960,0.54046103560984,0.32188813269200567,0.5484426
8960,0.54046103560984,0.32093319342476206,0.5484426
8960,0.54046103560984,0.32000363000102006,0.5484426
8960,0.54046103560984,0.31909892786044036,0.5484426
8960,0.54046103560984,0.31821858272746745,0.5484426
8960,0.54046103560984,0.31736210057558334,0.5484426
8960,0.54046103560984,0.3165289975850915,0.5484426
8960,0.54046103560984,0.31571880009475495,0.5484426
8960,0.54046103560984,0.31493104454760085,0.5484426
8960,0.54046103560984,0.3141652774311856,0.5484426
8960,0.54046103560984,0.31342105521265934,0.5484426
8960,0.54046103560984,0.31269794426886416,0.5484426
8960,0.54046103560984,0.3119955208118051,0.5484426
8960,0.54046103560984,0.3113133708097448,0.5484426
8960,0.54046103560984,0.3106510899041978,0.5484426
8960,0.54046103560984,0.3100082833230918,0.5484426
8960,0.54046103560984,0.30938456579034657,0.5484426
8960,0.54046103560984,0.3087795614321263,0.5484426
8960,0.54046103560984,0.30819290367999663,0.5484426
8960,0.54046103560984,0.3076242351712249,0.5484426
8960,0.54046103560984,0.30707320764644436,0.5484426
8960,0.54046103560984,0.3065394818449013,0.5484426
8960,0.54046103560984,0.3060227273974893,0.5484426
8960,0.54046103560984,0.305522622717784,0.5484426
8960,0.54046103560984,0.30503885489123855,0.5484426
8960,0.54046103560984,0.30457111956277594,0.5484426
8960,0.54046103560984,0.3041191208228935,0.5484426
8960,0.54046103560984,0.303682571092507,0.5484426
8960,0.54046103560984,0.3032611910066427,0.5484426
8960,0.54046103560984,0.3028547092971703,0.5484426
8960,0.54046103560984,0.30246286267469696,0.5484426
8960,0.54046103560984,0.3020853957097776,0.5484426
8960,0.54046103560984,0.3017220607135504,0.5484426
8960,0.54046103560984,0.3013726176179422,0.5484426
8960,0.54046103560984,0.3010368338555461,0.5484426
8960,0.54046103560984,0.3007144842392787,0.5484426
8960,0.54046103560984,0.3004053508419285,0.5484426
8960,0.54046103560984,0.30010922287567826,0.5484426
8960,0.54046103560984,0.29982589657169223,0.5484426
8960,0.54046103560984,0.299555175059862,0.5484426
8960,0.54046103560984,0.299296868248756,0.5484426
8960,0.54046103560984,0.2990507927058743,0.5484426
8960,0.54046103560984,0.29881677153825636,0.5484426
8960,0.54046103560984,0.29859463427348637,0.5484426
8960,0.54046103560984,0.29838421674116744,0.5484426
8960,0.54046103560984,0.29818536095490866,0.5484426
8960,0.54046103560984,0.2979979149948367,0.5484426
8960,0.54046103560984,0.29782173289071406,0.5484426
8960,0.54046103560984,0.29765667450564476,0.5484426
8960,0.54046103560984,0.29750260542043866,0.5484426
8960,0.54046103560984,0.2973593968186162,0.5484426
8960,0.54046103560984,0.2972269253720921,0.5484426
8960,0.54046103560984,0.29710507312755363,0.5484426
8960,0.54046103560984,0.29699372739352464,0.5484426
8960,0.54046103560984,0.2968927806281392,0.5484426
8960,0.54046103560984,0.2968021303276082,0.5484426
8960,0.54046103560984,0.2967216789154019,0.5484426
8960,0.54046103560984,0.2966513336321135,0.5484426
8960,0.54046103560984,0.2965910064260272,0.5484426
8960,0.54046103560984,0.2965406138443573,0.5484426
8960,0.54046103560984,0.29650007692516156,0.5484426
8960,0.54046103560984,0.29646932108990176,0.5484426
8960,0.54046103560984,0.2964482760366539,0.5484426
8960,0.54046103560984,0.2964368756339279,0.5484426
8960,0.54046103560984,0.2964350578150931,0.5484426
8960,0.54046103560984,0.2964427644733851,0.5484426
8960,0.54046103560984,0.2964599413574698,0.5484426
8960,0.54046103560984,0.29648653796754304,0.5484426
8960,0.54046103560984,0.2965225074519456,0.5484426
8960,0.54046103560984,0.2965678065042625,0.5484426
8960,0.54046103560984,0.296622395260893,0.5484426
8960,0.54046103560984,0.29668623719904835,0.5484426
8960,0.54046103560984,0.29675929903518555,0.5484426
8960,0.54046103560984,0.2968415506238063,0.5484426
8960,0.54046103560984,0.2969329648566464,0.5484426
8960,0.54046103560984,0.2970335175621952,0.5484426
8960,0.54046103560984,0.29714318740553636,0.5484426
8960,0.54046103560984,0.2972619557884927,0.5484426
8960,0.54046103560984,0.2973898067500456,0.5484426
8960,0.54046103560984,0.2975267268670099,0.5484426
8960,0.54046103560984,0.2976727051549523,0.5484426
8960,0.54046103560984,0.2978277329693203,0.5484426
8960,0.54046103560984,0.29799180390679336,0.5484426
8960,0.54046103560984,0.29816491370680864,0.5484426
8960,0.54046103560984,0.2983470601532684,0.5484426
8960,0.54046103560984,0.29853824297642395,0.5484426
8960,0.54046103560984,0.29873846375490426,0.5484426
8960,0.54046103560984,0.2989477258179027,0.5484426
8960,0.54046103560984,0.2991660341475006,0.5484426
8960,0.54046103560984,0.29939339528115383,0.5484426
8960,0.54046103560984,0.2996298172142911,0.5484426
8960,0.54046103560984,0.2998753093030823,0.5484426
8960,0.54046103560984,0.3001298821673372,0.5484426
8960,0.54046103560984,0.30039354759356324,0.5484426
8960,0.54046103560984,0.30066631843818736,0.5484426
8960,0.54046103560984,0.3009482085309416,0.5484426
8960,0.54046103560984,0.3012392325784394,0.5484426
8960,0.54046103560984,0.3015394060679615,0.5484426
8960,0.54046103560984,0.30184874517143806,0.5484426
8960,0.54046103560984,0.30216726664970445,0.5484426
8960,0.54046103560984,0.3024949877569845,0.5484426
8960,0.54046103560984,0.30283192614569526,0.5484426
8960,0.54046103560984,0.30317809977154103,0.5484426
8960,0.54046103560984,0.3035335267989762,0.5484426
8960,0.54046103560984,0.3038982255070369,0.5484426
8960,0.54046103560984,0.3042722141955891,0.5484426
8960,0.54046103560984,0.3046555110920387,0.5484426
8960,0.54046103560984,0.3050481342585168,0.5484426
8960,0.54046103560984,0.30545010149961416,0.5484426
8960,0.54046103560984,0.3058614302706941,0.5484426
8960,0.54046103560984,0.30628213758681716,0.5484426
8960,0.54046103560984,0.306712239932352,0.5484426
8960,0.54046103560984,0.3071517531712951,0.5484426
8960,0.54046103560984,0.30760069245838134,0.5484426
8960,0.54046103560984,0.30805907215101036,0.5484426
8960,0.54046103560984,0.3085269057220518,0.5484426
8960,0.54046103560984,0.30900420567360404,0.5484426
8960,0.54046103560984,0.3094909834517396,0.5484426
8960,0.54046103560984,0.30998724936230687,0.5484426
8960,0.54046103560984,0.31049301248785477,0.5484426
8960,0.54046103560984,0.3110082806057367,0.5484426
8960,0.54046103560984,0.3115330601074458,0.5484426
8960,0.54046103560984,0.3120673559192667,0.5484426
8960,0.54046103560984,0.3126111714242926,0.5484426
8960,0.54046103560984,0.31316450838587306,0.5484426
8960,0.54046103560984,0.3137273668725636,0.5484426
8960,0.54046103560984,0.31429974518464326,0.5484426
8960,0.54046103560984,0.31488163978225636,0.5484426
8960,0.54046103560984,0.31547304521525815,0.5484426
8960,0.54046103560984,0.3160739540548105,0.5484426
8960,0.54046103560984,0.3166843568268292,0.5484426
8960,0.54046103560984,0.3173042419472889,0.5484426
8960,0.54046103560984,0.31793359565952006,0.5484426
8960,0.54046103560984,0.31857240197351167,0.5484426
8960,0.54046103560984,0.3192206426072918,0.5484426
8960,0.54046103560984,0.31987829693047565,0.5484426
8960,0.54046103560984,0.32054534191000705,0.5484426
8960,0.54046103560984,0.3212217520581755,0.5484426
8960,0.54046103560984,0.3219074993829566,0.5484426
8960,0.54046103560984,0.3226025533407397,0.5484426
8960,0.54046103560984,0.3233068807915104,0.5484426
8960,0.54046103560984,0.324020445956501,0.5484426
8960,0.54046103560984,0.3247432103784112,0.5484426
8960,0.54046103560984,0.3254751328842209,0.5484426
8960,0.54046103560984,0.3262161695506431,0.5484426
8960,0.54046103560984,0.3269662736722814,0.5484426
8960,0.54046103560984,0.32772539573250725,0.5484426
8960,0.54046103560984,0.3284934833771261,0.5484426
8960,0.54046103560984,0.32927048139086834,0.5484426
8960,0.54046103560984,0.33005633167669834,0.5484426
8960,0.54046103560984,0.3308509732380496,0.5484426
8960,0.54046103560984,0.3316543421639566,0.5484426
8960,0.54046103560984,0.3324663716171196,0.5484426
8960,0.54046103560984,0.3332869918249598,0.5484426
8960,0.54046103560984,0.33411613007365587,0.5484426
8960,0.54046103560984,0.334953710705174,0.5484426
8960,0.54046103560984,0.3357996551173487,0.5484426
8960,0.54046103560984,0.3366538817669759,0.5484426
8960,0.54046103560984,0.3375163061759606,0.5484426
8960,0.54046103560984,0.3383868409405043,0.5484426
8960,0.54046103560984,0.3392653957433637,0.5484426
8960,0.54046103560984,0.3401518773691273,0.5484426
8960,0.54046103560984,0.34104618972255923,0.5484426
8960,0.54046103560984,0.34194823384997364,0.5484426
8960,0.54046103560984,0.3428579079636188,0.5484426
8960,0.54046103560984,0.34377510746908974,0.5484426
8960,0.54046103560984,0.34469972499569496,0.5484426
8960,0.54046103560984,0.34563165042982474,0.5484426
8960,0.54046103560984,0.3465707709512273,0.5484426
8960,0.54046103560984,0.34751697107220847,0.5484426
8960,0.54046103560984,0.34847013267969384,0.5484426
8960,0.54046103560984,0.3494301350801331,0.5484426
8960,0.54046103560984,0.35039685504720075,0.5484426
8960,0.54046103560984,0.35137016687223876,0.5484426
8960,0.54046103560984,0.3523499424174191,0.5484426
8960,0.54046103560984,0.3533360511715403,0.5484426
8960,0.54046103560984,0.35432836030843523,0.5484426
8960,0.54046103560984,0.35532673474791954,0.5484426
8960,0.54046103560984,0.3563310372192115,0.5484426
8960,0.54046103560984,0.3573411283267839,0.5484426
8960,0.54046103560984,0.3583568666185524,0.5484426
8960,0.54046103560984,0.3593781086563528,0.5484426
8960,0.54046103560984,0.36040470908862765,0.5484426
8960,0.54046103560984,0.3614365207252445,0.5484426
8960,0.54046103560984,0.3624733946143713,0.5484426
8960,0.54046103560984,0.3635151801213292,0.5484426
8960,0.54046103560984,0.36456172500934014,0.5484426
8960,0.54046103560984,0.3656128755220799,0.5484426
8960,0.54046103560984,0.366668476467954,0.5484426
8960,0.54046103560984,0.3677283713060194,0.5484426
8960,0.54046103560984,0.3687924022334249,0.5484426
8960,0.54046103560984,0.3698604102743198,0.5484426
8960,0.54046103560984,0.37093223537011866,0.5484426
8960,0.54046103560984,0.3720077164710137,0.5484426
8960,0.54046103560984,0.3730866916286555,0.5484426
8960,0.54046103560984,0.37416899808990634,0.5484426
8960,0.54046103560984,0.37525447239154414,0.5484426
8960,0.54046103560984,0.3763429504558335,0.5484426
8960,0.54046103560984,0.3774342676868754,0.5484426
8960,0.54046103560984,0.37852825906759224,0.5484426
8960,0.54046103560984,0.3796247592572951,0.5484426
8960,0.54046103560984,0.3807236026896897,0.5484426
8960,0.54046103560984,0.3818246236712467,0.5484426
8960,0.54046103560984,0.3829276564798172,0.5484426
8960,0.54046103560984,0.3840325354633886,0.5484426
8960,0.54046103560984,0.38513909513890643,0.5484426
8960,0.54046103560984,0.38624717029100586,0.5484426
8960,0.54046103560984,0.3873565960706161,0.5484426
8960,0.54046103560984,0.3884672080932792,0.5484426
8960,0.54046103560984,0.38957884253712427,0.5484426
8960,0.54046103560984,0.39069133624037317,0.5484426
8960,0.54046103560984,0.39180452679828914,0.5484426
8960,0.54046103560984,0.39291825265947034,0.5484426
8960,0.54046103560984,0.3940323532214062,0.5484426
8960,0.54046103560984,0.39514666892515893,0.5484426
8960,0.54046103560984,0.39626104134913404,0.5484426
8960,0.54046103560984,0.3973753133018234,0.5484426
8960,0.54046103560984,0.39848932891342537,0.5484426
8960,0.54046103560984,0.3996029337262487,0.5484426
8960,0.54046103560984,0.40071597478386284,0.5484426
8960,0.54046103560984,0.4018283007188514,0.5484426
8960,0.54046103560984,0.40293976183912855,0.5484426
8960,0.54046103560984,0.4040502102127378,0.5484426
8960,0.54046103560984,0.40515949975102317,0.5484426
8960,0.54046103560984,0.4062674862901709,0.5484426
8960,0.54046103560984,0.4073740276709669,0.5484426
8960,0.54046103560984,0.4084789838167691,0.5484426
8960,0.54046103560984,0.40958221680961304,0.5484426
8960,0.54046103560984,0.41068359096436613,0.5484426
8960,0.54046103560984,0.4117829729009106,0.5484426
8960,0.54046103560984,0.41288023161427473,0.5484426
8960,0.54046103560984,0.4139752385426652,0.5484426
8960,0.54046103560984,0.41506786763337533,0.5484426
8960,0.54046103560984,0.41615799540647697,0.5484426
8960,0.54046103560984,0.41724550101631497,0.5484426
8960,0.54046103560984,0.4183302663107082,0.5484426
8960,0.54046103560984,0.41941217588787194,0.5484426
8960,0.54046103560984,0.42049111715099635,0.5484426
8960,0.54046103560984,0.4215669803604656,0.5484426
8960,0.54046103560984,0.42263965868369013,0.5484426
8960,0.54046103560984,0.42370904824255123,0.5484426
8960,0.54046103560984,0.4247750481583991,0.5484426
8960,0.54046103560984,0.4258375605946401,0.5484426
8960,0.54046103560984,0.4268964907968426,0.5484426
8960,0.54046103560984,0.4279517471304379,0.5484426
8960,0.54046103560984,0.42900324111591326,0.5484426
8960,0.54046103560984,0.43005088746158315,0.5484426
8960,0.54046103560984,0.4310946040938895,0.5484426
8960,0.54046103560984,0.43213431218524934,0.5484426
8960,0.54046103560984,0.4331699361794838,0.5484426
8960,0.54046103560984,0.4342014038147921,0.5484426
8960,0.54046103560984,0.43522864614433726,0.5484426
8960,0.54046103560984,0.43625159755442444,0.5484426
8960,0.54046103560984,0.43727019578032755,0.5484426
8960,0.54046103560984,0.43828438191973984,0.5484426
8960,0.54046103560984,0.4392941004439438,0.5484426
8960,0.54046103560984,0.4402992992066654,0.5484426
8960,0.54046103560984,0.44129992945067714,0.5484426
8960,0.54046103560984,0.4422959458122022,0.5484426
8960,0.54046103560984,0.4432873063231102,0.5484426
8960,0.54046103560984,0.44427397241100214,0.5484426
8960,0.54046103560984,0.4452559088971663,0.5484426
8960,0.54046103560984,0.446233083992517,0.5484426
8960,0.54046103560984,0.44720546929150334,0.5484426
8960,0.54046103560984,0.448173039764076,0.5484426
8960,0.54046103560984,0.44913577374574387,0.5484426
8960,0.54046103560984,0.4500936529257943,0.5484426
8960,0.54046103560984,0.4510466623337029,0.5484426
8960,0.54046103560984,0.451994790323815,0.5484426
8960,0.54046103560984,0.4529380285583448,0.5484426
8960,0.54046103560984,0.45387637198875574,0.5484426
8960,0.54046103560984,0.4548098188355709,0.5484426
8960,0.54046103560984,0.4557383705667137,0.5484426
8960,0.54046103560984,0.4566620318743789,0.5484426
8960,0.54046103560984,0.45758081065055,0.5484426
8960,0.54046103560984,0.45849471796122315,0.5484426
8960,0.54046103560984,0.45940376801936544,0.5484426
8960,0.54046103560984,0.460307978156712,0.5484426
8960,0.54046103560984,0.46120736879446034,0.5484426
8960,0.54046103560984,0.46210196341290877,0.5484426
8960,0.54046103560984,0.4629917885201348,0.5484426
8960,0.54046103560984,0.46387687361975677,0.5484426
8960,0.54046103560984,0.46475725117785815,0.5484426
8960,0.54046103560984,0.4656329565891402,0.5484426
8960,0.54046103560984,0.46650402814236763,0.5484426
8960,0.54046103560984,0.4673705069851689,0.5484426
8960,0.54046103560984,0.46823243708827683,0.5484426
8960,0.54046103560984,0.4690898652092414,0.5484426
8960,0.54046103560984,0.46994284085571014,0.5484426
8960,0.54046103560984,0.4707914162483369,0.5484426
8960,0.54046103560984,0.47163564628335264,0.5484426
8960,0.54046103560984,0.47247558849490406,0.5484426
8960,0.54046103560984,0.47331130301717744,0.5484426
8960,0.54046103560984,0.4741428525464186,0.5484426
8960,0.54046103560984,0.47497030230285436,0.5484426
8960,0.54046103560984,0.4757937199925994,0.5484426
8960,0.54046103560984,0.4766131757696341,0.5484426
8960,0.54046103560984,0.4774287421978297,0.5484426
8960,0.54046103560984,0.47824049421316484,0.5484426
8960,0.54046103560984,0.4790485090861274,0.5484426
8960,0.54046103560984,0.4798528663843573,0.5484426
8960,0.54046103560984,0.4806536479356106,0.5484426
8960,0.54046103560984,0.481450937791053,0.5484426
8960,0.54046103560984,0.4822448221889626,0.5484426
8960,0.54046103560984,0.48303538951883884,0.5484426
8960,0.54046103560984,0.4838227302860362,0.5484426
8960,0.54046103560984,0.48460693707686686,0.5484426
8960,0.54046103560984,0.4853881045242889,0.5484426
8960,0.54046103560984,0.48616632927416464,0.5484426
8960,0.54046103560984,0.48694170995216696,0.5484426
8960,0.54046103560984,0.4877143471313189,0.5484426
8960,0.54046103560984,0.48848434330022616,0.5484426
8960,0.54046103560984,0.489251802832025,0.5484426
8960,0.54046103560984,0.49001683195407564,0.5484426
8960,0.54046103560984,0.49077953871840035,0.5484426
8960,0.54046103560984,0.49154003297291526,0.5484426
8960,0.54046103560984,0.49229842633347953,0.5484426
8960,0.54046103560984,0.49305483215673557,0.5484426
8960,0.54046103560984,0.4938093655138105,0.5484426
8960,0.54046103560984,0.4945621431648538,0.5484426
8960,0.54046103560984,0.49531328353444926,0.5484426
8960,0.54046103560984,0.49606290668787356,0.5484426
8960,0.54046103560984,0.49681113430826496,0.5484426
8960,0.54046103560984,0.4975580896746529,0.5484426
8960,0.54046103560984,0.49830389764087524,0.5484426
8960,0.54046103560984,0.4990486846154024,0.5484426
8960,0.54046103560984,0.4997925785420219,0.5484426
8960,0.54046103560984,0.5005357088814524,0.5484426
8960,0.54046103560984,0.5012782065938037,0.5484426
8960,0.54046103560984,0.5020202041219274,0.5484426
8960,0.54046103560984,0.5027618353756592,0.5484426
8960,0.54046103560984,0.5035032357168683,0.5484426
8960,0.54046103560984,0.504244541945474,0.5484426
8960,0.54046103560984,0.5049858922861992,0.5484426
8960,0.54046103560984,0.5057274263761317,0.5484426
8960,0.54046103560984,0.5064692852533074,0.5484426
8960,0.54046103560984,0.5072116113457847,0.5484426
8960,0.54046103560984,0.5079545484618365,0.5484426
8960,0.54046103560984,0.5086982417805853,0.5484426
8960,0.54046103560984,0.5094428378437037,0.5484426
8960,0.54046103560984,0.5101884845475899,0.5484426
8960,0.54046103560984,0.5109353311363811,0.5484426
8960,0.54046103560984,0.5116835281956873,0.5484426
8960,0.54046103560984,0.5124332276468855,0.5484426
8960,0.54046103560984,0.5131845827421245,0.5484426
8960,0.54046103560984,0.513937748059967,0.5484426
8960,0.54046103560984,0.514692879501566,0.5484426
8960,0.54046103560984,0.5154501342875534,0.5484426
8960,0.54046103560984,0.5162096709552867,0.5484426
8960,0.54046103560984,0.5169716493567699,0.5484426
8960,0.54046103560984,0.517736230657013,0.5484426
8960,0.54046103560984,0.5185035773329097,0.5484426
8960,0.54046103560984,0.5192738531725253,0.5484426
8960,0.54046103560984,0.5200472232748351,0.5484426
8960,0.54046103560984,0.5208238540498591,0.5484426
8960,0.54046103560984,0.5216039132191764,0.5484426
8960,0.54046103560984,0.5223875698167839,0.5484426
8960,0.54046103560984,0.5231749941903034,0.5484426
8960,0.54046103560984,0.5239663580025222,0.5484426
8960,0.54046103560984,0.5247618342330882,0.5484426
8960,0.54046103560984,0.5255615971806096,0.5484426
8960,0.54046103560984,0.5263658224649255,0.5484426
8960,0.54046103560984,0.5271746870296075,0.5484426
8960,0.54046103560984,0.5279883691446374,0.5484426
8960,0.54046103560984,0.5288070484092757,0.5484426
8960,0.54046103560984,0.5296309057550779,0.5484426
8960,0.54046103560984,0.5304601234490444,0.5484426
8960,0.54046103560984,0.5312948850969056,0.5484426
8960,0.54046103560984,0.5321353756464726,0.5484426
8960,0.54046103560984,0.5329817813911235,0.5484426
8960,0.54046103560984,0.5338342899733076,0.5484426
8960,0.54046103560984,0.5346930903881434,0.5484426
8960,0.54046103560984,0.5355583729870579,0.5484426
8960,0.54046103560984,0.536430329481432,0.5484426
8960,0.54046103560984,0.5373091529462976,0.5484426
8960,0.54046103560984,0.5381950378240372,0.5484426
8960,0.54046103560984,0.5390881799280889,0.5484426
8960,0.54046103560984,0.539988776446638,0.5484426
8960,0.54046103560984,0.5408970259463266,0.5484426
8960,0.54046103560984,0.5418131283759327,0.5484426
8960,0.54046103560984,0.5427372850700242,0.5484426
8960,0.54046103560984,0.5436696987526368,0.5484426
8960,0.54046103560984,0.544610573540876,0.5484426
8960,0.54046103560984,0.5455601149485543,0.5484426
8960,0.54046103560984,0.5465185298897779,0.5484426
8960,0.54046103560984,0.5474860266825404,0.5484426
8960,0.54046103560984,0.5484628150522902,0.5484426
8960,0.54046103560984,0.5494491061355117,0.5484426
8960,0.54046103560984,0.5504451124832848,0.5484426
8960,0.54046103560984,0.5514510480648804,0.5484426
8960,0.54046103560984,0.5524671282713555,0.5484426
8960,0.54046103560984,0.5534935699191742,0.5484426
8960,0.54046103560984,0.5545305912538815,0.5484426
8960,0.54046103560984,0.5555784119538016,0.5484426
8960,0.54046103560984,0.556637253133819,0.5484426
8960,0.54046103560984,0.5577073373492157,0.5484426
8960,0.54046103560984,0.5587888885996055,0.5484426
8960,0.54046103560984,0.5598821323329644,0.5484426
8960,0.54046103560984,0.5609872954497719,0.5484426
8960,0.54046103560984,0.5621046063072938,0.5484426
8960,0.54046103560984,0.5632342947240045,0.5484426
8960,0.54046103560984,0.5643765919841748,0.5484426
8960,0.54046103560984,0.5655317308426447,0.5484426
8960,0.54046103560984,0.5666999455297744,0.5484426
8960,0.54046103560984,0.5678814717566365,0.5484426
8960,0.54046103560984,0.569076546720418,0.5484426
8960,0.54046103560984,0.5702854091100836,0.5484426
8960,0.54046103560984,0.5715082991122942,0.5484426
8960,0.54046103560984,0.572745458417617,0.5484426
8960,0.54046103560984,0.5739971302270235,0.5484426
8960,0.54046103560984,0.5752635592587244,0.5484426
8960,0.54046103560984,0.5765449917552948,0.5484426
8960,0.54046103560984,0.5778416754911947,0.5484426
8960,0.54046103560984,0.5791538597806171,0.5484426
8960,0.54046103560984,0.580481795485707,0.5484426
8960,0.54046103560984,0.5818257350251946,0.5484426
8960,0.54046103560984,0.5831859323834064,0.5484426
8960,0.54046103560984,0.5845626431196801,0.5484426
8960,0.54046103560984,0.5859561243782093,0.5484426
8960,0.54046103560984,0.5873666348983133,0.5484426
8960,0.54046103560984,0.5887944350251384,0.5484426
8960,0.54046103560984,0.5902397867207817,0.5484426
8960,0.54046103560984,0.5917029535758783,0.5484426
8960,0.54046103560984,0.5931842008216187,0.5484426
8960,0.54046103560984,0.5946837953421932,0.5484426
8960,0.54046103560984,0.5962020056877044,0.5484426
8960,0.54046103560984,0.597739102087488,0.5484426
8960,0.54046103560984,0.5992953564638765,0.5484426
8960,0.54046103560984,0.6008710424463554,0.5484426
8960,0.54046103560984,0.602466435386165,0.5484426
8960,0.54046103560984,0.6040818123712536,0.5484426
8960,0.54046103560984,0.6057174522416275,0.5484426
8960,0.54046103560984,0.607373635605043,0.5484426
8960,0.54046103560984,0.6090506448530406,0.5484426
8960,0.54046103560984,0.6107487641772811,0.5484426
8960,0.54046103560984,0.6124682795861467,0.5484426
8960,0.54046103560984,0.6142094789216109,0.5484426
8960,0.54046103560984,0.6159726518762942,0.5484426
8960,0.54046103560984,0.6177580900107109,0.5484426
8960,0.54046103560984,0.6195660867706291,0.5484426
8960,0.54046103560984,0.6213969375045302,0.5484426
8960,0.54046103560984,0.6232509394810943,0.5484426
8960,0.54046103560984,0.625128391906673,0.5484426
8960,0.54046103560984,0.6270295959426867,0.5484426
8960,0.54046103560984,0.6289548547228972,0.5484426
8960,0.54046103560984,0.6309044733704705,0.5484426
8960,0.54046103560984,0.6328787590147881,0.5484426
8960,0.54046103560984,0.6348780208079191,0.5484426
8960,0.54046103560984,0.6369025699406924,0.5484426
8960,0.54046103560984,0.6389527196582476,0.5484426
8960,0.54046103560984,0.6410287852750576,0.5484426
8960,0.54046103560984,0.6431310841892699,0.5484426
8960,0.54046103560984,0.6452599358962862,0.5484426
8960,0.54046103560984,0.6474156620015199,0.5484426
8960,0.54046103560984,0.6495985862321998,0.5484426
8960,0.54046103560984,0.6518090344481302,0.5484426
8960,0.54046103560984,0.6540473346512868,0.5484426
8960,0.54046103560984,0.6563138169941567,0.5484426
8960,0.54046103560984,0.6586088137867083,0.5484426
8960,0.54046103560984,0.6609326595018418,0.5484426
8960,0.54046103560984,0.6632856907792373,0.5484426
8960,0.54046103560984,0.6656682464274462,0.5484426
8960,0.54046103560984,0.6680806674241163,0.5484426
8960,0.54046103560984,0.6705232969141987,0.5484426
8960,0.54046103560984,0.6729964802060076,0.5484426
8960,0.54046103560984,0.6755005647649986,0.5484426
8960,0.54046103560984,0.6780359002051235,0.5484426
8960,0.54046103560984,0.6806028382775743,0.5484426
8960,0.54046103560984,0.6832017328568459,0.5484426
8960,0.54046103560984,0.6858329399238746,0.5484426
8960,0.54046103560984,0.6884968175461709,0.5484426
8960,0.54046103560984,0.6911937258547235,0.5484426
8960,0.54046103560984,0.6939240270175782,0.5484426
8960,0.54046103560984,0.696688085209868,0.5484426
8960,0.54046103560984,0.6994862665801661,0.5484426
8960,0.54046103560984,0.7023189392129755,0.5484426
8960,0.54046103560984,0.705186473087195,0.5484426
8960,0.54046103560984,0.7080892400303744,0.5484426
8960,0.54046103560984,0.7110276136686149,0.5484426
8960,0.54046103560984,0.7140019693718874,0.5484426
8960,0.54046103560984,0.717012684194663,0.5484426
8960,0.54046103560984,0.7200601368115945,0.5484426
8960,0.54046103560984,0.7231447074481543,0.5484426
8960,0.54046103560984,0.726266777805988,0.5484426
8960,0.54046103560984,0.7294267309828283,0.5484426
8960,0.54046103560984,0.732624951386802,0.5484426
8960,0.54046103560984,0.735861824644924,0.5484426
8960,0.54046103560984,0.7391377375056191,0.5484426
8960,0.54046103560984,0.7424530777350877,0.5484426
8960,0.54046103560984,0.7458082340073369,0.5484426
8960,0.54046103560984,0.7492035957877075,0.5484426
8960,0.54046103560984,0.752639553209728,0.5484426
8960,0.54046103560984,0.7561164969450916,0.5484426
8960,0.54046103560984,0.759634818066641,0.5484426
8960,0.54046103560984,0.7631949079041276,0.5484426
8960,0.54046103560984,0.766797157892658,0.5484426
8960,0.54046103560984,0.7704419594135761,0.5484426
8960,0.54046103560984,0.7741297036277222,0.5484426
8960,0.54046103560984,0.7778607813008144,0.5484426
8960,0.54046103560984,0.7816355826208973,0.5484426
8960,0.54046103560984,0.7854544970076314,0.5484426
8960,0.54046103560984,0.7893179129133249,0.5484426
8960,0.54046103560984,0.7932262176155831,0.5484426
8960,0.54046103560984,0.7971797970014058,0.5484426
8960,0.54046103560984,0.8011790353426206,0.5484426
8960,0.54046103560984,0.8052243150625896,0.5484426
8960,0.54046103560984,0.8093160164939434,0.5484426
8960,0.54046103560984,0.8134545176274126,0.5484426
8960,0.54046103560984,0.8176401938515016,0.5484426
8960,0.54046103560984,0.8218734176830097,0.5484426
8960,0.54046103560984,0.8261545584882817,0.5484426
8960,0.54046103560984,0.830483982195099,0.5484426
8960,0.54046103560984,0.8348620509952,0.5484426
8960,0.54046103560984,0.8392891230372778,0.5484426
8960,0.54046103560984,0.8437655521105437,0.5484426
8960,0.54046103560984,0.8482916873186399,0.5484426
8960,0.54046103560984,0.8528678727440582,0.5484426
8960,0.54046103560984,0.8574944471028817,0.5484426
8960,0.54046103560984,0.8621717433899757,0.5484426
8960,0.54046103560984,0.8669000885145332,0.5484426
8960,0.54046103560984,0.8716798029260304,0.5484426
8960,0.54046103560984,0.8765112002306252,0.5484426
8960,0.54046103560984,0.8813945867979939,0.5484426
8960,0.54046103560984,0.8863302613587116,0.5484426
8960,0.54046103560984,0.8913185145921754,0.5484426
8960,0.54046103560984,0.8963596287052071,0.5484426
8960,0.54046103560984,0.9014538770013559,0.5484426
8960,0.54046103560984,0.9066015234410595,0.5484426
8960,0.54046103560984,0.9118028221927355,0.5484426
8960,0.54046103560984,0.9170580171749594,0.5484426
8960,0.54046103560984,0.9223673415898116,0.5484426
8960,0.54046103560984,0.9277310174476671,0.5484426
8960,0.54046103560984,0.933149255083431,0.5484426
8960,0.54046103560984,0.9386222526645637,0.5484426
8960,0.54046103560984,0.9441501956909905,0.5484426
8960,0.54046103560984,0.9497332564871092,0.5484426
8960,0.54046103560984,0.9553715936862173,0.5484426
8960,0.54046103560984,0.9610653517075092,0.5484426
8960,0.54046103560984,0.9668146602259056,0.5484426
8960,0.54046103560984,0.9726196336350534,0.5484426
8960,0.54046103560984,0.9784803705037184,0.5484426
8960,0.54046103560984,0.9843969530259257,0.5484426
8960,0.54046103560984,0.9903694464651428,0.5484426
8960,0.54046103560984,0.9963978985928167,0.5484426
8960,0.54046103560984,1.002482339121699,0.5484426
8960,0.54046103560984,1.008622779134237,0.5484426
8960,0.54046103560984,1.0148192105064706,0.5484426
8960,0.54046103560984,1.0210716053278213,0.5484426
8960,0.54046103560984,1.0273799153171577,0.5484426
8960,0.54046103560984,1.0337440712356611,0.5484426
8960,0.54046103560984,1.0401639822968087,0.5484426
8960,0.54046103560984,1.0466395355740528,0.5484426
8960,0.54046103560984,1.0531705954066135,0.5484426
8960,0.54046103560984,1.0597570028038619,0.5484426
8960,0.54046103560984,1.0663985748489213,0.5484426
8960,0.54046103560984,1.0730951041018293,0.5484426
8960,0.54046103560984,1.079846358002936,0.5484426
8960,0.54046103560984,1.0866520782770794,0.5484426
8960,0.54046103560984,1.0935119803390279,0.5484426
8960,0.54046103560984,1.10042575270085,0.5484426
8960,0.54046103560984,1.1073930563817986,0.5484426
8960,0.54046103560984,1.1144135243212545,0.5484426
8960,0.54046103560984,1.1214867607954695,0.5484426
8960,0.54046103560984,1.1286123408385897,0.5484426
8960,0.54046103560984,1.1357898096687535,0.5484426
8960,0.54046103560984,1.1430186821198802,0.5484426
8960,0.54046103560984,1.1502984420797162,0.5484426
8960,0.54046103560984,1.157628541935013,0.5484426
8960,0.54046103560984,1.165008402024377,0.5484426
8960,0.54046103560984,1.172437410099503,0.5484426
8960,0.54046103560984,1.1799149207956536,0.5484426
8960,0.54046103560984,1.1874402551119096,0.5484426
8960,0.54046103560984,1.1950126999020287,0.5484426
8960,0.54046103560984,1.2026315073766605,0.5484426
8960,0.54046103560984,1.2102958946176274,0.5484426
8960,0.54046103560984,1.2180050431049931,0.5484426
8960,0.54046103560984,1.2257580982577678,0.5484426
8960,0.54046103560984,1.233554168988923,0.5484426
8960,0.54046103560984,1.2413923272755445,0.5484426
8960,0.54046103560984,1.2492716077448263,0.5484426
8960,0.54046103560984,1.25719100727676,0.5484426
8960,0.54046103560984,1.2651494846242541,0.5484426
8960,0.54046103560984,1.2731459600514032,0.5484426
8960,0.54046103560984,1.2811793149908344,0.5484426
8960,0.54046103560984,1.2892483917206945,0.5484426
8960,0.54046103560984,1.2973519930622748,0.5484426
8960,0.54046103560984,1.3054888820988826,0.5484426
8960,0.54046103560984,1.3136577819167774,0.5484426
8960,0.54046103560984,1.3218573753689826,0.5484426
8960,0.54046103560984,1.3300863048626386,0.5484426
8960,0.54046103560984,1.3383431721707428,0.5484426
8960,0.54046103560984,1.3466265382689677,0.5484426
8960,0.54046103560984,1.3549349231982797,0.5484426
8960,0.54046103560984,1.3632668059541497,0.5484426
8960,0.54046103560984,1.3716206244030138,0.5484426
8960,0.54046103560984,1.3799947752266963,0.5484426
8960,0.54046103560984,1.3883876138955162,0.5484426
8960,0.54046103560984,1.3967974546707296,0.5484426
8960,0.54046103560984,1.4052225706370214,0.5484426
8960,0.54046103560984,1.4136611937655648,0.5484426
8960,0.54046103560984,1.422111515008458,0.5484426
8960,0.54046103560984,1.430571684425024,0.5484426
8960,0.54046103560984,1.43903981134061,0.5484426
8960,0.54046103560984,1.4475139645384392,0.5484426
8960,0.54046103560984,1.4559921724851195,0.5484426
8960,0.54046103560984,1.4644724235902848,0.5484426
8960,0.54046103560984,1.4729526665008623,0.5484426
8960,0.54046103560984,1.4814308104305414,0.5484426
8960,0.54046103560984,1.4899047255247642,0.5484426
8960,0.54046103560984,1.498372243261776,0.5484426
8960,0.54046103560984,1.5068311568901085,0.5484426
8960,0.54046103560984,1.5152792219028228,0.5484426
8960,0.54046103560984,1.523714156548866,0.5484426
8960,0.54046103560984,1.5321336423819536,0.5484426
8960,0.54046103560984,1.540535324847043,0.5484426
8960,0.54046103560984,1.5489168139049108,0.5484426
8960,0.54046103560984,1.5572756846947813,0.5484426
8960,0.54046103560984,1.5656094782353576,0.5484426
8960,0.54046103560984,1.5739157021643304,0.5484426
8960,0.54046103560984,1.5821918315164623,0.5484426
8960,0.54046103560984,1.5904353095403176,0.5484426
8960,0.54046103560984,1.598643548553694,0.5484426
8960,0.54046103560984,1.6068139308376508,0.5484426
8960,0.54046103560984,1.6149438095691906,0.5484426
8960,0.54046103560984,1.623030509792405,0.5484426
8960,0.54046103560984,1.6310713294280488,0.5484426
8960,0.54046103560984,1.639063540321176,0.5484426
8960,0.54046103560984,1.647004389326864,0.5484426
8960,0.54046103560984,1.6548910994335435,0.5484426
8960,0.54046103560984,1.6627208709237353,0.5484426
8960,0.54046103560984,1.670490882571772,0.5484426
8960,0.54046103560984,1.6781982928782144,0.5484426
8960,0.54046103560984,1.6858402413402866,0.5484426
8960,0.54046103560984,1.6934138497581734,0.5484426
8960,0.54046103560984,1.7009162235762727,0.5484426
8960,0.54046103560984,1.7083444532590921,0.5484426
8960,0.54046103560984,1.7156956157010306,0.5484426
8960,0.54046103560984,1.722966775669391,0.5484426
8960,0.54046103560984,1.730154987279859,0.5484426
8960,0.54046103560984,1.737257295503784,0.5484426
8960,0.54046103560984,1.7442707377062783,0.5484426
8960,0.54046103560984,1.7511923452144185,0.5484426
8960,0.54046103560984,1.7580191449145648,0.5484426
8960,0.54046103560984,1.76474816087781,0.5484426
8960,0.54046103560984,1.771376416012646,0.5484426
8960,0.54046103560984,1.777900933743691,0.5484426
8960,0.54046103560984,1.784318739715465,0.5484426
8960,0.54046103560984,1.790626863520024,0.5484426
8960,0.54046103560984,1.7968223404473334,0.5484426
8960,0.54046103560984,1.80290221325704,0.5484426
8960,0.54046103560984,1.8088635339705181,0.5484426
8960,0.54046103560984,1.8147033656817735,0.5484426
8960,0.54046103560984,1.8204187843858937,0.5484426
8960,0.54046103560984,1.8260068808236904,0.5484426
8960,0.54046103560984,1.8314647623410292,0.5484426
8960,0.54046103560984,1.8367895547614983,0.5484426
8960,0.54046103560984,1.8419784042707383,0.5484426
8960,0.54046103560984,1.847028479311193,0.5484426
8960,0.54046103560984,1.8519369724853034,0.5484426
8960,0.54046103560984,1.8567011024659812,0.5484426
8960,0.54046103560984,1.8613181159124432,0.5484426
8960,0.54046103560984,1.8657852893897893,0.5484426
8960,0.54046103560984,1.870099931290834,0.5484426
8960,0.54046103560984,1.87425938375816,0.5484426
8960,0.54046103560984,1.8782610246049791,0.5484426
8960,0.54046103560984,1.8821022692328289,0.5484426
8960,0.54046103560984,1.8857805725444177,0.5484426
8960,0.54046103560984,1.8892934308498617,0.5484426
8960,0.54046103560984,1.8926383837643523,0.5484426
8960,0.54046103560984,1.8958130160956645,0.5484426
8960,0.54046103560984,1.898814959719435,0.5484426
8960,0.54046103560984,1.9016418954405252,0.5484426
8960,0.54046103560984,1.9042915548385604,0.5484426
8960,0.54046103560984,1.9067617220957542,0.5484426
8960,0.54046103560984,1.909050235805234,0.5484426
8960,0.54046103560984,1.9111549907579615,0.5484426
8960,0.54046103560984,1.9130739397063181,0.5484426
8960,0.54046103560984,1.9148050951026776,0.5484426
8960,0.54046103560984,1.916346530810916,0.5484426
8960,0.54046103560984,1.9176963837891186,0.5484426
8960,0.54046103560984,1.918852855741665,0.5484426
8960,0.54046103560984,1.9198142147388373,0.5484426
8960,0.54046103560984,1.920578796802115,0.5484426
8960,0.54046103560984,1.921145007453455,0.5484426
8960,0.54046103560984,1.9215113232266836,0.5484426
8960,0.54046103560984,1.9216762931394193,0.5484426
8960,0.54046103560984,1.9216385401235838,0.5484426
8960,0.54046103560984,1.9213967624130406,0.5484426
8960,0.54046103560984,1.9209497348865225,0.5484426
8960,0.54046103560984,1.9202963103643516,0.5484426
8960,0.54046103560984,1.9194354208572488,0.5484426
8960,0.54046103560984,1.9183660787657992,0.5484426
8960,0.54046103560984,1.9170873780289173,0.5484426
8960,0.54046103560984,1.915598495219939,0.5484426
8960,0.54046103560984,1.9138986905889575,0.5484426
8960,0.54046103560984,1.9119873090497999,0.5484426
8960,0.54046103560984,1.9098637811105914,0.5484426
8960,0.54046103560984,1.9075276237464223,0.5484426
8960,0.54046103560984,1.9049784412129964,0.5484426
8960,0.54046103560984,1.9022159257999596,0.5484426
8960,0.54046103560984,1.8992398585229795,0.5484426
8960,0.54046103560984,1.896050109753331,0.5484426
8960,0.54046103560984,1.8926466397840813,0.5484426
8960,0.54046103560984,1.8890294993319416,0.5484426
8960,0.54046103560984,1.8851988299738422,0.5484426
8960,0.54046103560984,1.8811548645174834,0.5484426
8960,0.54046103560984,1.8768979273051303,0.5484426
8960,0.54046103560984,1.8724284344499051,0.5484426
8960,0.54046103560984,1.8677468940040147,0.5484426
8960,0.54046103560984,1.8628539060584213,0.5484426
8960,0.54046103560984,1.8577501627733986,0.5484426
8960,0.54046103560984,1.8524364483396643,0.5484426
8960,0.54046103560984,1.8469136388697476,0.5484426
8960,0.54046103560984,1.8411827022193492,0.5484426
8960,0.54046103560984,1.8352446977384966,0.5484426
8960,0.54046103560984,1.8291007759525264,0.5484426
8960,0.54046103560984,1.8227521781726646,0.5484426
8960,0.54046103560984,1.8162002360365064,0.5484426
8960,0.54046103560984,1.8094463709784352,0.5484426
8960,0.54046103560984,1.8024920936300775,0.5484426
8960,0.54046103560984,1.7953390031513718,0.5484426
8960,0.54046103560984,1.7879887864923698,0.5484426
8960,0.54046103560984,1.7804432175863587,0.5484426
8960,0.54046103560984,1.7727041564747754,0.5484426
8960,0.54046103560984,1.764773548364602,0.5484426
8960,0.54046103560984,1.7566534226188075,0.5484426
8960,0.54046103560984,1.7483458916807246,0.5484426
8960,0.54046103560984,1.7398531499330563,0.5484426
8960,0.54046103560984,1.7311774724926285,0.5484426
8960,0.54046103560984,1.7223212139415929,0.5484426
8960,0.54046103560984,1.7132868069964389,0.5484426
8960,0.54046103560984,1.7040767611156968,0.5484426
8960,0.54046103560984,1.6946936610476724,0.5484426
8960,0.54046103560984,1.68514016531945,0.5484426
8960,0.54046103560984,1.6754190046684474,0.5484426
8960,0.54046103560984,1.6655329804180226,0.5484426
8960,0.54046103560984,1.6554849627984578,0.5484426
8960,0.54046103560984,1.6452778892150448,0.5484426
8960,0.54046103560984,1.6349147624646159,0.5484426
8960,0.54046103560984,1.6243986489023816,0.5484426
8960,0.54046103560984,1.6137326765606477,0.5484426
8960,0.54046103560984,1.6029200332212727,0.5484426
8960,0.54046103560984,1.5919639644434977,0.5484426
8960,0.54046103560984,1.580867771549237,0.5484426
8960,0.54046103560984,1.5696348095675432,0.5484426
8960,0.54046103560984,1.5582684851403488,0.5484426
8960,0.54046103560984,1.5467722543913338,0.5484426
8960,0.54046103560984,1.5351496207600575,0.5484426
8960,0.54046103560984,1.5234041328034003,0.5484426
8960,0.54046103560984,1.5115393819663971,0.5484426
8960,0.54046103560984,1.4995590003246384,0.5484426
8960,0.54046103560984,1.4874666583003324,0.5484426
8960,0.54046103560984,1.4752660623543783,0.5484426
8960,0.54046103560984,1.4629609526564085,0.5484426
8960,0.54046103560984,1.4505551007353361,0.5484426
8960,0.54046103560984,1.4380523071124534,0.5484426
8960,0.54046103560984,1.4254563989193825,0.5484426
8960,0.54046103560984,1.4127712275032576,0.5484426
8960,0.54046103560984,1.4000006660213087,0.5484426
8960,0.54046103560984,1.3871486070272363,0.5484426
8960,0.54046103560984,1.374218960051599,0.5484426
8960,0.54046103560984,1.361215649178566,0.5484426
8960,0.54046103560984,1.3481426106213377,0.5484426
8960,0.54046103560984,1.335003790298417,0.5484426
8960,0.54046103560984,1.321803141413219,0.5484426
8960,0.54046103560984,1.3085446220390256,0.5484426
8960,0.54046103560984,1.295232192711763,0.5484426
8960,0.54046103560984,1.2818698140327274,0.5484426
8960,0.54046103560984,1.2684614442834645,0.5484426
8960,0.54046103560984,1.2550110370550827,0.5484426
8960,0.54046103560984,1.2415225388940283,0.5484426
9934,0.8345284773982361,1.8436162099971838,0.48094228
9934,0.8345284773982361,1.8481056671355929,0.48094228
9934,0.8345284773982361,1.8523843735590508,0.48094228
9934,0.8345284773982361,1.8564512277206582,0.48094228
9934,0.8345284773982361,1.8603052101004627,0.48094228
9934,0.8345284773982361,1.8639453837211444,0.48094228
9934,0.8345284773982361,1.8673708946087988,0.48094228
9934,0.8345284773982361,1.8705809721984583,0.48094228
9934,0.8345284773982361,1.8735749296839734,0.48094228
9934,0.8345284773982361,1.8763521643120733,0.48094228
9934,0.8345284773982361,1.8789121576204424,0.48094228
9934,0.8345284773982361,1.881254475619642,0.48094228
9934,0.8345284773982361,1.8833787689188142,0.48094228
9934,0.8345284773982361,1.8852847727950641,0.48094228
9934,0.8345284773982361,1.8869723072067857,0.48094228
9934,0.8345284773982361,1.8884412767506513,0.48094228
9934,0.8345284773982361,1.889691670562751,0.48094228
9934,0.8345284773982361,1.8907235621637972,0.48094228
9934,0.8345284773982361,1.8915371092487985,0.48094228
9934,0.8345284773982361,1.8921325534214442,0.48094228
9934,0.8345284773982361,1.8925102198734836,0.48094228
9934,0.8345284773982361,1.8926705170095806,0.48094228
9934,0.8345284773982361,1.8926139360180565,0.48094228
9934,0.8345284773982361,1.8923410503879352,0.48094228
9934,0.8345284773982361,1.891852515372967,0.48094228
9934,0.8345284773982361,1.8911490674031464,0.48094228
9934,0.8345284773982361,1.89023152344433,0.48094228
9934,0.8345284773982361,1.8891007803066666,0.48094228
9934,0.8345284773982361,1.8877578139026825,0.48094228
9934,0.8345284773982361,1.8862036784555332,0.48094228
9934,0.8345284773982361,1.8844395056585364,0.48094228
9934,0.8345284773982361,1.8824665037866195,0.48094228
9934,0.8345284773982361,1.8802859567607313,0.48094228
9934,0.8345284773982361,1.8778992231661022,0.48094228
9934,0.8345284773982361,1.875307735225282,0.48094228
9934,0.8345284773982361,1.872512997727127,0.48094228
9934,0.8345284773982361,1.869516586912621,0.48094228
9934,0.8345284773982361,1.8663201493187682,0.48094228
9934,0.8345284773982361,1.862925400581587,0.48094228
9934,0.8345284773982361,1.859334124199407,0.48094228
9934,0.8345284773982361,1.8555481702577148,0.48094228
9934,0.8345284773982361,1.8515694541166243,0.48094228
9934,0.8345284773982361,1.8473999550624027,0.48094228
9934,0.8345284773982361,1.8430417149241882,0.48094228
9934,0.8345284773982361,1.8384968366572858,0.48094228
9934,0.8345284773982361,1.8337674828943393,0.48094228
9934,0.8345284773982361,1.828855874465747,0.48094228
9934,0.8345284773982361,1.8237642888906291,0.48094228
9934,0.8345284773982361,1.8184950588398505,0.48094228
9934,0.8345284773982361,1.8130505705724334,0.48094228
9934,0.8345284773982361,1.807433262346731,0.48094228
9934,0.8345284773982361,1.8016456228079663,0.48094228
9934,0.8345284773982361,1.7956901893534105,0.48094228
9934,0.8345284773982361,1.7895695464767707,0.48094228
9934,0.8345284773982361,1.7832863240931944,0.48094228
9934,0.8345284773982361,1.7768431958464725,0.48094228
9934,0.8345284773982361,1.7702428773997532,0.48094228
9934,0.8345284773982361,1.763488124711474,0.48094228
9934,0.8345284773982361,1.756581732297766,0.48094228
9934,0.8345284773982361,1.7495265314830597,0.48094228
9934,0.8345284773982361,1.742325388640196,0.48094228
9934,0.8345284773982361,1.734981203421629,0.48094228
9934,0.8345284773982361,1.727496906983227,0.48094228
9934,0.8345284773982361,1.7198754602020312,0.48094228
9934,0.8345284773982361,1.7121198518896326,0.48094228
9934,0.8345284773982361,1.7042330970024409,0.48094228
9934,0.8345284773982361,1.6962182348504384,0.48094228
9934,0.8345284773982361,1.6880783273058337,0.48094228
9934,0.8345284773982361,1.6798164570129857,0.48094228
9934,0.8345284773982361,1.6714357256010868,0.48094228
9934,0.8345284773982361,1.662939251901002,0.48094228
9934,0.8345284773982361,1.6543301701675905,0.48094228
9934,0.8345284773982361,1.6456116283089635,0.48094228
9934,0.8345284773982361,1.6367867861239438,0.48094228
9934,0.8345284773982361,1.6278588135490981,0.48094228
9934,0.8345284773982361,1.618830888916658,0.48094228
9934,0.8345284773982361,1.609706197224556,0.48094228
9934,0.8345284773982361,1.6004879284199176,0.48094228
9934,0.8345284773982361,1.5911792756971197,0.48094228
9934,0.8345284773982361,1.5817834338117658,0.48094228
9934,0.8345284773982361,1.5723035974116348,0.48094228
9934,0.8345284773982361,1.5627429593857873,0.48094228
9934,0.8345284773982361,1.5531047092329962,0.48094228
9934,0.8345284773982361,1.5433920314505092,0.48094228
9934,0.8345284773982361,1.5336081039442828,0.48094228
9934,0.8345284773982361,1.5237560964616073,0.48094228
9934,0.8345284773982361,1.5138391690472366,0.48094228
9934,0.8345284773982361,1.5038604705239003,0.48094228
9934,0.8345284773982361,1.4938231369981247,0.48094228
9934,0.8345284773982361,1.4837302903922769,0.48094228
9934,0.8345284773982361,1.473585037003687,0.48094228
9934,0.8345284773982361,1.4633904660916783,0.48094228
9934,0.8345284773982361,1.4531496484932036,0.48094228
9934,0.8345284773982361,1.4428656352679652,0.48094228
9934,0.8345284773982361,1.4325414563736,0.48094228
9934,0.8345284773982361,1.4221801193717007,0.48094228
9934,0.8345284773982361,1.4117846081652232,0.48094228
9934,0.8345284773982361,1.4013578817679804,0.48094228
9934,0.8345284773982361,1.3909028731066058,0.48094228
9934,0.8345284773982361,1.3804224878557487,0.48094228
9934,0.8345284773982361,1.3699196033067307,0.48094228
9934,0.8345284773982361,1.3593970672703068,0.48094228
9934,0.8345284773982361,1.3488576970138209,0.48094228
9934,0.8345284773982361,1.3383042782331525,0.48094228
9934,0.8345284773982361,1.3277395640598186,0.48094228
9934,0.8345284773982361,1.317166274103455,0.48094228
9934,0.8345284773982361,1.3065870935300294,0.48094228
9934,0.8345284773982361,1.2960046721758616,0.48094228
9934,0.8345284773982361,1.2854216236978073,0.48094228
9934,0.8345284773982361,1.274840524759585,0.48094228
9934,0.8345284773982361,1.2642639142544672,0.48094228
9934,0.8345284773982361,1.2536942925643666,0.48094228
9934,0.8345284773982361,1.2431341208553235,0.48094228
9934,0.8345284773982361,1.2325858204094757,0.48094228
9934,0.8345284773982361,1.2220517719934068,0.48094228
9934,0.8345284773982361,1.2115343152628129,0.48094228
9934,0.8345284773982361,1.2010357482034844,0.48094228
9934,0.8345284773982361,1.1905583266082922,0.48094228
9934,0.8345284773982361,1.1801042635902208,0.48094228
9934,0.8345284773982361,1.1696757291310815,0.48094228
9934,0.8345284773982361,1.1592748496657976,0.48094228
9934,0.8345284773982361,1.1489037077019464,0.48094228
9934,0.8345284773982361,1.138564341474315,0.48094228
9934,0.8345284773982361,1.1282587446340935,0.48094228
9934,0.8345284773982361,1.1179888659724682,0.48094228
9934,0.8345284773982361,1.107756609178144,0.48094228
9934,0.8345284773982361,1.0975638326284987,0.48094228
9934,0.8345284773982361,1.0874123492138705,0.48094228
9934,0.8345284773982361,1.0773039261946316,0.48094228
9934,0.8345284773982361,1.0672402850904699,0.48094228
9934,0.8345284773982361,1.0572231016015128,0.48094228
9934,0.8345284773982361,1.047254005560726,0.48094228
9934,0.8345284773982361,1.0373345809170562,0.48094228
9934,0.8345284773982361,1.02746636574878,0.48094228
9934,0.8345284773982361,1.0176508523065433,0.48094228
9934,0.8345284773982361,1.0078894870854322,0.48094228
9934,0.8345284773982361,0.998183670925546,0.48094228
9934,0.8345284773982361,0.9885347591403927,0.48094228
9934,0.8345284773982361,0.9789440616725616,0.48094228
9934,0.8345284773982361,0.969412843275973,0.48094228
9934,0.8345284773982361,0.9599423237240393,0.48094228
9934,0.8345284773982361,0.95053367804315,0.48094228
9934,0.8345284773982361,0.941188036770718,0.48094228
9934,0.8345284773982361,0.9319064862371361,0.48094228
9934,0.8345284773982361,0.9226900688709828,0.48094228
9934,0.8345284773982361,0.9135397835267078,0.48094228
9934,0.8345284773982361,0.9044565858341278,0.48094228
9934,0.8345284773982361,0.8954413885690241,0.48094228
9934,0.8345284773982361,0.8864950620441072,0.48094228
9934,0.8345284773982361,0.8776184345195965,0.48094228
9934,0.8345284773982361,0.8688122926327325,0.48094228
9934,0.8345284773982361,0.8600773818454613,0.48094228
9934,0.8345284773982361,0.8514144069095624,0.48094228
9934,0.8345284773982361,0.8428240323484921,0.48094228
9934,0.8345284773982361,0.8343068829551895,0.48094228
9934,0.8345284773982361,0.8258635443051485,0.48094228
9934,0.8345284773982361,0.8174945632839566,0.48094228
9934,0.8345284773982361,0.8092004486286395,0.48094228
9934,0.8345284773982361,0.8009816714820663,0.48094228
9934,0.8345284773982361,0.7928386659596449,0.48094228
9934,0.8345284773982361,0.7847718297276257,0.48094228
9934,0.8345284773982361,0.7767815245923367,0.48094228
9934,0.8345284773982361,0.7688680770995472,0.48094228
9934,0.8345284773982361,0.7610317791433308,0.48094228
9934,0.8345284773982361,0.7532728885837142,0.48094228
9934,0.8345284773982361,0.7455916298724156,0.48094228
9934,0.8345284773982361,0.7379881946859865,0.48094228
9934,0.8345284773982361,0.7304627425657032,0.48094228
9934,0.8345284773982361,0.7230154015635385,0.48094228
9934,0.8345284773982361,0.7156462688935289,0.48094228
9934,0.8345284773982361,0.7083554115879948,0.48094228
9934,0.8345284773982361,0.7011428671578213,0.48094228
9934,0.8345284773982361,0.6940086442563332,0.48094228
9934,0.8345284773982361,0.6869527233460708,0.48094228
9934,0.8345284773982361,0.6799750573678722,0.48094228
9934,0.8345284773982361,0.6730755724117172,0.48094228
9934,0.8345284773982361,0.6662541683887206,0.48094228
9934,0.8345284773982361,0.6595107197037301,0.48094228
9934,0.8345284773982361,0.652845075927986,0.48094228
9934,0.8345284773982361,0.6462570624712958,0.48094228
9934,0.8345284773982361,0.6397464812532196,0.48094228
9934,0.8345284773982361,0.6333131113727531,0.48094228
9934,0.8345284773982361,0.6269567097760042,0.48094228
9934,0.8345284773982361,0.6206770119214208,0.48094228
9934,0.8345284773982361,0.6144737324420458,0.48094228
9934,0.8345284773982361,0.6083465658044319,0.48094228
9934,0.8345284773982361,0.6022951869637104,0.48094228
9934,0.8345284773982361,0.5963192520144177,0.48094228
9934,0.8345284773982361,0.5904183988367082,0.48094228
9934,0.8345284773982361,0.5845922477375104,0.48094228
9934,0.8345284773982361,0.5788404020862751,0.48094228
9934,0.8345284773982361,0.5731624489449982,0.48094228
9934,0.8345284773982361,0.5675579596920689,0.48094228
9934,0.8345284773982361,0.5620264906397299,0.48094228
9934,0.8345284773982361,0.5565675836447618,0.48094228
9934,0.8345284773982361,0.5511807667121031,0.48094228
9934,0.8345284773982361,0.5458655545911562,0.48094228
9934,0.8345284773982361,0.5406214493644445,0.48094228
9934,0.8345284773982361,0.5354479410284344,0.48094228
9934,0.8345284773982361,0.5303445080662154,0.48094228
9934,0.8345284773982361,0.5253106180118733,0.48094228
9934,0.8345284773982361,0.5203457280062795,0.48094228
9934,0.8345284773982361,0.5154492853441498,0.48094228
9934,0.8345284773982361,0.5106207280121549,0.48094228
9934,0.8345284773982361,0.5058594852179192,0.48094228
9934,0.8345284773982361,0.501164977909754,0.48094228
9934,0.8345284773982361,0.49653661928697007,0.48094228
9934,0.8345284773982361,0.49197381530064266,0.48094228
9934,0.8345284773982361,0.48747596514470215,0.48094228
9934,0.8345284773982361,0.48304246173725945,0.48094228
9934,0.8345284773982361,0.47867269219204095,0.48094228
9934,0.8345284773982361,0.4743660382798789,0.48094228
9934,0.8345284773982361,0.47012187688016854,0.48094228
9934,0.8345284773982361,0.4659395804222306,0.48094228
9934,0.8345284773982361,0.4618185173165509,0.48094228
9934,0.8345284773982361,0.4577580523758159,0.48094228
9934,0.8345284773982361,0.45375754722577183,0.48094228
9934,0.8345284773982361,0.4498163607058344,0.48094228
9934,0.8345284773982361,0.4459338492594843,0.48094228
9934,0.8345284773982361,0.4421093673144313,0.48094228
9934,0.8345284773982361,0.43834226765255657,0.48094228
9934,0.8345284773982361,0.43463190176965266,0.48094228
9934,0.8345284773982361,0.4309776202250145,0.48094228
9934,0.8345284773982361,0.42737877298087845,0.48094228
9934,0.8345284773982361,0.4238347097317969,0.48094228
9934,0.8345284773982361,0.4203447802239677,0.48094228
9934,0.8345284773982361,0.4169083345646056,0.48094228
9934,0.8345284773982361,0.4135247235214077,0.48094228
9934,0.8345284773982361,0.41019329881220307,0.48094228
9934,0.8345284773982361,0.4069134133848483,0.48094228
9934,0.8345284773982361,0.4036844216874798,0.48094228
9934,0.8345284773982361,0.4005056799292089,0.48094228
9934,0.8345284773982361,0.3973765463313554,0.48094228
9934,0.8345284773982361,0.394296381369328,0.48094228
9934,0.8345284773982361,0.3912645480052705,0.48094228
9934,0.8345284773982361,0.3882804119115765,0.48094228
9934,0.8345284773982361,0.3853433416854084,0.48094228
9934,0.8345284773982361,0.3824527090543356,0.48094228
9934,0.8345284773982361,0.379607889073212,0.48094228
9934,0.8345284773982361,0.3768082603124576,0.48094228
9934,0.8345284773982361,0.37405320503784173,0.48094228
9934,0.8345284773982361,0.37134210938193,0.48094228
9934,0.8345284773982361,0.3686743635073363,0.48094228
9934,0.8345284773982361,0.3660493617619193,0.48094228
9934,0.8345284773982361,0.36346650282607207,0.48094228
9934,0.8345284773982361,0.36092518985225797,0.48094228
9934,0.8345284773982361,0.3584248305969379,0.48094228
9934,0.8345284773982361,0.35596483754505065,0.48094228
9934,0.8345284773982361,0.3535446280271982,0.48094228
9934,0.8345284773982361,0.3511636243296989,0.48094228
9934,0.8345284773982361,0.34882125379764045,0.48094228
9934,0.8345284773982361,0.34651694893113083,0.48094228
9934,0.8345284773982361,0.34425014747487503,0.48094228
9934,0.8345284773982361,0.3420202925012562,0.48094228
9934,0.8345284773982361,0.3398268324870649,0.48094228
9934,0.8345284773982361,0.33766922138405087,0.48094228
9934,0.8345284773982361,0.33554691868345454,0.48094228
9934,0.8345284773982361,0.33345938947466813,0.48094228
9934,0.8345284773982361,0.331406104498204,0.48094228
9934,0.8345284773982361,0.3293865401931109,0.48094228
9934,0.8345284773982361,0.32740017873901595,0.48094228
9934,0.8345284773982361,0.3254465080929298,0.48094228
9934,0.8345284773982361,0.32352502202098815,0.48094228
9934,0.8345284773982361,0.32163522012527757,0.48094228
9934,0.8345284773982361,0.31977660786590034,0.48094228
9934,0.8345284773982361,0.31794869657844677,0.48094228
9934,0.8345284773982361,0.3161510034869895,0.48094228
9934,0.8345284773982361,0.3143830517128016,0.48094228
9934,0.8345284773982361,0.3126443702789063,0.48094228
9934,0.8345284773982361,0.3109344941106234,0.48094228
9934,0.8345284773982361,0.3092529640322583,0.48094228
9934,0.8345284773982361,0.3075993267600729,0.48094228
9934,0.8345284773982361,0.3059731348916787,0.48094228
9934,0.8345284773982361,0.30437394689200525,0.48094228
9934,0.8345284773982361,0.30280132707596213,0.48094228
9934,0.8345284773982361,0.30125484558793864,0.48094228
9934,0.8345284773982361,0.2997340783782931,0.48094228
9934,0.8345284773982361,0.29823860717692674,0.48094228
9934,0.8345284773982361,0.2967680194641039,0.48094228
9934,0.8345284773982361,0.29532190843862177,0.48094228
9934,0.8345284773982361,0.29389987298349063,0.48094228
9934,0.8345284773982361,0.29250151762918036,0.48094228
9934,0.8345284773982361,0.2911264525146385,0.48094228
9934,0.8345284773982361,0.28977429334612037,0.48094228
9934,0.8345284773982361,0.2884446613540013,0.48094228
9934,0.8345284773982361,0.2871371832476495,0.48094228
9934,0.8345284773982361,0.28585149116848857,0.48094228
9934,0.8345284773982361,0.2845872226413459,0.48094228
9934,0.8345284773982361,0.28334402052420377,0.48094228
9934,0.8345284773982361,0.28212153295645065,0.48094228
9934,0.8345284773982361,0.28091941330572334,0.48094228
9934,0.8345284773982361,0.27973732011345814,0.48094228
9934,0.8345284773982361,0.27857491703923,0.48094228
9934,0.8345284773982361,0.2774318728039844,0.48094228
9934,0.8345284773982361,0.27630786113223593,0.48094228
9934,0.8345284773982361,0.275202560693347,0.48094228
9934,0.8345284773982361,0.27411565504194857,0.48094228
9934,0.8345284773982361,0.27304683255760664,0.48094228
9934,0.8345284773982361,0.27199578638379246,0.48094228
9934,0.8345284773982361,0.2709622143662617,0.48094228
9934,0.8345284773982361,0.26994581899090325,0.48094228
9934,0.8345284773982361,0.2689463073211275,0.48094228
9934,0.8345284773982361,0.2679633909348867,0.48094228
9934,0.8345284773982361,0.2669967858613748,0.48094228
9934,0.8345284773982361,0.266046212517492,0.48094228
9934,0.8345284773982361,0.2651113956441223,0.48094228
9934,0.8345284773982361,0.2641920642423069,0.48094228
9934,0.8345284773982361,0.26328795150936185,0.48094228
9934,0.8345284773982361,0.262398794774996,0.48094228
9934,0.8345284773982361,0.2615243354375054,0.48094228
9934,0.8345284773982361,0.2606643189000715,0.48094228
9934,0.8345284773982361,0.25981849450724537,0.48094228
9934,0.8345284773982361,0.2589866154816441,0.48094228
9934,0.8345284773982361,0.2581684388609308,0.48094228
9934,0.8345284773982361,0.25736372543510005,0.48094228
9934,0.8345284773982361,0.2565722396841472,0.48094228
9934,0.8345284773982361,0.25579374971612384,0.48094228
9934,0.8345284773982361,0.25502802720567636,0.48094228
9934,0.8345284773982361,0.254274847333038,0.48094228
9934,0.8345284773982361,0.25353398872358457,0.48094228
9934,0.8345284773982361,0.2528052333879368,0.48094228
9934,0.8345284773982361,0.2520883666626727,0.48094228
9934,0.8345284773982361,0.2513831771516712,0.48094228
9934,0.8345284773982361,0.25068945666812537,0.48094228
9934,0.8345284773982361,0.250007000177262,0.48094228
9934,0.8345284773982361,0.24933560573976604,0.48094228
9934,0.8345284773982361,0.24867507445598358,0.48094228
9934,0.8345284773982361,0.24802521041088688,0.48094228
9934,0.8345284773982361,0.2473858206198564,0.48094228
9934,0.8345284773982361,0.24675671497527968,0.48094228
9934,0.8345284773982361,0.24613770619400746,0.48094228
9934,0.8345284773982361,0.24552860976567287,0.48094228
9934,0.8345284773982361,0.24492924390190585,0.48094228
9934,0.8345284773982361,0.2443394294864443,0.48094228
9934,0.8345284773982361,0.24375899002618007,0.48094228
9934,0.8345284773982361,0.24318775160312883,0.48094228
9934,0.8345284773982361,0.24262554282736234,0.48094228
9934,0.8345284773982361,0.24207219479089703,0.48094228
9934,0.8345284773982361,0.24152754102256502,0.48094228
9934,0.8345284773982361,0.2409914174438705,0.48094228
9934,0.8345284773982361,0.24046366232582872,0.48094228
9934,0.8345284773982361,0.23994411624683296,0.48094228
9934,0.8345284773982361,0.23943262205150562,0.48094228
9934,0.8345284773982361,0.23892902481058595,0.48094228
9934,0.8345284773982361,0.23843317178183124,0.48094228
9934,0.8345284773982361,0.23794491237194096,0.48094228
9934,0.8345284773982361,0.23746409809951252,0.48094228
9934,0.8345284773982361,0.23699058255903244,0.48094228
9934,0.8345284773982361,0.23652422138588627,0.48094228
9934,0.8345284773982361,0.23606487222241138,0.48094228
9934,0.8345284773982361,0.23561239468497752,0.48094228
9934,0.8345284773982361,0.23516665033209178,0.48094228
9934,0.8345284773982361,0.23472750263353326,0.48094228
9934,0.8345284773982361,0.23429481694050946,0.48094228
9934,0.8345284773982361,0.23386846045683127,0.48094228
9934,0.8345284773982361,0.2334483022110937,0.48094228
9934,0.8345284773982361,0.2330342130298809,0.48094228
9934,0.8345284773982361,0.23262606551194764,0.48094228
9934,0.8345284773982361,0.23222373400340918,0.48094228
9934,0.8345284773982361,0.23182709457390954,0.48094228
9934,0.8345284773982361,0.23143602499376353,0.48094228
9934,0.8345284773982361,0.23105040471206087,0.48094228
9934,0.8345284773982361,0.23067011483572994,0.48094228
9934,0.8345284773982361,0.23029503810953625,0.48094228
9934,0.8345284773982361,0.22992505889702042,0.48094228
9934,0.8345284773982361,0.22956006316233982,0.48094228
9934,0.8345284773982361,0.22919993845302852,0.48094228
9934,0.8345284773982361,0.22884457388363216,0.48094228
9934,0.8345284773982361,0.22849386012023454,0.48094228
9934,0.8345284773982361,0.22814768936582716,0.48094228
9934,0.8345284773982361,0.2278059553465345,0.48094228
9934,0.8345284773982361,0.2274685532986561,0.48094228
9934,0.8345284773982361,0.22713537995653366,0.48094228
9934,0.8345284773982361,0.22680633354118823,0.48094228
9934,0.8345284773982361,0.2264813137497573,0.48094228
9934,0.8345284773982361,0.22616022174566386,0.48094228
9934,0.8345284773982361,0.22584296014954064,0.48094228
9934,0.8345284773982361,0.2255294330308567,0.48094228
9934,0.8345284773982361,0.22521954590025137,0.48094228
9934,0.8345284773982361,0.22491320570254042,0.48094228
9934,0.8345284773982361,0.22461032081037277,0.48094228
9934,0.8345284773982361,0.22431080101852843,0.48094228
9934,0.8345284773982361,0.22401455753882643,0.48094228
9934,0.8345284773982361,0.22372150299562055,0.48094228
9934,0.8345284773982361,0.2234315514218622,0.48094228
9934,0.8345284773982361,0.22314461825571968,0.48094228
9934,0.8345284773982361,0.22286062033769571,0.48094228
9934,0.8345284773982361,0.22257947590827315,0.48094228
9934,0.8345284773982361,0.22230110460600858,0.48094228
9934,0.8345284773982361,0.22202542746609924,0.48094228
9934,0.8345284773982361,0.2217523669193611,0.48094228
9934,0.8345284773982361,0.22148184679161761,0.48094228
9934,0.8345284773982361,0.2212137923034699,0.48094228
9934,0.8345284773982361,0.22094813007041403,0.48094228
9934,0.8345284773982361,0.22068478810329348,0.48094228
9934,0.8345284773982361,0.22042369580905058,0.48094228
9934,0.8345284773982361,0.2201647839917683,0.48094228
9934,0.8345284773982361,0.2199079848539571,0.48094228
9934,0.8345284773982361,0.2196532319980752,0.48094228
9934,0.8345284773982361,0.2194004604282574,0.48094228
9934,0.8345284773982361,0.219149606552222,0.48094228
9934,0.8345284773982361,0.21890060818333226,0.48094228
9934,0.8345284773982361,0.2186534045427923,0.48094228
9934,0.8345284773982361,0.218407936261943,0.48094228
9934,0.8345284773982361,0.21816414538465048,0.48094228
9934,0.8345284773982361,0.21792197536973723,0.48094228
9934,0.8345284773982361,0.21768137109345861,0.48094228
9934,0.8345284773982361,0.21744227885198353,0.48094228
9934,0.8345284773982361,0.21720464636385747,0.48094228
9934,0.8345284773982361,0.2169684227724305,0.48094228
9934,0.8345284773982361,0.21673355864822152,0.48094228
9934,0.8345284773982361,0.21650000599119626,0.48094228
9934,0.8345284773982361,0.2162677182329393,0.48094228
9934,0.8345284773982361,0.21603665023869467,0.48094228
9934,0.8345284773982361,0.21580675830924884,0.48094228
9934,0.8345284773982361,0.21557800018265108,0.48094228
9934,0.8345284773982361,0.2153503350357195,0.48094228
9934,0.8345284773982361,0.21512372348534636,0.48094228
9934,0.8345284773982361,0.2148981275895597,0.48094228
9934,0.8345284773982361,0.21467351084832278,0.48094228
9934,0.8345284773982361,0.21444983820406155,0.48094228
9934,0.8345284773982361,0.2142270760418952,0.48094228
9934,0.8345284773982361,0.21400519218954583,0.48094228
9934,0.8345284773982361,0.21378415591692354,0.48094228
9934,0.8345284773982361,0.2135639379353505,0.48094228
9934,0.8345284773982361,0.21334451039642593,0.48094228
9934,0.8345284773982361,0.21312584689049943,0.48094228
9934,0.8345284773982361,0.2129079224447499,0.48094228
9934,0.8345284773982361,0.21269071352084734,0.48094228
9934,0.8345284773982361,0.21247419801218115,0.48094228
9934,0.8345284773982361,0.21225835524064818,0.48094228
9934,0.8345284773982361,0.2120431659529876,0.48094228
9934,0.8345284773982361,0.21182861231663425,0.48094228
9934,0.8345284773982361,0.21161467791510674,0.48094228
9934,0.8345284773982361,0.21140134774288916,0.48094228
9934,0.8345284773982361,0.21118860819981702,0.48094228
9934,0.8345284773982361,0.21097644708495397,0.48094228
9934,0.8345284773982361,0.21076485358993485,0.48094228
9934,0.8345284773982361,0.21055381829179218,0.48094228
9934,0.8345284773982361,0.21034333314524364,0.48094228
9934,0.8345284773982361,0.21013339147442678,0.48094228
9934,0.8345284773982361,0.20992398796409154,0.48094228
9934,0.8345284773982361,0.20971511865024534,0.48094228
9934,0.8345284773982361,0.20950678091021974,0.48094228
9934,0.8345284773982361,0.20929897345219975,0.48094228
9934,0.8345284773982361,0.20909169630416222,0.48094228
9934,0.8345284773982361,0.20888495080226982,0.48094228
9934,0.8345284773982361,0.20867873957868566,0.48094228
9934,0.8345284773982361,0.20847306654881778,0.48094228
9934,0.8345284773982361,0.20826793689800577,0.48094228
9934,0.8345284773982361,0.2080633570676291,0.48094228
9934,0.8345284773982361,0.2078593347406603,0.48094228
9934,0.8345284773982361,0.20765587882665026,0.48094228
9934,0.8345284773982361,0.20745299944616458,0.48094228
9934,0.8345284773982361,0.20725070791465006,0.48094228
9934,0.8345284773982361,0.20704901672577203,0.48094228
9934,0.8345284773982361,0.20684793953419692,0.48094228
9934,0.8345284773982361,0.20664749113783898,0.48094228
9934,0.8345284773982361,0.20644768745958988,0.48094228
9934,0.8345284773982361,0.20624854552851735,0.48094228
9934,0.8345284773982361,0.20605008346055456,0.48094228
9934,0.8345284773982361,0.2058523204386934,0.48094228
9934,0.8345284773982361,0.20565527669268285,0.48094228
9934,0.8345284773982361,0.20545897347824868,0.48094228
9934,0.8345284773982361,0.20526343305584394,0.48094228
9934,0.8345284773982361,0.2050686786689491,0.48094228
9934,0.8345284773982361,0.20487473452191984,0.48094228
9934,0.8345284773982361,0.20468162575741533,0.48094228
9934,0.8345284773982361,0.20448937843340714,0.48094228
9934,0.8345284773982361,0.2042980194997908,0.48094228
9934,0.8345284773982361,0.20410757677461264,0.48094228
9934,0.8345284773982361,0.20391807891992964,0.48094228
9934,0.8345284773982361,0.20372955541731308,0.48094228
9934,0.8345284773982361,0.20354203654302527,0.48094228
9934,0.8345284773982361,0.20335555334287764,0.48094228
9934,0.8345284773982361,0.20317013760678496,0.48094228
9934,0.8345284773982361,0.20298582184304859,0.48094228
9934,0.8345284773982361,0.2028026392523713,0.48094228
9934,0.8345284773982361,0.20262062370163592,0.48094228
9934,0.8345284773982361,0.20243980969745876,0.48094228
9934,0.8345284773982361,0.2022602323595441,0.48094228
9934,0.8345284773982361,0.20208192739385697,0.48094228
9934,0.8345284773982361,0.20190493106563612,0.48094228
9934,0.8345284773982361,0.20172928017226655,0.48094228
9934,0.8345284773982361,0.20155501201604026,0.48094228
9934,0.8345284773982361,0.20138216437681147,0.48094228
9934,0.8345284773982361,0.20121077548458646,0.48094228
9934,0.8345284773982361,0.20104088399205694,0.48094228
9934,0.8345284773982361,0.2008725289471086,0.48094228
9934,0.8345284773982361,0.20070574976530883,0.48094228
9934,0.8345284773982361,0.20054058620243082,0.48094228
9934,0.8345284773982361,0.20037707832699467,0.48094228
9934,0.8345284773982361,0.20021526649288213,0.48094228
9934,0.8345284773982361,0.20005519131202362,0.48094228
9934,0.8345284773982361,0.1998968936272035,0.48094228
9934,0.8345284773982361,0.19974041448497695,0.48094228
9934,0.8345284773982361,0.1995857951087486,0.48094228
9934,0.8345284773982361,0.19943307687202408,0.48094228
9934,0.8345284773982361,0.19928230127184898,0.48094228
9934,0.8345284773982361,0.19913350990247053,0.48094228
9934,0.8345284773982361,0.1989867444292383,0.48094228
9934,0.8345284773982361,0.19884204656276075,0.48094228
9934,0.8345284773982361,0.19869945803335745,0.48094228
9934,0.8345284773982361,0.1985590205657998,0.48094228
9934,0.8345284773982361,0.1984207758543852,0.48094228
9934,0.8345284773982361,0.19828476553836033,0.48094228
9934,0.8345284773982361,0.1981510311777074,0.48094228
9934,0.8345284773982361,0.19801961422931438,0.48094228
9934,0.8345284773982361,0.19789055602356007,0.48094228
9934,0.8345284773982361,0.19776389774132347,0.48094228
9934,0.8345284773982361,0.19763968039143587,0.48094228
9934,0.8345284773982361,0.19751794478859722,0.48094228
9934,0.8345284773982361,0.19739873153178697,0.48094228
9934,0.8345284773982361,0.19728208098316194,0.48094228
9934,0.8345284773982361,0.19716803324747792,0.48094228
9934,0.8345284773982361,0.19705662815205247,0.48094228
9934,0.8345284773982361,0.19694790522727335,0.48094228
9934,0.8345284773982361,0.19684190368767646,0.48094228
9934,0.8345284773982361,0.1967386624136104,0.48094228
9934,0.8345284773982361,0.19663821993349603,0.48094228
9934,0.8345284773982361,0.1965406144067016,0.48094228
9934,0.8345284773982361,0.19644588360704784,0.48094228
9934,0.8345284773982361,0.19635406490694346,0.48094228
9934,0.8345284773982361,0.19626519526218764,0.48094228
9934,0.8345284773982361,0.19617931119742033,0.48094228
9934,0.8345284773982361,0.19609644879227014,0.48094228
9934,0.8345284773982361,0.19601664366817143,0.48094228
9934,0.8345284773982361,0.19593993097588747,0.48094228
9934,0.8345284773982361,0.1958663453837418,0.48094228
9934,0.8345284773982361,0.19579592106656388,0.48094228
9934,0.8345284773982361,0.1957286916953591,0.48094228
9934,0.8345284773982361,0.19566469042771592,0.48094228
9934,0.8345284773982361,0.19560394989894409,0.48094228
9934,0.8345284773982361,0.19554650221397252,0.48094228
9934,0.8345284773982361,0.1954923789399866,0.48094228
9934,0.8345284773982361,0.19544161109983205,0.48094228
9934,0.8345284773982361,0.1953942291661756,0.48094228
9934,0.8345284773982361,0.19535026305643605,0.48094228
9934,0.8345284773982361,0.19530974212848437,0.48094228
9934,0.8345284773982361,0.19527269517711254,0.48094228
9934,0.8345284773982361,0.19523915043128623,0.48094228
9934,0.8345284773982361,0.19520913555215857,0.48094228
9934,0.8345284773982361,0.19518267763187888,0.48094228
9934,0.8345284773982361,0.195159803193169,0.48094228
9934,0.8345284773982361,0.19514053818967755,0.48094228
9934,0.8345284773982361,0.19512490800711538,0.48094228
9934,0.8345284773982361,0.19511293746515915,0.48094228
9934,0.8345284773982361,0.19510465082014677,0.48094228
9934,0.8345284773982361,0.19510007176851438,0.48094228
9934,0.8345284773982361,0.19509922345103325,0.48094228
9934,0.8345284773982361,0.1951021284577934,0.48094228
9934,0.8345284773982361,0.19510880883395296,0.48094228
9934,0.8345284773982361,0.19511928608624646,0.48094228
9934,0.8345284773982361,0.19513358119024912,0.48094228
9934,0.8345284773982361,0.19515171459838063,0.48094228
9934,0.8345284773982361,0.19517370624865285,0.48094228
9934,0.8345284773982361,0.1951995755741644,0.48094228
9934,0.8345284773982361,0.19522934151330784,0.48094228
9934,0.8345284773982361,0.19526302252071434,0.48094228
9934,0.8345284773982361,0.19530063657890734,0.48094228
9934,0.8345284773982361,0.1953422012106619,0.48094228
9934,0.8345284773982361,0.1953877334920787,0.48094228
9934,0.8345284773982361,0.19543725006633605,0.48094228
9934,0.8345284773982361,0.19549076715813318,0.48094228
9934,0.8345284773982361,0.19554830058881723,0.48094228
9934,0.8345284773982361,0.1956098657921665,0.48094228
9934,0.8345284773982361,0.19567547783084327,0.48094228
9934,0.8345284773982361,0.19574515141349177,0.48094228
9934,0.8345284773982361,0.19581890091247908,0.48094228
9934,0.8345284773982361,0.1958967403822733,0.48094228
9934,0.8345284773982361,0.19597868357844198,0.48094228
9934,0.8345284773982361,0.19606474397725934,0.48094228
9934,0.8345284773982361,0.19615493479593232,0.48094228
9934,0.8345284773982361,0.19624926901340847,0.48094228
9934,0.8345284773982361,0.19634775939178006,0.48094228
9934,0.8345284773982361,0.19645041849826284,0.48094228
9934,0.8345284773982361,0.19655725872773777,0.48094228
9934,0.8345284773982361,0.19666829232586322,0.48094228
9934,0.8345284773982361,0.19678353141272442,0.48094228
9934,0.8345284773982361,0.19690298800703424,0.48094228
9934,0.8345284773982361,0.19702667405086077,0.48094228
9934,0.8345284773982361,0.19715460143488162,0.48094228
9934,0.8345284773982361,0.19728678202415195,0.48094228
9934,0.8345284773982361,0.19742322768438086,0.48094228
9934,0.8345284773982361,0.197563950308706,0.48094228
9934,0.8345284773982361,0.19770896184496178,0.48094228
9934,0.8345284773982361,0.19785827432342903,0.48094228
9934,0.8345284773982361,0.19801189988506607,0.48094228
9934,0.8345284773982361,0.19816985081020091,0.48094228
9934,0.8345284773982361,0.19833213954769913,0.48094228
9934,0.8345284773982361,0.19849877874457786,0.48094228
9934,0.8345284773982361,0.19866978127608043,0.48094228
9934,0.8345284773982361,0.19884516027618557,0.48094228
9934,0.8345284773982361,0.199024929168568,0.48094228
9934,0.8345284773982361,0.19920910169798772,0.48094228
9934,0.8345284773982361,0.19939769196211632,0.48094228
9934,0.8345284773982361,0.19959071444378074,0.48094228
9934,0.8345284773982361,0.19978818404364285,0.48094228
9934,0.8345284773982361,0.19999011611328343,0.48094228
9934,0.8345284773982361,0.20019652648872666,0.48094228
9934,0.8345284773982361,0.20040743152435314,0.48094228
9934,0.8345284773982361,0.2006228481272456,0.48094228
9934,0.8345284773982361,0.20084279379193667,0.48094228
9934,0.8345284773982361,0.20106728663556855,0.48094228
9934,0.8345284773982361,0.20129634543346572,0.48094228
9934,0.8345284773982361,0.20152998965511157,0.48094228
9934,0.8345284773982361,0.20176823950054273,0.48094228
9934,0.8345284773982361,0.20201111593714252,0.48094228
9934,0.8345284773982361,0.20225864073685423,0.48094228
9934,0.8345284773982361,0.20251083651380705,0.48094228
9934,0.8345284773982361,0.20276772676235202,0.48094228
9934,0.8345284773982361,0.20302933589551725,0.48094228
9934,0.8345284773982361,0.2032956892838845,0.48094228
9934,0.8345284773982361,0.20356681329488427,0.48094228
9934,0.8345284773982361,0.20384273533252092,0.48094228
9934,0.8345284773982361,0.20412348387752863,0.48094228
9934,0.8345284773982361,0.2044090885279545,0.48094228
9934,0.8345284773982361,0.20469958004018737,0.48094228
9934,0.8345284773982361,0.20499499037043015,0.48094228
9934,0.8345284773982361,0.20529535271660904,0.48094228
9934,0.8345284773982361,0.20560070156075475,0.48094228
9934,0.8345284773982361,0.20591107271182724,0.48094228
9934,0.8345284773982361,0.20622650334901377,0.48094228
9934,0.8345284773982361,0.20654703206549627,0.48094228
9934,0.8345284773982361,0.2068726989126949,0.48094228
9934,0.8345284773982361,0.20720354544499503,0.48094228
9934,0.8345284773982361,0.20753961476496935,0.48094228
9934,0.8345284773982361,0.20788095156908873,0.48094228
9934,0.8345284773982361,0.20822760219394457,0.48094228
9934,0.8345284773982361,0.20857961466297195,0.48094228
9934,0.8345284773982361,0.20893703873370378,0.48094228
9934,0.8345284773982361,0.20929992594553423,0.48094228
9934,0.8345284773982361,0.2096683296680176,0.48094228
9934,0.8345284773982361,0.21004230514971176,0.48094228
9934,0.8345284773982361,0.2104219095675439,0.48094228
9934,0.8345284773982361,0.210807202076756,0.48094228
9934,0.8345284773982361,0.21119824386137864,0.48094228
9934,0.8345284773982361,0.21159509818527938,0.48094228
9934,0.8345284773982361,0.21199783044377646,0.48094228
9934,0.8345284773982361,0.212406508215823,0.48094228
9934,0.8345284773982361,0.21282120131676424,0.48094228
9934,0.8345284773982361,0.2132419818516924,0.48094228
9934,0.8345284773982361,0.21366892426935677,0.48094228
9934,0.8345284773982361,0.2141021054166977,0.48094228
9934,0.8345284773982361,0.21454160459395033,0.48094228
9934,0.8345284773982361,0.21498750361034052,0.48094228
9934,0.8345284773982361,0.2154398868403943,0.48094228
9934,0.8345284773982361,0.21589884128082926,0.48094228
9934,0.8345284773982361,0.21636445660803907,0.48094228
9934,0.8345284773982361,0.2168368252362086,0.48094228
9934,0.8345284773982361,0.2173160423759886,0.48094228
9934,0.8345284773982361,0.21780220609374953,0.48094228
9934,0.8345284773982361,0.21829541737151462,0.48094228
9934,0.8345284773982361,0.21879578016735038,0.48094228
9934,0.8345284773982361,0.2193034014764757,0.48094228
9934,0.8345284773982361,0.21981839139280945,0.48094228
9934,0.8345284773982361,0.22034086317123372,0.48094228
9934,0.8345284773982361,0.2208709332902826,0.48094228
9934,0.8345284773982361,0.2214087215154653,0.48094228
9934,0.8345284773982361,0.221954350963133,0.48094228
9934,0.8345284773982361,0.22250794816481528,0.48094228
9934,0.8345284773982361,0.22306964313211716,0.48094228
9934,0.8345284773982361,0.22363956942214264,0.48094228
9934,0.8345284773982361,0.22421786420334638,0.48094228
9934,0.8345284773982361,0.22480466832187912,0.48094228
9934,0.8345284773982361,0.225400126368403,0.48094228
9934,0.8345284773982361,0.2260043867453063,0.48094228
9934,0.8345284773982361,0.22661760173433546,0.48094228
9934,0.8345284773982361,0.22723992756466105,0.48094228
9934,0.8345284773982361,0.22787152448119538,0.48094228
9934,0.8345284773982361,0.22851255681333607,0.48094228
9934,0.8345284773982361,0.22916319304397648,0.48094228
9934,0.8345284773982361,0.22982360587879277,0.48094228
9934,0.8345284773982361,0.23049397231577357,0.48094228
9934,0.8345284773982361,0.23117447371495056,0.48094228
9934,0.8345284773982361,0.23186529586830318,0.48094228
9934,0.8345284773982361,0.23256662906979603,0.48094228
9934,0.8345284773982361,0.2332786681854979,0.48094228
9934,0.8345284773982361,0.23400161272376513,0.48094228
9934,0.8345284773982361,0.23473566690540779,0.48094228
9934,0.8345284773982361,0.2354810397338698,0.48094228
9934,0.8345284773982361,0.2362379450652229,0.48094228
9934,0.8345284773982361,0.2370066016781094,0.48094228
9934,0.8345284773982361,0.23778723334344887,0.48094228
9934,0.8345284773982361,0.2385800688939066,0.48094228
9934,0.8345284773982361,0.2393853422930632,0.48094228
9934,0.8345284773982361,0.240203292704208,0.48094228
9934,0.8345284773982361,0.24103416455871332,0.48094228
9934,0.8345284773982361,0.2418782076239179,0.48094228
9934,0.8345284773982361,0.2427356770704574,0.48094228
9934,0.8345284773982361,0.24360683353896215,0.48094228
9934,0.8345284773982361,0.2444919432060706,0.48094228
9934,0.8345284773982361,0.245391277849666,0.48094228
9934,0.8345284773982361,0.2463051149132723,0.48094228
9934,0.8345284773982361,0.24723373756953163,0.48094228
9934,0.8345284773982361,0.2481774347826745,0.48094228
9934,0.8345284773982361,0.24913650136990909,0.48094228
9934,0.8345284773982361,0.2501112380616452,0.48094228
9934,0.8345284773982361,0.25110195156045834,0.48094228
9934,0.8345284773982361,0.25210895459870597,0.48094228
9934,0.8345284773982361,0.25313256599471573,0.48094228
9934,0.8345284773982361,0.2541731107074345,0.48094228
9934,0.8345284773982361,0.25523091988945695,0.48094228
9934,0.8345284773982361,0.25630633093832195,0.48094228
9934,0.8345284773982361,0.25739968754598647,0.48094228
9934,0.8345284773982361,0.2585113397463728,0.48094228
9934,0.8345284773982361,0.2596416439608729,0.48094228
9934,0.8345284773982361,0.26079096304172256,0.48094228
9934,0.8345284773982361,0.261959666313111,0.48094228
9934,0.8345284773982361,0.263148129609938,0.48094228
9934,0.8345284773982361,0.2643567353140894,0.48094228
9934,0.8345284773982361,0.26558587238812414,0.48094228
9934,0.8345284773982361,0.26683593640624104,0.48094228
9934,0.8345284773982361,0.26810732958243855,0.48094228
9934,0.8345284773982361,0.2694004607956911,0.48094228
9934,0.8345284773982361,0.27071574561208944,0.48094228
9934,0.8345284773982361,0.2720536063037531,0.48094228
9934,0.8345284773982361,0.27341447186442436,0.48094228
9934,0.8345284773982361,0.27479877802162445,0.48094228
9934,0.8345284773982361,0.27620696724520627,0.48094228
9934,0.8345284773982361,0.2776394887522024,0.48094228
9934,0.8345284773982361,0.2790967985078326,0.48094228
9934,0.8345284773982361,0.28057935922251537,0.48094228
9934,0.8345284773982361,0.28208764034478334,0.48094228
9934,0.8345284773982361,0.28362211804992465,0.48094228
9934,0.8345284773982361,0.2851832752242629,0.48094228
9934,0.8345284773982361,0.28677160144488456,0.48094228
9934,0.8345284773982361,0.2883875929547192,0.48094228
9934,0.8345284773982361,0.2900317526328043,0.48094228
9934,0.8345284773982361,0.29170458995960613,0.48094228
9934,0.8345284773982361,0.2934066209772686,0.48094228
9934,0.8345284773982361,0.2951383682446097,0.48094228
9934,0.8345284773982361,0.2969003607867756,0.48094228
9934,0.8345284773982361,0.2986931340393664,0.48094228
9934,0.8345284773982361,0.30051722978692774,0.48094228
9934,0.8345284773982361,0.3023731960956331,0.48094228
9934,0.8345284773982361,0.30426158724005203,0.48094228
9934,0.8345284773982361,0.3061829636238267,0.48094228
9934,0.8345284773982361,0.30813789169415984,0.48094228
9934,0.8345284773982361,0.3101269438499239,0.48094228
9934,0.8345284773982361,0.3121506983433032,0.48094228
9934,0.8345284773982361,0.3142097391747959,0.48094228
9934,0.8345284773982361,0.31630465598146235,0.48094228
9934,0.8345284773982361,0.31843604391827174,0.48094228
9934,0.8345284773982361,0.32060450353241915,0.48094228
9934,0.8345284773982361,0.32281064063049153,0.48094228
9934,0.8345284773982361,0.3250550661383314,0.48094228
9934,0.8345284773982361,0.327338395953492,0.48094228
9934,0.8345284773982361,0.32966125079015635,0.48094228
9934,0.8345284773982361,0.33202425601638175,0.48094228
9934,0.8345284773982361,0.3344280414835765,0.48094228
9934,0.8345284773982361,0.3368732413480665,0.48094228
9934,0.8345284773982361,0.33936049388466216,0.48094228
9934,0.8345284773982361,0.3418904412920887,0.48094228
9934,0.8345284773982361,0.34446372949021054,0.48094228
9934,0.8345284773982361,0.34708100790890245,0.48094228
9934,0.8345284773982361,0.3497429292685141,0.48094228
9934,0.8345284773982361,0.3524501493517877,0.48094228
9934,0.8345284773982361,0.35520332676718847,0.48094228
9934,0.8345284773982361,0.3580031227035089,0.48094228
9934,0.8345284773982361,0.3608502006757248,0.48094228
9934,0.8345284773982361,0.36374522626196665,0.48094228
9934,0.8345284773982361,0.36668886683157986,0.48094228
9934,0.8345284773982361,0.36968179126420614,0.48094228
9934,0.8345284773982361,0.3727246696597926,0.48094228
9934,0.8345284773982361,0.3758181730395184,0.48094228
9934,0.8345284773982361,0.3789629730375617,0.48094228
9934,0.8345284773982361,0.38215974158369226,0.48094228
9934,0.8345284773982361,0.38540915057662395,0.48094228
9934,0.8345284773982361,0.388711871548129,0.48094228
9934,0.8345284773982361,0.3920685753178959,0.48094228
9934,0.8345284773982361,0.39547993163907325,0.48094228
9934,0.8345284773982361,0.3989466088345683,0.48094228
9934,0.8345284773982361,0.4024692734240465,0.48094228
9934,0.8345284773982361,0.40604858974164815,0.48094228
9934,0.8345284773982361,0.4096852195444834,0.48094228
9934,0.8345284773982361,0.41337982161188647,0.48094228
9934,0.8345284773982361,0.4171330513354904,0.48094228
9934,0.8345284773982361,0.4209455603001656,0.48094228
9934,0.8345284773982361,0.42481799585586977,0.48094228
9934,0.8345284773982361,0.42875100068049304,0.48094228
9934,0.8345284773982361,0.4327452123337364,0.48094228
9934,0.8345284773982361,0.4368012628021524,0.48094228
9934,0.8345284773982361,0.44091977803540844,0.48094228
9934,0.8345284773982361,0.4451013774738847,0.48094228
9934,0.8345284773982361,0.4493466735677396,0.48094228
9934,0.8345284773982361,0.4536562712875312,0.48094228
9934,0.8345284773982361,0.458030767626571,0.48094228
9934,0.8345284773982361,0.4624707510951339,0.48094228
9934,0.8345284773982361,0.46697680120667956,0.48094228
9934,0.8345284773982361,0.4715494879562668,0.48094228
9934,0.8345284773982361,0.47618937129133276,0.48094228
9934,0.8345284773982361,0.48089700057503565,0.48094228
9934,0.8345284773982361,0.4856729140423618,0.48094228
9934,0.8345284773982361,0.4905176382492021,0.48094228
9934,0.8345284773982361,0.4954316875146426,0.48094228
9934,0.8345284773982361,0.5004155633566968,0.48094228
9934,0.8345284773982361,0.5054697539217383,0.48094228
9934,0.8345284773982361,0.5105947334078752,0.48094228
9934,0.8345284773982361,0.5157909614825883,0.48094228
9934,0.8345284773982361,0.5210588826948648,0.48094228
9934,0.8345284773982361,0.5263989258821644,0.48094228
9934,0.8345284773982361,0.5318115035725172,0.48094228
9934,0.8345284773982361,0.5372970113820812,0.48094228
9934,0.8345284773982361,0.5428558274084989,0.48094228
9934,0.8345284773982361,0.5484883116203775,0.48094228
9934,0.8345284773982361,0.5541948052433096,0.48094228
9934,0.8345284773982361,0.5599756301427288,0.48094228
9934,0.8345284773982361,0.5658310882040686,0.48094228
9934,0.8345284773982361,0.5717614607105541,0.48094228
9934,0.8345284773982361,0.5777670077190842,0.48094228
9934,0.8345284773982361,0.5838479674345839,0.48094228
9934,0.8345284773982361,0.5900045555833083,0.48094228
9934,0.8345284773982361,0.5962369647854945,0.48094228
9934,0.8345284773982361,0.6025453639278484,0.48094228
9934,0.8345284773982361,0.6089298975363302,0.48094228
9934,0.8345284773982361,0.6153906851496999,0.48094228
9934,0.8345284773982361,0.6219278206943248,0.48094228
9934,0.8345284773982361,0.6285413718607706,0.48094228
9934,0.8345284773982361,0.635231379482623,0.48094228
9934,0.8345284773982361,0.6419978569181489,0.48094228
9934,0.8345284773982361,0.648840789435229,0.48094228
9934,0.8345284773982361,0.6557601336001997,0.48094228
9934,0.8345284773982361,0.6627558166710777,0.48094228
9934,0.8345284773982361,0.6698277359957509,0.48094228
9934,0.8345284773982361,0.6769757584157249,0.48094228
9934,0.8345284773982361,0.6841997196759614,0.48094228
9934,0.8345284773982361,0.6914994238414125,0.48094228
9934,0.8345284773982361,0.6988746427208357,0.48094228
9934,0.8345284773982361,0.7063251152985035,0.48094228
9934,0.8345284773982361,0.7138505471743505,0.48094228
9934,0.8345284773982361,0.7214506100132491,0.48094228
9934,0.8345284773982361,0.7291249410039963,0.48094228
9934,0.8345284773982361,0.7368731423285615,0.48094228
9934,0.8345284773982361,0.7446947806423555,0.48094228
9934,0.8345284773982361,0.7525893865660163,0.48094228
9934,0.8345284773982361,0.7605564541894334,0.48094228
9934,0.8345284773982361,0.7685954405886009,0.48094228
9934,0.8345284773982361,0.7767057653559197,0.48094228
9934,0.8345284773982361,0.7848868101446691,0.48094228
9934,0.8345284773982361,0.7931379182281476,0.48094228
9934,0.8345284773982361,0.8014583940742795,0.48094228
9934,0.8345284773982361,0.8098475029362027,0.48094228
9934,0.8345284773982361,0.8183044704595185,0.48094228
9934,0.8345284773982361,0.8268284823068712,0.48094228
9934,0.8345284773982361,0.8354186838004264,0.48094228
9934,0.8345284773982361,0.8440741795829283,0.48094228
9934,0.8345284773982361,0.8527940332979441,0.48094228
9934,0.8345284773982361,0.8615772672899121,0.48094228
9934,0.8345284773982361,0.8704228623246236,0.48094228
9934,0.8345284773982361,0.8793297573307323,0.48094228
9934,0.8345284773982361,0.8882968491629053,0.48094228
9934,0.8345284773982361,0.8973229923872069,0.48094228
9934,0.8345284773982361,0.9064069990893343,0.48094228
9934,0.8345284773982361,0.915547638706195,0.48094228
9934,0.8345284773982361,0.9247436378815104,0.48094228
9934,0.8345284773982361,0.933993680345919,0.48094228
9934,0.8345284773982361,0.9432964068221599,0.48094228
9934,0.8345284773982361,0.952650414955867,0.48094228
9934,0.8345284773982361,0.9620542592724839,0.48094228
9934,0.8345284773982361,0.971506451160824,0.48094228
9934,0.8345284773982361,0.9810054588837548,0.48094228
9934,0.8345284773982361,0.9905497076164863,0.48094228
9934,0.8345284773982361,1.0001375795129352,0.48094228
9934,0.8345284773982361,1.009767413800576,0.48094228
9934,0.8345284773982361,1.0194375069042565,0.48094228
9934,0.8345284773982361,1.0291461125993395,0.48094228
9934,0.8345284773982361,1.0388914421945799,0.48094228
9934,0.8345284773982361,1.0486716647451075,0.48094228
9934,0.8345284773982361,1.0584849072958362,0.48094228
9934,0.8345284773982361,1.0683292551556574,0.48094228
9934,0.8345284773982361,1.0782027522027262,0.48094228
9934,0.8345284773982361,1.0881034012210857,0.48094228
9934,0.8345284773982361,1.0980291642688713,0.48094228
9934,0.8345284773982361,1.107977963078424,0.48094228
9934,0.8345284773982361,1.1179476794884042,0.48094228
9934,0.8345284773982361,1.127936155908146,0.48094228
9934,0.8345284773982361,1.1379411958144325,0.48094228
9934,0.8345284773982361,1.1479605642807242,0.48094228
9934,0.8345284773982361,1.1579919885390546,0.48094228
9934,0.8345284773982361,1.1680331585746035,0.48094228
9934,0.8345284773982361,1.1780817277529598,0.48094228
9934,0.8345284773982361,1.1881353134802115,0.48094228
9934,0.8345284773982361,1.1981914978956867,0.48094228
9934,0.8345284773982361,1.2082478285974196,0.48094228
9934,0.8345284773982361,1.218301819400238,0.48094228
9934,0.8345284773982361,1.228350951126311,0.48094228
9934,0.8345284773982361,1.2383926724281153,0.48094228
9934,0.8345284773982361,1.248424400643594,0.48094228
9934,0.8345284773982361,1.2584435226832476,0.48094228
9934,0.8345284773982361,1.2684473959490616,0.48094228
9934,0.8345284773982361,1.278433349284935,0.48094228
9934,0.8345284773982361,1.2883986839582393,0.48094228
9934,0.8345284773982361,1.2983406746723227,0.48094228
9934,0.8345284773982361,1.3082565706094662,0.48094228
9934,0.8345284773982361,1.3181435965039887,0.48094228
9934,0.8345284773982361,1.327998953745006,0.48094228
9934,0.8345284773982361,1.3378198215084165,0.48094228
9934,0.8345284773982361,1.3476033579176208,0.48094228
9934,0.8345284773982361,1.3573467012324054,0.48094228
9934,0.8345284773982361,1.3670469710654691,0.48094228
9934,0.8345284773982361,1.3767012696260121,0.48094228
9934,0.8345284773982361,1.3863066829897193,0.48094228
9934,0.8345284773982361,1.395860282394449,0.48094228
9934,0.8345284773982361,1.4053591255610824,0.48094228
9934,0.8345284773982361,1.41480025803861,0.48094228
9934,0.8345284773982361,1.4241807145729035,0.48094228
9934,0.8345284773982361,1.43349752049816,0.48094228
9934,0.8345284773982361,1.442747693150486,0.48094228
9934,0.8345284773982361,1.4519282433024803,0.48094228
9934,0.8345284773982361,1.4610361766181705,0.48094228
9934,0.8345284773982361,1.4700684951273133,0.48094228
9934,0.8345284773982361,1.479022198718053,0.48094228
9934,0.8345284773982361,1.4878942866471305,0.48094228
9934,0.8345284773982361,1.496681759066534,0.48094228
9934,0.8345284773982361,1.5053816185656455,0.48094228
9934,0.8345284773982361,1.5139908717278114,0.48094228
9934,0.8345284773982361,1.5225065307002914,0.48094228
9934,0.8345284773982361,1.530925614776496,0.48094228
9934,0.8345284773982361,1.5392451519893964,0.48094228
9934,0.8345284773982361,1.5474621807149682,0.48094228
9934,0.8345284773982361,1.5555737512846068,0.48094228
9934,0.8345284773982361,1.5635769276051352,0.48094228
9934,0.8345284773982361,1.57146878878547,0.48094228
9934,0.8345284773982361,1.5792464307685445,0.48094228
9934,0.8345284773982361,1.5869069679673606,0.48094228
9934,0.8345284773982361,1.5944475349038552,0.48094228
9934,0.8345284773982361,1.6018652878494537,0.48094228
9934,0.8345284773982361,1.609157406465826,0.48094228
9934,0.8345284773982361,1.6163210954448817,0.48094228
9934,0.8345284773982361,1.6233535861463197,0.48094228
9934,0.8345284773982361,1.630252138231813,0.48094228
9934,0.8345284773982361,1.6370140412942014,0.48094228
9934,0.8345284773982361,1.6436366164806633,0.48094228
9934,0.8345284773982361,1.6501172181082657,0.48094228
9934,0.8345284773982361,1.6564532352707864,0.48094228
9934,0.8345284773982361,1.6626420934353663,0.48094228
9934,0.8345284773982361,1.668681256027685,0.48094228
9934,0.8345284773982361,1.6745682260043173,0.48094228
9934,0.8345284773982361,1.6803005474110286,0.48094228
9934,0.8345284773982361,1.6858758069254876,0.48094228
9934,0.8345284773982361,1.6912916353833063,0.48094228
9934,0.8345284773982361,1.696545709285941,0.48094228
9934,0.8345284773982361,1.7016357522891632,0.48094228
9934,0.8345284773982361,1.7065595366708415,0.48094228
9934,0.8345284773982361,1.711314884776728,0.48094228
9934,0.8345284773982361,1.715899670442956,0.48094228
9934,0.8345284773982361,1.7203118203939465,0.48094228
9934,0.8345284773982361,1.7245493156146086,0.48094228
9934,0.8345284773982361,1.7286101926953819,0.48094228
9934,0.8345284773982361,1.7324925451491282,0.48094228
9934,0.8345284773982361,1.7361945246984631,0.48094228
9934,0.8345284773982361,1.739714342532541,0.48094228
9934,0.8345284773982361,1.7430502705319415,0.48094228
9934,0.8345284773982361,1.7462006424606822,0.48094228
9934,0.8345284773982361,1.7491638551241524,0.48094228
9934,0.8345284773982361,1.7519383694918815,0.48094228
9934,0.8345284773982361,1.7545227117841449,0.48094228
9934,0.8345284773982361,1.756915474521277,0.48094228
9934,0.8345284773982361,1.7591153175347987,0.48094228
9934,0.8345284773982361,1.7611209689392546,0.48094228
9934,0.8345284773982361,1.7629312260639391,0.48094228
9934,0.8345284773982361,1.7645449563435371,0.48094228
9934,0.8345284773982361,1.7659610981668012,0.48094228
9934,0.8345284773982361,1.767178661682427,0.48094228
9934,0.8345284773982361,1.7681967295613656,0.48094228
9934,0.8345284773982361,1.7690144577147424,0.48094228
9934,0.8345284773982361,1.769631075966669,0.48094228
9934,0.8345284773982361,1.7700458886813095,0.48094228
9934,0.8345284773982361,1.770258275343432,0.48094228
9934,0.8345284773982361,1.7702676910919861,0.48094228
9934,0.8345284773982361,1.770073667205965,0.48094228
9934,0.8345284773982361,1.7696758115422317,0.48094228
9934,0.8345284773982361,1.7690738089245777,0.48094228
9934,0.8345284773982361,1.7682674214838194,0.48094228
9934,0.8345284773982361,1.7672564889483062,0.48094228
9934,0.8345284773982361,1.7660409288846926,0.48094228
9934,0.8345284773982361,1.7646207368885158,0.48094228
9934,0.8345284773982361,1.762995986724416,0.48094228
9934,0.8345284773982361,1.7611668304156696,0.48094228
9934,0.8345284773982361,1.759133498283012,0.48094228
9934,0.8345284773982361,1.7568962989325008,0.48094228
9934,0.8345284773982361,1.754455619192431,0.48094228
9934,0.8345284773982361,1.7518119239991694,0.48094228
9934,0.8345284773982361,1.7489657562320906,0.48094228
9934,0.8345284773982361,1.7459177364974838,0.48094228
9934,0.8345284773982361,1.7426685628616763,0.48094228
9934,0.8345284773982361,1.73921901053353,0.48094228
9934,0.8345284773982361,1.7355699314964224,0.48094228
9934,0.8345284773982361,1.7317222540900572,0.48094228
9934,0.8345284773982361,1.727676982542387,0.48094228
9934,0.8345284773982361,1.7234351964519425,0.48094228
9934,0.8345284773982361,1.7189980502210325,0.48094228
9934,0.8345284773982361,1.7143667724401956,0.48094228
9934,0.8345284773982361,1.7095426652244325,0.48094228
9934,0.8345284773982361,1.7045271035017053,0.48094228
9934,0.8345284773982361,1.699321534254313,0.48094228
9934,0.8345284773982361,1.6939274757136928,0.48094228
9934,0.8345284773982361,1.6883465165094413,0.48094228
9934,0.8345284773982361,1.6825803147730702,0.48094228
9939,0.9076945167412964,1.7584478869883788,0.5188732
9939,0.9076945167412964,1.761554661287477,0.5188732
9939,0.9076945167412964,1.7644536511205684,0.5188732
9939,0.9076945167412964,1.7671441264295082,0.5188732
9939,0.9076945167412964,1.7696254379512146,0.5188732
9939,0.9076945167412964,1.7718970175429511,0.5188732
9939,0.9076945167412964,1.773958378454198,0.5188732
9939,0.9076945167412964,1.775809115545052,0.5188732
9939,0.9076945167412964,1.7774489054507472,0.5188732
9939,0.9076945167412964,1.7788775066925089,0.5188732
9939,0.9076945167412964,1.7800947597344612,0.5188732
9939,0.9076945167412964,1.7811005869866783,0.5188732
9939,0.9076945167412964,1.78189499275442,0.5188732
9939,0.9076945167412964,1.7824780631336743,0.5188732
9939,0.9076945167412964,1.7828499658530694,0.5188732
9939,0.9076945167412964,1.7830109500624924,0.5188732
9939,0.9076945167412964,1.782961346068564,0.5188732
9939,0.9076945167412964,1.7827015650172284,0.5188732
9939,0.9076945167412964,1.782232098523984,0.5188732
9939,0.9076945167412964,1.7815535182519082,0.5188732
9939,0.9076945167412964,1.780666475438163,0.5188732
9939,0.9076945167412964,1.7795717003692122,0.5188732
9939,0.9076945167412964,1.7782700018055422,0.5188732
9939,0.9076945167412964,1.7767622663562805,0.5188732
9939,0.9076945167412964,1.7750494578044058,0.5188732
9939,0.9076945167412964,1.7731326163832193,0.5188732
9939,0.9076945167412964,1.7710128580047912,0.5188732
9939,0.9076945167412964,1.7686913734411227,0.5188732
9939,0.9076945167412964,1.7661694274588091,0.5188732
9939,0.9076945167412964,1.7634483579081135,0.5188732
9939,0.9076945167412964,1.7605295747671965,0.5188732
9939,0.9076945167412964,1.7574145591425445,0.5188732
9939,0.9076945167412964,1.7541048622264965,0.5188732
9939,0.9076945167412964,1.7506021042128184,0.5188732
9939,0.9076945167412964,1.7469079731714259,0.5188732
9939,0.9076945167412964,1.7430242238832574,0.5188732
9939,0.9076945167412964,1.738952676636425,0.5188732
9939,0.9076945167412964,1.7346952159846862,0.5188732
9939,0.9076945167412964,1.7302537894694983,0.5188732
9939,0.9076945167412964,1.7256304063067684,0.5188732
9939,0.9076945167412964,1.7208271360395042,0.5188732
9939,0.9076945167412964,1.715846107157593,0.5188732
9939,0.9076945167412964,1.7106895056860225,0.5188732
9939,0.9076945167412964,1.705359573742774,0.5188732
9939,0.9076945167412964,1.6998586080676408,0.5188732
9939,0.9076945167412964,1.694188958523411,0.5188732
9939,0.9076945167412964,1.6883530265706772,0.5188732
9939,0.9076945167412964,1.6823532637175997,0.5188732
9939,0.9076945167412964,1.6761921699461217,0.5188732
9939,0.9076945167412964,1.6698722921158027,0.5188732
9939,0.9076945167412964,1.6633962223469498,0.5188732
9939,0.9076945167412964,1.6567665963841784,0.5188732
9939,0.9076945167412964,1.6499860919420393,0.5188732
9939,0.9076945167412964,1.6430574270339666,0.5188732
9939,0.9076945167412964,1.635983358286099,0.5188732
9939,0.9076945167412964,1.6287666792373643,0.5188732
9939,0.9076945167412964,1.62141021862721,0.5188732
9939,0.9076945167412964,1.613916838672554,0.5188732
9939,0.9076945167412964,1.6062894333352233,0.5188732
9939,0.9076945167412964,1.5985309265814898,0.5188732
9939,0.9076945167412964,1.590644270634982,0.5188732
9939,0.9076945167412964,1.5826324442245303,0.5188732
9939,0.9076945167412964,1.5744984508282573,0.5188732
9939,0.9076945167412964,1.5662453169154475,0.5188732
9939,0.9076945167412964,1.5578760901874613,0.5188732
9939,0.9076945167412964,1.5493938378192667,0.5188732
9939,0.9076945167412964,1.5408016447027295,0.5188732
9939,0.9076945167412964,1.532102611693323,0.5188732
9939,0.9076945167412964,1.5232998538613696,0.5188732
9939,0.9076945167412964,1.5143964987492804,0.5188732
9939,0.9076945167412964,1.505395684636085,0.5188732
9939,0.9076945167412964,1.496300558810523,0.5188732
9939,0.9076945167412964,1.4871142758540774,0.5188732
9939,0.9076945167412964,1.4778399959350768,0.5188732
9939,0.9076945167412964,1.4684808831152465,0.5188732
9939,0.9076945167412964,1.459040103669798,0.5188732
9939,0.9076945167412964,1.4495208244223565,0.5188732
9939,0.9076945167412964,1.4399262110958677,0.5188732
9939,0.9076945167412964,1.4302594266805249,0.5188732
9939,0.9076945167412964,1.420523629820053,0.5188732
9939,0.9076945167412964,1.4107219732171823,0.5188732
9939,0.9076945167412964,1.4008576020595611,0.5188732
9939,0.9076945167412964,1.3909336524670246,0.5188732
9939,0.9076945167412964,1.3809532499613122,0.5188732
9939,0.9076945167412964,1.3709195079590977,0.5188732
9939,0.9076945167412964,1.3608355262893428,0.5188732
9939,0.9076945167412964,1.350704389735835,0.5188732
9939,0.9076945167412964,1.3405291666058432,0.5188732
9939,0.9076945167412964,1.3303129073255806,0.5188732
9939,0.9076945167412964,1.3200586430635088,0.5188732
9939,0.9076945167412964,1.309769384381977,0.5188732
9939,0.9076945167412964,1.2994481199181647,0.5188732
9939,0.9076945167412964,1.2890978150948962,0.5188732
9939,0.9076945167412964,1.278721410861959,0.5188732
9939,0.9076945167412964,1.2683218224687123,0.5188732
9939,0.9076945167412964,1.257901938268365,0.5188732
9939,0.9076945167412964,1.247464618554639,0.5188732
9939,0.9076945167412964,1.237012694431219,0.5188732
9939,0.9076945167412964,1.226548966714583,0.5188732
9939,0.9076945167412964,1.2160762048704905,0.5188732
9939,0.9076945167412964,1.2055971459847132,0.5188732
9939,0.9076945167412964,1.1951144937682663,0.5188732
9939,0.9076945167412964,1.1846309175974552,0.5188732
9939,0.9076945167412964,1.1741490515891189,0.5188732
9939,0.9076945167412964,1.1636714937112607,0.5188732
9939,0.9076945167412964,1.1532008049293114,0.5188732
9939,0.9076945167412964,1.1427395083881857,0.5188732
9939,0.9076945167412964,1.1322900886303295,0.5188732
9939,0.9076945167412964,1.1218549908498294,0.5188732
9939,0.9076945167412964,1.1114366201826906,0.5188732
9939,0.9076945167412964,1.1010373410332854,0.5188732
9939,0.9076945167412964,1.0906594764370758,0.5188732
9939,0.9076945167412964,1.080305307459465,0.5188732
9939,0.9076945167412964,1.069977072630815,0.5188732
9939,0.9076945167412964,1.0596769674175328,0.5188732
9939,0.9076945167412964,1.049407143729044,0.5188732
9939,0.9076945167412964,1.0391697094605663,0.5188732
9939,0.9076945167412964,1.0289667280714836,0.5188732
9939,0.9076945167412964,1.018800218199094,0.5188732
9939,0.9076945167412964,1.0086721533075098,0.5188732
9939,0.9076945167412964,0.9985844613714132,0.5188732
9939,0.9076945167412964,0.9885390245944161,0.5188732
9939,0.9076945167412964,0.9785376791616518,0.5188732
9939,0.9076945167412964,0.9685822150262527,0.5188732
9939,0.9076945167412964,0.9586743757293946,0.5188732
9939,0.9076945167412964,0.9488158582533953,0.5188732
9939,0.9076945167412964,0.939008312907594,0.5188732
9939,0.9076945167412964,0.9292533432463868,0.5188732
9939,0.9076945167412964,0.9195525060191048,0.5188732
9939,0.9076945167412964,0.9099073111511486,0.5188732
9939,0.9076945167412964,0.9003192217558752,0.5188732
9939,0.9076945167412964,0.8907896541767685,0.5188732
9939,0.9076945167412964,0.8813199780592404,0.5188732
9939,0.9076945167412964,0.8719115164516122,0.5188732
9939,0.9076945167412964,0.862565545934561,0.5188732
9939,0.9076945167412964,0.8532832967785313,0.5188732
9939,0.9076945167412964,0.8440659531284725,0.5188732
9939,0.9076945167412964,0.8349146532152196,0.5188732
9939,0.9076945167412964,0.825830489592935,0.5188732
9939,0.9076945167412964,0.8168145094019277,0.5188732
9939,0.9076945167412964,0.8078677146561836,0.5188732
9939,0.9076945167412964,0.7989910625549174,0.5188732
9939,0.9076945167412964,0.7901854658174897,0.5188732
9939,0.9076945167412964,0.7814517930409511,0.5188732
9939,0.9076945167412964,0.7727908690795576,0.5188732
9939,0.9076945167412964,0.7642034754454913,0.5188732
9939,0.9076945167412964,0.7556903507301128,0.5188732
9939,0.9076945167412964,0.7472521910449994,0.5188732
9939,0.9076945167412964,0.7388896504820609,0.5188732
9939,0.9076945167412964,0.7306033415919829,0.5188732
9939,0.9076945167412964,0.7223938358802601,0.5188732
9939,0.9076945167412964,0.714261664320142,0.5188732
9939,0.9076945167412964,0.7062073178816739,0.5188732
9939,0.9076945167412964,0.698231248076132,0.5188732
9939,0.9076945167412964,0.6903338675151808,0.5188732
9939,0.9076945167412964,0.682515550483892,0.5188732
9939,0.9076945167412964,0.6747766335270072,0.5188732
9939,0.9076945167412964,0.6671174160476623,0.5188732
9939,0.9076945167412964,0.6595381609178593,0.5188732
9939,0.9076945167412964,0.6520390950999613,0.5188732
9939,0.9076945167412964,0.6446204102785246,0.5188732
9939,0.9076945167412964,0.637282263501689,0.5188732
9939,0.9076945167412964,0.6300247778315266,0.5188732
9939,0.9076945167412964,0.6228480430025398,0.5188732
9939,0.9076945167412964,0.6157521160877171,0.5188732
9939,0.9076945167412964,0.6087370221713944,0.5188732
9939,0.9076945167412964,0.6018027550283008,0.5188732
9939,0.9076945167412964,0.5949492778080908,0.5188732
9939,0.9076945167412964,0.5881765237247175,0.5188732
9939,0.9076945167412964,0.5814843967500279,0.5188732
9939,0.9076945167412964,0.5748727723109123,0.5188732
9939,0.9076945167412964,0.5683414979893975,0.5188732
9939,0.9076945167412964,0.5618903942251,0.5188732
9939,0.9076945167412964,0.5555192550193914,0.5188732
9939,0.9076945167412964,0.5492278486407368,0.5188732
9939,0.9076945167412964,0.5430159183305882,0.5188732
9939,0.9076945167412964,0.5368831830093264,0.5188732
9939,0.9076945167412964,0.5308293379816377,0.5188732
9939,0.9076945167412964,0.5248540556408485,0.5188732
9939,0.9076945167412964,0.5189569861716606,0.5188732
9939,0.9076945167412964,0.5131377582507943,0.5188732
9939,0.9076945167412964,0.5073959797450465,0.5188732
9939,0.9076945167412964,0.5017312384062732,0.5188732
9939,0.9076945167412964,0.49614310256284716,0.5188732
9939,0.9076945167412964,0.4906311218071306,0.5188732
9939,0.9076945167412964,0.48519482767853184,0.5188732
9939,0.9076945167412964,0.47983373434172105,0.5188732
9939,0.9076945167412964,0.47454733925959774,0.5188732
9939,0.9076945167412964,0.4693351238606376,0.5188732
9939,0.9076945167412964,0.4641965542002017,0.5188732
9939,0.9076945167412964,0.4591310816155051,0.5188732
9939,0.9076945167412964,0.4541381433738393,0.5188732
9939,0.9076945167412964,0.4492171633137562,0.5188732
9939,0.9076945167412964,0.44436755247888227,0.5188732
9939,0.9076945167412964,0.4395887097440796,0.5188732
9939,0.9076945167412964,0.4348800224336154,0.5188732
9939,0.9076945167412964,0.43024086693114977,0.5188732
9939,0.9076945167412964,0.42567060928120803,0.5188732
9939,0.9076945167412964,0.4211686057819346,0.5188732
9939,0.9076945167412964,0.4167342035688983,0.5188732
9939,0.9076945167412964,0.41236674118971395,0.5188732
9939,0.9076945167412964,0.4080655491693079,0.5188732
9939,0.9076945167412964,0.40382995056561927,0.5188732
9939,0.9076945167412964,0.39965926151557124,0.5188732
9939,0.9076945167412964,0.39555279177115543,0.5188732
9939,0.9076945167412964,0.3915098452254924,0.5188732
9939,0.9076945167412964,0.3875297204287026,0.5188732
9939,0.9076945167412964,0.3836117110935143,0.5188732
9939,0.9076945167412964,0.3797551065904615,0.5188732
9939,0.9076945167412964,0.3759591924326015,0.5188732
9939,0.9076945167412964,0.37222325074966556,0.5188732
9939,0.9076945167412964,0.36854656075154796,0.5188732
9939,0.9076945167412964,0.3649283991811195,0.5188732
9939,0.9076945167412964,0.36136804075627854,0.5188732
9939,0.9076945167412964,0.35786475860121125,0.5188732
9939,0.9076945167412964,0.35441782466685845,0.5188732
9939,0.9076945167412964,0.3510265101405375,0.5188732
9939,0.9076945167412964,0.3476900858447457,0.5188732
9939,0.9076945167412964,0.3444078226251255,0.5188732
9939,0.9076945167412964,0.34117899172762944,0.5188732
9939,0.9076945167412964,0.3380028651648879,0.5188732
9939,0.9076945167412964,0.3348787160718202,0.5188732
9939,0.9076945167412964,0.3318058190505381,0.5188732
9939,0.9076945167412964,0.3287834505045656,0.5188732
9939,0.9076945167412964,0.32581088896248794,0.5188732
9939,0.9076945167412964,0.32288741539102017,0.5188732
9939,0.9076945167412964,0.3200123134976244,0.5188732
9939,0.9076945167412964,0.3171848700227455,0.5188732
9939,0.9076945167412964,0.31440437502173074,0.5188732
9939,0.9076945167412964,0.31167012213655093,0.5188732
9939,0.9076945167412964,0.30898140885741654,0.5188732
9939,0.9076945167412964,0.30633753677438025,0.5188732
9939,0.9076945167412964,0.3037378118190645,0.5188732
9939,0.9076945167412964,0.3011815444965975,0.5188732
9939,0.9076945167412964,0.2986680501079125,0.5188732
9939,0.9076945167412964,0.2961966489625173,0.5188732
9939,0.9076945167412964,0.29376666658185957,0.5188732
9939,0.9076945167412964,0.29137743389345094,0.5188732
9939,0.9076945167412964,0.2890282874158491,0.5188732
9939,0.9076945167412964,0.28671856943468177,0.5188732
9939,0.9076945167412964,0.2844476281698226,0.5188732
9939,0.9076945167412964,0.28221481793389636,0.5188732
9939,0.9076945167412964,0.2800194992822431,0.5188732
9939,0.9076945167412964,0.27786103915451366,0.5188732
9939,0.9076945167412964,0.2757388110080377,0.5188732
9939,0.9076945167412964,0.27365219494313353,0.5188732
9939,0.9076945167412964,0.27160057782051705,0.5188732
9939,0.9076945167412964,0.2695833533709719,0.5188732
9939,0.9076945167412964,0.2675999222974424,0.5188732
9939,0.9076945167412964,0.2656496923697145,0.5188732
9939,0.9076945167412964,0.2637320785118541,0.5188732
9939,0.9076945167412964,0.26184650288256484,0.5188732
9939,0.9076945167412964,0.25999239494863324,0.5188732
9939,0.9076945167412964,0.25816919155162504,0.5188732
9939,0.9076945167412964,0.25637633696801304,0.5188732
9939,0.9076945167412964,0.25461328296287405,0.5188732
9939,0.9076945167412964,0.25287948883736827,0.5188732
9939,0.9076945167412964,0.25117442147011443,0.5188732
9939,0.9076945167412964,0.24949755535267118,0.5188732
9939,0.9076945167412964,0.2478483726192581,0.5188732
9939,0.9076945167412964,0.24622636307090587,0.5188732
9939,0.9076945167412964,0.24463102419417784,0.5188732
9939,0.9076945167412964,0.24306186117464068,0.5188732
9939,0.9076945167412964,0.24151838690523061,0.5188732
9939,0.9076945167412964,0.2400001219896932,0.5188732
9939,0.9076945167412964,0.2385065947412342,0.5188732
9939,0.9076945167412964,0.23703734117655403,0.5188732
9939,0.9076945167412964,0.2355919050054124,0.5188732
9939,0.9076945167412964,0.23416983761587645,0.5188732
9939,0.9076945167412964,0.23277069805540337,0.5188732
9939,0.9076945167412964,0.23139405300791438,0.5188732
9939,0.9076945167412964,0.23003947676699182,0.5188732
9939,0.9076945167412964,0.22870655120535546,0.5188732
9939,0.9076945167412964,0.22739486574075723,0.5188732
9939,0.9076945167412964,0.22610401729843851,0.5188732
9939,0.9076945167412964,0.22483361027027207,0.5188732
9939,0.9076945167412964,0.2235832564707504,0.5188732
9939,0.9076945167412964,0.22235257508993167,0.5188732
9939,0.9076945167412964,0.22114119264347412,0.5188732
9939,0.9076945167412964,0.2199487429199131,0.5188732
9939,0.9076945167412964,0.21877486692526363,0.5188732
9939,0.9076945167412964,0.21761921282511612,0.5188732
9939,0.9076945167412964,0.2164814358843056,0.5188732
9939,0.9076945167412964,0.2153611984043092,0.5188732
9939,0.9076945167412964,0.21425816965845165,0.5188732
9939,0.9076945167412964,0.2131720258250623,0.5188732
9939,0.9076945167412964,0.21210244991866928,0.5188732
9939,0.9076945167412964,0.21104913171935455,0.5188732
9939,0.9076945167412964,0.2100117677003678,0.5188732
9939,0.9076945167412964,0.2089900609540996,0.5188732
9939,0.9076945167412964,0.2079837211165153,0.5188732
9939,0.9076945167412964,0.20699246429014806,0.5188732
9939,0.9076945167412964,0.20601601296574495,0.5188732
9939,0.9076945167412964,0.20505409594265214,0.5188732
9939,0.9076945167412964,0.20410644824803645,0.5188732
9939,0.9076945167412964,0.2031728110550245,0.5188732
9939,0.9076945167412964,0.20225293159984417,0.5188732
9939,0.9076945167412964,0.2013465630980525,0.5188732
9939,0.9076945167412964,0.2004534646599274,0.5188732
9939,0.9076945167412964,0.19957340120509812,0.5188732
9939,0.9076945167412964,0.19870614337649295,0.5188732
9939,0.9076945167412964,0.19785146745367027,0.5188732
9939,0.9076945167412964,0.197009155265615,0.5188732
9939,0.9076945167412964,0.19617899410304496,0.5188732
9939,0.9076945167412964,0.19536077663032705,0.5188732
9939,0.9076945167412964,0.19455430079702096,0.5188732
9939,0.9076945167412964,0.1937593697491609,0.5188732
9939,0.9076945167412964,0.192975791740293,0.5188732
9939,0.9076945167412964,0.19220338004235077,0.5188732
9939,0.9076945167412964,0.19144195285640941,0.5188732
9939,0.9076945167412964,0.19069133322338241,0.5188732
9939,0.9076945167412964,0.18995134893469887,0.5188732
9939,0.9076945167412964,0.18922183244302707,0.5188732
9939,0.9076945167412964,0.1885026207730737,0.5188732
9939,0.9076945167412964,0.18779355543251683,0.5188732
9939,0.9076945167412964,0.18709448232311293,0.5188732
9939,0.9076945167412964,0.1864052516520161,0.5188732
9939,0.9076945167412964,0.18572571784335912,0.5188732
9939,0.9076945167412964,0.18505573945012227,0.5188732
9939,0.9076945167412964,0.18439517906633932,0.5188732
9939,0.9076945167412964,0.1837439032396691,0.5188732
9939,0.9076945167412964,0.18310178238437136,0.5188732
9939,0.9076945167412964,0.18246869069471838,0.5188732
9939,0.9076945167412964,0.18184450605886712,0.5188732
9939,0.9076945167412964,0.18122910997324157,0.5188732
9939,0.9076945167412964,0.18062238745742798,0.5188732
9939,0.9076945167412964,0.18002422696963188,0.5188732
9939,0.9076945167412964,0.17943452032271814,0.5188732
9939,0.9076945167412964,0.17885316260084824,0.5188732
9939,0.9076945167412964,0.17828005207675862,0.5188732
9939,0.9076945167412964,0.17771509012968853,0.5188732
9939,0.9076945167412964,0.1771581811639834,0.5188732
9939,0.9076945167412964,0.17660923252839955,0.5188732
9939,0.9076945167412964,0.17606815443612536,0.5188732
9939,0.9076945167412964,0.1755348598855417,0.5188732
9939,0.9076945167412964,0.17500926458173663,0.5188732
9939,0.9076945167412964,0.17449128685880033,0.5188732
9939,0.9076945167412964,0.1739808476029029,0.5188732
9939,0.9076945167412964,0.17347787017619057,0.5188732
9939,0.9076945167412964,0.17298228034149318,0.5188732
9939,0.9076945167412964,0.17249400618788366,0.5188732
9939,0.9076945167412964,0.17201297805707777,0.5188732
9939,0.9076945167412964,0.1715391284707046,0.5188732
9939,0.9076945167412964,0.17107239205845892,0.5188732
9939,0.9076945167412964,0.17061270548714003,0.5188732
9939,0.9076945167412964,0.17016000739059187,0.5188732
9939,0.9076945167412964,0.1697142383005645,0.5188732
9939,0.9076945167412964,0.16927534057849317,0.5188732
9939,0.9076945167412964,0.16884325834821065,0.5188732
9939,0.9076945167412964,0.16841793742961342,0.5188732
9939,0.9076945167412964,0.16799932527326933,0.5188732
9939,0.9076945167412964,0.16758737089599546,0.5188732
9939,0.9076945167412964,0.1671820248174043,0.5188732
9939,0.9076945167412964,0.16678323899742392,0.5188732
9939,0.9076945167412964,0.16639096677481124,0.5188732
9939,0.9076945167412964,0.16600516280665023,0.5188732
9939,0.9076945167412964,0.16562578300885525,0.5188732
9939,0.9076945167412964,0.1652527844976786,0.5188732
9939,0.9076945167412964,0.16488612553222579,0.5188732
9939,0.9076945167412964,0.16452576545799474,0.5188732
9939,0.9076945167412964,0.1641716646514334,0.5188732
9939,0.9076945167412964,0.16382378446552495,0.5188732
9939,0.9076945167412964,0.163482087176407,0.5188732
9939,0.9076945167412964,0.16314653593102724,0.5188732
9939,0.9076945167412964,0.16281709469583655,0.5188732
9939,0.9076945167412964,0.16249372820653255,0.5188732
9939,0.9076945167412964,0.1621764019188476,0.5188732
9939,0.9076945167412964,0.16186508196038554,0.5188732
9939,0.9076945167412964,0.16155973508351845,0.5188732
9939,0.9076945167412964,0.16126032861933376,0.5188732
9939,0.9076945167412964,0.16096683043264817,0.5188732
9939,0.9076945167412964,0.16067920887807097,0.5188732
9939,0.9076945167412964,0.16039743275714727,0.5188732
9939,0.9076945167412964,0.1601214712765474,0.5188732
9939,0.9076945167412964,0.1598512940073327,0.5188732
9939,0.9076945167412964,0.15958687084528786,0.5188732
9939,0.9076945167412964,0.15932817197231827,0.5188732
9939,0.9076945167412964,0.15907516781891454,0.5188732
9939,0.9076945167412964,0.1588278290276848,0.5188732
9939,0.9076945167412964,0.1585861264179569,0.5188732
9939,0.9076945167412964,0.15835003095144848,0.5188732
9939,0.9076945167412964,0.1581195136989991,0.5188732
9939,0.9076945167412964,0.1578945458083743,0.5188732
9939,0.9076945167412964,0.15767509847312736,0.5188732
9939,0.9076945167412964,0.15746114290252894,0.5188732
9939,0.9076945167412964,0.15725265029255567,0.5188732
9939,0.9076945167412964,0.15704959179793737,0.5188732
9939,0.9076945167412964,0.15685193850525997,0.5188732
9939,0.9076945167412964,0.15665966140712353,0.5188732
9939,0.9076945167412964,0.15647273137734755,0.5188732
9939,0.9076945167412964,0.1562911191472258,0.5188732
9939,0.9076945167412964,0.15611479528282443,0.5188732
9939,0.9076945167412964,0.1559437301633146,0.5188732
9939,0.9076945167412964,0.15577789396034714,0.5188732
9939,0.9076945167412964,0.15561725661844802,0.5188732
9939,0.9076945167412964,0.15546178783644818,0.5188732
9939,0.9076945167412964,0.15531145704992563,0.5188732
9939,0.9076945167412964,0.15516623341465996,0.5188732
9939,0.9076945167412964,0.1550260857911059,0.5188732
9939,0.9076945167412964,0.15489098272985297,0.5188732
9939,0.9076945167412964,0.1547608924580894,0.5188732
9939,0.9076945167412964,0.15463578286704843,0.5188732
9939,0.9076945167412964,0.1545156215004403,0.5188732
9939,0.9076945167412964,0.15440037554384792,0.5188732
9939,0.9076945167412964,0.15429001181509058,0.5188732
9939,0.9076945167412964,0.1541844967555449,0.5188732
9939,0.9076945167412964,0.1540837964224076,0.5188732
9939,0.9076945167412964,0.15398787648189927,0.5188732
9939,0.9076945167412964,0.1538967022033908,0.5188732
9939,0.9076945167412964,0.15381023845445316,0.5188732
9939,0.9076945167412964,0.1537284496968076,0.5188732
9939,0.9076945167412964,0.15365129998317759,0.5188732
9939,0.9076945167412964,0.15357875295502654,0.5188732
9939,0.9076945167412964,0.15351077184116035,0.5188732
9939,0.9076945167412964,0.15344731945720483,0.5188732
9939,0.9076945167412964,0.15338835820592414,0.5188732
9939,0.9076945167412964,0.15333385007837974,0.5188732
9939,0.9076945167412964,0.1532837566559148,0.5188732
9939,0.9076945167412964,0.153238039112948,0.5188732
9939,0.9076945167412964,0.1531966582205695,0.5188732
9939,0.9076945167412964,0.1531595743509147,0.5188732
9939,0.9076945167412964,0.15312674748231644,0.5188732
9939,0.9076945167412964,0.15309813720520396,0.5188732
9939,0.9076945167412964,0.15307370272875007,0.5188732
9939,0.9076945167412964,0.1530534028882425,0.5188732
9939,0.9076945167412964,0.15303719615315892,0.5188732
9939,0.9076945167412964,0.15302504063595082,0.5188732
9939,0.9076945167412964,0.1530168941014876,0.5188732
9939,0.9076945167412964,0.15301271397718016,0.5188732
9939,0.9076945167412964,0.15301245736374136,0.5188732
9939,0.9076945167412964,0.15301608104657302,0.5188732
9939,0.9076945167412964,0.15302354150777783,0.5188732
9939,0.9076945167412964,0.15303479493874594,0.5188732
9939,0.9076945167412964,0.15304979725333842,0.5188732
9939,0.9076945167412964,0.15306850410161685,0.5188732
9939,0.9076945167412964,0.15309087088411832,0.5188732
9939,0.9076945167412964,0.15311685276665432,0.5188732
9939,0.9076945167412964,0.15314640469561264,0.5188732
9939,0.9076945167412964,0.15317948141374596,0.5188732
9939,0.9076945167412964,0.1532160374764241,0.5188732
9939,0.9076945167412964,0.15325602726834128,0.5188732
9939,0.9076945167412964,0.153299405020644,0.5188732
9939,0.9076945167412964,0.1533461248284741,0.5188732
9939,0.9076945167412964,0.15339614066890142,0.5188732
9939,0.9076945167412964,0.15344940641922403,0.5188732
9939,0.9076945167412964,0.15350587587562162,0.5188732
9939,0.9076945167412964,0.15356550277214287,0.5188732
9939,0.9076945167412964,0.15362824079999718,0.5188732
9939,0.9076945167412964,0.15369404362714656,0.5188732
9939,0.9076945167412964,0.1537628649181636,0.5188732
9939,0.9076945167412964,0.15383465835434218,0.5188732
9939,0.9076945167412964,0.1539093776540413,0.5188732
9939,0.9076945167412964,0.15398697659324256,0.5188732
9939,0.9076945167412964,0.15406740902629407,0.5188732
9939,0.9076945167412964,0.1541506289068334,0.5188732
9939,0.9076945167412964,0.154236590308855,0.5188732
9939,0.9076945167412964,0.15432524744791967,0.5188732
9939,0.9076945167412964,0.15441655470246754,0.5188732
9939,0.9076945167412964,0.15451046663522972,0.5188732
9939,0.9076945167412964,0.1546069380147116,0.5188732
9939,0.9076945167412964,0.1547059238367275,0.5188732
9939,0.9076945167412964,0.15480737934597766,0.5188732
9939,0.9076945167412964,0.15491126005763087,0.5188732
9939,0.9076945167412964,0.15501752177891095,0.5188732
9939,0.9076945167412964,0.1551261206306561,0.5188732
9939,0.9076945167412964,0.15523701306884521,0.5188732
9939,0.9076945167412964,0.15535015590605178,0.5188732
9939,0.9076945167412964,0.1554655063328313,0.5188732
9939,0.9076945167412964,0.15558302193901044,0.5188732
9939,0.9076945167412964,0.15570266073485797,0.5188732
9939,0.9076945167412964,0.15582438117213224,0.5188732
9939,0.9076945167412964,0.15594814216497419,0.5188732
9939,0.9076945167412964,0.1560739031106402,0.5188732
9939,0.9076945167412964,0.1562016239100495,0.5188732
9939,0.9076945167412964,0.1563312649881382,0.5188732
9939,0.9076945167412964,0.1564627873139954,0.5188732
9939,0.9076945167412964,0.1565961524207741,0.5188732
9939,0.9076945167412964,0.1567313224253507,0.5188732
9939,0.9076945167412964,0.1568682600477351,0.5188732
9939,0.9076945167412964,0.1570069286301995,0.5188732
9939,0.9076945167412964,0.1571472921561188,0.5188732
9939,0.9076945167412964,0.1572893152685171,0.5188732
9939,0.9076945167412964,0.15743296328829126,0.5188732
9939,0.9076945167412964,0.1575782022321089,0.5188732
9939,0.9076945167412964,0.1577249988299699,0.5188732
9939,0.9076945167412964,0.15787332054241127,0.5188732
9939,0.9076945167412964,0.1580231355773506,0.5188732
9939,0.9076945167412964,0.15817441290655698,0.5188732
9939,0.9076945167412964,0.1583271222817336,0.5188732
9939,0.9076945167412964,0.15848123425020622,0.5188732
9939,0.9076945167412964,0.15863672017020963,0.5188732
9939,0.9076945167412964,0.158793552225759,0.5188732
9939,0.9076945167412964,0.15895170344109416,0.5188732
9939,0.9076945167412964,0.15911114769470547,0.5188732
9939,0.9076945167412964,0.1592718597329105,0.5188732
9939,0.9076945167412964,0.1594338151829924,0.5188732
9939,0.9076945167412964,0.15959699056588544,0.5188732
9939,0.9076945167412964,0.15976136330840862,0.5188732
9939,0.9076945167412964,0.15992691175502732,0.5188732
9939,0.9076945167412964,0.16009361517915457,0.5188732
9939,0.9076945167412964,0.1602614537939858,0.5188732
9939,0.9076945167412964,0.1604304087628494,0.5188732
9939,0.9076945167412964,0.16060046220908517,0.5188732
9939,0.9076945167412964,0.1607715972254418,0.5188732
9939,0.9076945167412964,0.16094379788299026,0.5188732
9939,0.9076945167412964,0.16111704923955739,0.5188732
9939,0.9076945167412964,0.16129133734766904,0.5188732
9939,0.9076945167412964,0.16146664926201848,0.5188732
9939,0.9076945167412964,0.16164297304643277,0.5188732
9939,0.9076945167412964,0.16182029778037896,0.5188732
9939,0.9076945167412964,0.16199861356496634,0.5188732
9939,0.9076945167412964,0.1621779115284843,0.5188732
9939,0.9076945167412964,0.16235818383145242,0.5188732
9939,0.9076945167412964,0.16253942367119842,0.5188732
9939,0.9076945167412964,0.16272162528597134,0.5188732
9939,0.9076945167412964,0.162904783958579,0.5188732
9939,0.9076945167412964,0.16308889601956836,0.5188732
9939,0.9076945167412964,0.1632739588499465,0.5188732
9939,0.9076945167412964,0.16345997088345754,0.5188732
9939,0.9076945167412964,0.16364693160840274,0.5188732
9939,0.9076945167412964,0.16383484156903377,0.5188732
9939,0.9076945167412964,0.16402370236650993,0.5188732
9939,0.9076945167412964,0.16421351665943484,0.5188732
9939,0.9076945167412964,0.16440428816397828,0.5188732
9939,0.9076945167412964,0.16459602165359039,0.5188732
9939,0.9076945167412964,0.1647887229583251,0.5188732
9939,0.9076945167412964,0.16498239896377181,0.5188732
9939,0.9076945167412964,0.16517705760961324,0.5188732
9939,0.9076945167412964,0.16537270788781938,0.5188732
9939,0.9076945167412964,0.16556935984048515,0.5188732
9939,0.9076945167412964,0.16576702455732484,0.5188732
9939,0.9076945167412964,0.16596571417283945,0.5188732
9939,0.9076945167412964,0.16616544186316465,0.5188732
9939,0.9076945167412964,0.16636622184260663,0.5188732
9939,0.9076945167412964,0.16656806935989807,0.5188732
9939,0.9076945167412964,0.1667710006941674,0.5188732
9939,0.9076945167412964,0.166975033150642,0.5188732
9939,0.9076945167412964,0.1671801850561079,0.5188732
9939,0.9076945167412964,0.16738647575412802,0.5188732
9939,0.9076945167412964,0.1675939256000422,0.5188732
9939,0.9076945167412964,0.1678025559557612,0.5188732
9939,0.9076945167412964,0.16801238918437061,0.5188732
9939,0.9076945167412964,0.1682234486445606,0.5188732
9939,0.9076945167412964,0.16843575868489644,0.5188732
9939,0.9076945167412964,0.16864934463795136,0.5188732
9939,0.9076945167412964,0.1688642328143076,0.5188732
9939,0.9076945167412964,0.16908045049645698,0.5188732
9939,0.9076945167412964,0.16929802593260548,0.5188732
9939,0.9076945167412964,0.16951698833040146,0.5188732
9939,0.9076945167412964,0.16973736785061516,0.5188732
9939,0.9076945167412964,0.1699591956007704,0.5188732
9939,0.9076945167412964,0.17018250362876222,0.5188732
9939,0.9076945167412964,0.17040732491646707,0.5188732
9939,0.9076945167412964,0.1706336933733687,0.5188732
9939,0.9076945167412964,0.17086164383021485,0.5188732
9939,0.9076945167412964,0.17109121203273076,0.5188732
9939,0.9076945167412964,0.1713224346353914,0.5188732
9939,0.9076945167412964,0.17155534919529206,0.5188732
9939,0.9076945167412964,0.17178999416612045,0.5188732
9939,0.9076945167412964,0.17202640889225015,0.5188732
9939,0.9076945167412964,0.17226463360298008,0.5188732
9939,0.9076945167412964,0.17250470940693596,0.5188732
9939,0.9076945167412964,0.17274667828664794,0.5188732
9939,0.9076945167412964,0.17299058309332963,0.5188732
9939,0.9076945167412964,0.17323646754187247,0.5188732
9939,0.9076945167412964,0.1734843762060734,0.5188732
9939,0.9076945167412964,0.17373435451411587,0.5188732
9939,0.9076945167412964,0.17398644874432606,0.5188732
9939,0.9076945167412964,0.17424070602121333,0.5188732
9939,0.9076945167412964,0.17449717431181877,0.5188732
9939,0.9076945167412964,0.17475590242239086,0.5188732
9939,0.9076945167412964,0.1750169399954056,0.5188732
9939,0.9076945167412964,0.17528033750693964,0.5188732
9939,0.9076945167412964,0.175546146264432,0.5188732
9939,0.9076945167412964,0.17581441840483455,0.5188732
9939,0.9076945167412964,0.1760852068931718,0.5188732
9939,0.9076945167412964,0.17635856552154217,0.5188732
9939,0.9076945167412964,0.17663454890854877,0.5188732
9939,0.9076945167412964,0.17691321249921185,0.5188732
9939,0.9076945167412964,0.17719461256534016,0.5188732
9939,0.9076945167412964,0.17747880620641285,0.5188732
9939,0.9076945167412964,0.17776585135096734,0.5188732
9939,0.9076945167412964,0.17805580675851052,0.5188732
9939,0.9076945167412964,0.17834873202197551,0.5188732
9939,0.9076945167412964,0.17864468757073612,0.5188732
9939,0.9076945167412964,0.178943734674186,0.5188732
9939,0.9076945167412964,0.17924593544591752,0.5188732
9939,0.9076945167412964,0.17955135284848547,0.5188732
9939,0.9076945167412964,0.17986005069879749,0.5188732
9939,0.9076945167412964,0.1801720936741251,0.5188732
9939,0.9076945167412964,0.18048754731875988,0.5188732
9939,0.9076945167412964,0.18080647805132674,0.5188732
9939,0.9076945167412964,0.1811289531727528,0.5188732
9939,0.9076945167412964,0.18145504087493258,0.5188732
9939,0.9076945167412964,0.18178481025006762,0.5188732
9939,0.9076945167412964,0.1821183313007252,0.5188732
9939,0.9076945167412964,0.1824556749505995,0.5188732
9939,0.9076945167412964,0.18279691305600082,0.5188732
9939,0.9076945167412964,0.18314211841808611,0.5188732
9939,0.9076945167412964,0.18349136479583275,0.5188732
9939,0.9076945167412964,0.18384472691976697,0.5188732
9939,0.9076945167412964,0.1842022805064562,0.5188732
9939,0.9076945167412964,0.18456410227378459,0.5188732
9939,0.9076945167412964,0.18493026995700368,0.5188732
9939,0.9076945167412964,0.18530086232558196,0.5188732
9939,0.9076945167412964,0.18567595920084548,0.5188732
9939,0.9076945167412964,0.18605564147443665,0.5188732
9939,0.9076945167412964,0.18643999112758117,0.5188732
9939,0.9076945167412964,0.18682909125117855,0.5188732
9939,0.9076945167412964,0.1872230260667211,0.5188732
9939,0.9076945167412964,0.18762188094804508,0.5188732
9939,0.9076945167412964,0.18802574244392709,0.5188732
9939,0.9076945167412964,0.18843469830151716,0.5188732
9939,0.9076945167412964,0.18884883749062925,0.5188732
9939,0.9076945167412964,0.18926825022888097,0.5188732
9939,0.9076945167412964,0.18969302800769544,0.5188732
9939,0.9076945167412964,0.19012326361915946,0.5188732
9939,0.9076945167412964,0.1905590511837532,0.5188732
9939,0.9076945167412964,0.19100048617893853,0.5188732
9939,0.9076945167412964,0.19144766546862896,0.5188732
9939,0.9076945167412964,0.19190068733351956,0.5188732
9939,0.9076945167412964,0.19235965150229317,0.5188732
9939,0.9076945167412964,0.19282465918370748,0.5188732
9939,0.9076945167412964,0.1932958130995438,0.5188732
9939,0.9076945167412964,0.19377321751844231,0.5188732
9939,0.9076945167412964,0.194256978290601,0.5188732
9939,0.9076945167412964,0.19474720288335623,0.5188732
9939,0.9076945167412964,0.1952440004176227,0.5188732
9939,0.9076945167412964,0.19574748170522036,0.5188732
9939,0.9076945167412964,0.19625775928705114,0.5188732
9939,0.9076945167412964,0.19677494747214982,0.5188732
9939,0.9076945167412964,0.19729916237759243,0.5188732
9939,0.9076945167412964,0.19783052196926473,0.5188732
9939,0.9076945167412964,0.1983691461034757,0.5188732
9939,0.9076945167412964,0.19891515656942815,0.5188732
9939,0.9076945167412964,0.19946867713252564,0.5188732
9939,0.9076945167412964,0.20002983357851256,0.5188732
9939,0.9076945167412964,0.20059875375845296,0.5188732
9939,0.9076945167412964,0.2011755676345222,0.5188732
9939,0.9076945167412964,0.2017604073266159,0.5188732
9939,0.9076945167412964,0.20235340715977032,0.5188732
9939,0.9076945167412964,0.20295470371236424,0.5188732
9939,0.9076945167412964,0.20356443586513004,0.5188732
9939,0.9076945167412964,0.20418274485091922,0.5188732
9939,0.9076945167412964,0.20480977430525152,0.5188732
9939,0.9076945167412964,0.20544567031760455,0.5188732
9939,0.9076945167412964,0.20609058148345594,0.5188732
9939,0.9076945167412964,0.20674465895704916,0.5188732
9939,0.9076945167412964,0.20740805650487082,0.5188732
9939,0.9076945167412964,0.20808093055983146,0.5188732
9939,0.9076945167412964,0.20876344027614327,0.5188732
9939,0.9076945167412964,0.2094557475848244,0.5188732
9939,0.9076945167412964,0.210158017249925,0.5188732
9939,0.9076945167412964,0.21087041692531827,0.5188732
9939,0.9076945167412964,0.21159311721213847,0.5188732
9939,0.9076945167412964,0.21232629171682174,0.5188732
9939,0.9076945167412964,0.2130701171096969,0.5188732
9939,0.9076945167412964,0.2138247731841464,0.5188732
9939,0.9076945167412964,0.21459044291630688,0.5188732
9939,0.9076945167412964,0.21536731252525237,0.5188732
9939,0.9076945167412964,0.21615557153365414,0.5188732
9939,0.9076945167412964,0.21695541282896721,0.5188732
9939,0.9076945167412964,0.21776703272491957,0.5188732
9939,0.9076945167412964,0.2185906310235718,0.5188732
9939,0.9076945167412964,0.21942641107755612,0.5188732
9939,0.9076945167412964,0.22027457985285312,0.5188732
9939,0.9076945167412964,0.22113534799172563,0.5188732
9939,0.9076945167412964,0.22200892987599202,0.5188732
9939,0.9076945167412964,0.22289554369061415,0.5188732
9939,0.9076945167412964,0.22379541148734622,0.5188732
9939,0.9076945167412964,0.22470875924866768,0.5188732
9939,0.9076945167412964,0.2256358169518331,0.5188732
9939,0.9076945167412964,0.22657681863301082,0.5188732
9939,0.9076945167412964,0.22753200245144106,0.5188732
9939,0.9076945167412964,0.22850161075365621,0.5188732
9939,0.9076945167412964,0.22948589013765347,0.5188732
9939,0.9076945167412964,0.23048509151697347,0.5188732
9939,0.9076945167412964,0.23149947018470873,0.5188732
9939,0.9076945167412964,0.23252928587725863,0.5188732
9939,0.9076945167412964,0.23357480283791998,0.5188732
9939,0.9076945167412964,0.234636289880186,0.5188732
9939,0.9076945167412964,0.23571402045072098,0.5188732
9939,0.9076945167412964,0.23680827269194504,0.5188732
9939,0.9076945167412964,0.23791932950417954,0.5188732
9939,0.9076945167412964,0.23904747860729736,0.5188732
9939,0.9076945167412964,0.24019301260179735,0.5188732
9939,0.9076945167412964,0.2413562290292735,0.5188732
9939,0.9076945167412964,0.24253743043218098,0.5188732
9939,0.9076945167412964,0.24373692441283545,0.5188732
9939,0.9076945167412964,0.24495502369164826,0.5188732
9939,0.9076945167412964,0.24619204616437637,0.5188732
9939,0.9076945167412964,0.24744831495845648,0.5188732
9939,0.9076945167412964,0.24872415848829707,0.5188732
9939,0.9076945167412964,0.250019910509438,0.5188732
9939,0.9076945167412964,0.25133591017151813,0.5188732
9939,0.9076945167412964,0.2526725020699604,0.5188732
9939,0.9076945167412964,0.25403003629629145,0.5188732
9939,0.9076945167412964,0.25540886848701727,0.5188732
9939,0.9076945167412964,0.2568093598709632,0.5188732
9939,0.9076945167412964,0.2582318773149914,0.5188732
9939,0.9076945167412964,0.25967679336798677,0.5188732
9939,0.9076945167412964,0.2611444863030623,0.5188732
9939,0.9076945167412964,0.26263534015782164,0.5188732
9939,0.9076945167412964,0.26414974477264586,0.5188732
9939,0.9076945167412964,0.26568809582686087,0.5188732
9939,0.9076945167412964,0.2672507948727015,0.5188732
9939,0.9076945167412964,0.26883824936696343,0.5188732
9939,0.9076945167412964,0.2704508727002322,0.5188732
9939,0.9076945167412964,0.27208908422359507,0.5188732
9939,0.9076945167412964,0.2737533092727019,0.5188732
9939,0.9076945167412964,0.2754439791890802,0.5188732
9939,0.9076945167412964,0.2771615313385885,0.5188732
9939,0.9076945167412964,0.27890640912687675,0.5188732
9939,0.9076945167412964,0.28067906201175297,0.5188732
9939,0.9076945167412964,0.2824799455123178,0.5188732
9939,0.9076945167412964,0.28430952121476577,0.5188732
9939,0.9076945167412964,0.2861682567747053,0.5188732
9939,0.9076945167412964,0.28805662591588244,0.5188732
9939,0.9076945167412964,0.2899751084251908,0.5188732
9939,0.9076945167412964,0.29192419014381144,0.5188732
9939,0.9076945167412964,0.2939043629543834,0.5188732
9939,0.9076945167412964,0.2959161247640403,0.5188732
9939,0.9076945167412964,0.2979599794832107,0.5188732
9939,0.9076945167412964,0.3000364370000158,0.5188732
9939,0.9076945167412964,0.3021460131501515,0.5188732
9939,0.9076945167412964,0.30428922968211375,0.5188732
9939,0.9076945167412964,0.3064666142176022,0.5188732
9939,0.9076945167412964,0.30867870020700744,0.5188732
9939,0.9076945167412964,0.31092602687979604,0.5188732
9939,0.9076945167412964,0.3132091391896921,0.5188732
9939,0.9076945167412964,0.3155285877544743,0.5188732
9939,0.9076945167412964,0.31788492879027963,0.5188732
9939,0.9076945167412964,0.32027872404024843,0.5188732
9939,0.9076945167412964,0.32271054069738264,0.5188732
9939,0.9076945167412964,0.3251809513214636,0.5188732
9939,0.9076945167412964,0.32769053374988966,0.5188732
9939,0.9076945167412964,0.33023987100229624,0.5188732
9939,0.9076945167412964,0.332829551178804,0.5188732
9939,0.9076945167412964,0.33546016735177336,0.5188732
9939,0.9076945167412964,0.3381323174508965,0.5188732
9939,0.9076945167412964,0.34084660414151485,0.5188732
9939,0.9076945167412964,0.34360363469600297,0.5188732
9939,0.9076945167412964,0.3464040208580899,0.5188732
9939,0.9076945167412964,0.349248378699991,0.5188732
9939,0.9076945167412964,0.3521373284721778,0.5188732
9939,0.9076945167412964,0.3550714944457184,0.5188732
9939,0.9076945167412964,0.35805150474698894,0.5188732
9939,0.9076945167412964,0.36107799118467454,0.5188732
9939,0.9076945167412964,0.3641515890689148,0.5188732
9939,0.9076945167412964,0.36727293702247676,0.5188732
9939,0.9076945167412964,0.37044267678383386,0.5188732
9939,0.9076945167412964,0.373661453002023,0.5188732
9939,0.9076945167412964,0.3769299130231953,0.5188732
9939,0.9076945167412964,0.3802487066687249,0.5188732
9939,0.9076945167412964,0.3836184860047697,0.5188732
9939,0.9076945167412964,0.38703990510320185,0.5188732
9939,0.9076945167412964,0.3905136197938014,0.5188732
9939,0.9076945167412964,0.3940402874076067,0.5188732
9939,0.9076945167412964,0.3976205665113573,0.5188732
9939,0.9076945167412964,0.4012551166329362,0.5188732
9939,0.9076945167412964,0.4049445979777316,0.5188732
9939,0.9076945167412964,0.40868967113585186,0.5188732
9939,0.9076945167412964,0.4124909967801188,0.5188732
9939,0.9076945167412964,0.41634923535480967,0.5188732
9939,0.9076945167412964,0.4202650467550548,0.5188732
9939,0.9076945167412964,0.4242390899968675,0.5188732
9939,0.9076945167412964,0.4282720228777734,0.5188732
9939,0.9076945167412964,0.43236450162799944,0.5188732
9939,0.9076945167412964,0.4365171805521846,0.5188732
9939,0.9076945167412964,0.4407307116616344,0.5188732
9939,0.9076945167412964,0.4450057442970635,0.5188732
9939,0.9076945167412964,0.44934292474186904,0.5188732
9939,0.9076945167412964,0.4537428958259238,0.5188732
9939,0.9076945167412964,0.45820629651989714,0.5188732
9939,0.9076945167412964,0.46273376152016743,0.5188732
9939,0.9076945167412964,0.4673259208243137,0.5188732
9939,0.9076945167412964,0.47198339929727623,0.5188732
9939,0.9076945167412964,0.47670681622821887,0.5188732
9939,0.9076945167412964,0.48149678487815606,0.5188732
9939,0.9076945167412964,0.4863539120184527,0.5188732
9939,0.9076945167412964,0.49127879746023084,0.5188732
9939,0.9076945167412964,0.4962720335748399,0.5188732
9939,0.9076945167412964,0.5013342048054538,0.5188732
9939,0.9076945167412964,0.5064658871699423,0.5188732
9939,0.9076945167412964,0.511667647755129,0.5188732
9939,0.9076945167412964,0.5169400442026039,0.5188732
9939,0.9076945167412964,0.5222836241862211,0.5188732
9939,0.9076945167412964,0.527698924881454,0.5188732
9939,0.9076945167412964,0.5331864724268127,0.5188732
9939,0.9076945167412964,0.538746781377466,0.5188732
9939,0.9076945167412964,0.5443803541513305,0.5188732
9939,0.9076945167412964,0.5500876804677931,0.5188732
9939,0.9076945167412964,0.5558692367793195,0.5188732
9939,0.9076945167412964,0.5617254856962054,0.5188732
9939,0.9076945167412964,0.5676568754046886,0.5188732
9939,0.9076945167412964,0.5736638390787113,0.5188732
9939,0.9076945167412964,0.5797467942856364,0.5188732
9939,0.9076945167412964,0.5859061423861499,0.5188732
9939,0.9076945167412964,0.5921422679287365,0.5188732
9939,0.9076945167412964,0.5984555380389749,0.5188732
9939,0.9076945167412964,0.6048463018040502,0.5188732
9939,0.9076945167412964,0.6113148896527575,0.5188732
9939,0.9076945167412964,0.617861612731448,0.5188732
9939,0.9076945167412964,0.6244867622762195,0.5188732
9939,0.9076945167412964,0.631190608981746,0.5188732
9939,0.9076945167412964,0.6379734023672085,0.5188732
9939,0.9076945167412964,0.6448353701396363,0.5188732
9939,0.9076945167412964,0.6517767175551799,0.5188732
9939,0.9076945167412964,0.6587976267786982,0.5188732
9939,0.9076945167412964,0.6658982562421469,0.5188732
9939,0.9076945167412964,0.6730787400021803,0.5188732
9939,0.9076945167412964,0.6803391870974975,0.5188732
9939,0.9076945167412964,0.6876796809063922,0.5188732
9939,0.9076945167412964,0.6951002785050031,0.5188732
9939,0.9076945167412964,0.7026010100268075,0.5188732
9939,0.9076945167412964,0.7101818780238054,0.5188732
9939,0.9076945167412964,0.7178428568300437,0.5188732
9939,0.9076945167412964,0.7255838919279116,0.5188732
9939,0.9076945167412964,0.7334048993178298,0.5188732
9939,0.9076945167412964,0.7413057648918738,0.5188732
9939,0.9076945167412964,0.7492863438119242,0.5188732
9939,0.9076945167412964,0.7573464598928885,0.5188732
9939,0.9076945167412964,0.765485904991646,0.5188732
9939,0.9076945167412964,0.7737044384022574,0.5188732
9939,0.9076945167412964,0.7820017862581129,0.5188732
9939,0.9076945167412964,0.7903776409415564,0.5188732
9939,0.9076945167412964,0.7988316605016981,0.5188732
9939,0.9076945167412964,0.8073634680809734,0.5188732
9939,0.9076945167412964,0.8159726513511494,0.5188732
9939,0.9076945167412964,0.8246587619593507,0.5188732
9939,0.9076945167412964,0.8334213149848396,0.5188732
9939,0.9076945167412964,0.8422597884071064,0.5188732
9939,0.9076945167412964,0.8511736225860304,0.5188732
9939,0.9076945167412964,0.8601622197546873,0.5188732
9939,0.9076945167412964,0.8692249435255015,0.5188732
9939,0.9076945167412964,0.8783611184104234,0.5188732
9939,0.9076945167412964,0.8875700293557695,0.5188732
9939,0.9076945167412964,0.8968509212924172,0.5188732
9939,0.9076945167412964,0.9062029987019959,0.5188732
9939,0.9076945167412964,0.9156254251997616,0.5188732
9939,0.9076945167412964,0.9251173231348295,0.5188732
9939,0.9076945167412964,0.9346777732084023,0.5188732
9939,0.9076945167412964,0.9443058141106818,0.5188732
9939,0.9076945167412964,0.9540004421770886,0.5188732
9939,0.9076945167412964,0.96376061106447,0.5188732
9939,0.9076945167412964,0.9735852314479668,0.5188732
9939,0.9076945167412964,0.983473170739098,0.5188732
9939,0.9076945167412964,0.9934232528258142,0.5188732
9939,0.9076945167412964,1.0034342578350368,0.5188732
9939,0.9076945167412964,1.0135049219183894,0.5188732
9939,0.9076945167412964,1.0236339370616696,0.5188732
9939,0.9076945167412964,1.0338199509187216,0.5188732
9939,0.9076945167412964,1.044061566670236,0.5188732
9939,0.9076945167412964,1.054357342908117,0.5188732
9939,0.9076945167412964,1.0647057935459427,0.5188732
9939,0.9076945167412964,1.0751053877560663,0.5188732
9939,0.9076945167412964,1.0855545499339698,0.5188732
9939,0.9076945167412964,1.0960516596902574,0.5188732
9939,0.9076945167412964,1.1065950518709893,0.5188732
9939,0.9076945167412964,1.1171830166066334,0.5188732
9939,0.9076945167412964,1.1278137993902844,0.5188732
9939,0.9076945167412964,1.1384856011855304,0.5188732
9939,0.9076945167412964,1.149196578564378,0.5188732
9939,0.9076945167412964,1.1599448438757585,0.5188732
9939,0.9076945167412964,1.1707284654448875,0.5188732
9939,0.9076945167412964,1.1815454678039228,0.5188732
9939,0.9076945167412964,1.192393831954298,0.5188732
9939,0.9076945167412964,1.2032714956610022,0.5188732
9939,0.9076945167412964,1.2141763537791674,0.5188732
9939,0.9076945167412964,1.2251062586131873,0.5188732
9939,0.9076945167412964,1.236059020308709,0.5188732
9939,0.9076945167412964,1.2470324072776682,0.5188732
9939,0.9076945167412964,1.258024146656566,0.5188732
9939,0.9076945167412964,1.2690319247982655,0.5188732
9939,0.9076945167412964,1.280053387797308,0.5188732
9939,0.9076945167412964,1.29108614204902,0.5188732
9939,0.9076945167412964,1.3021277548424233,0.5188732
9939,0.9076945167412964,1.3131757549870227,0.5188732
9939,0.9076945167412964,1.324227633473549,0.5188732
9939,0.9076945167412964,1.335280844168632,0.5188732
9939,0.9076945167412964,1.3463328045433434,0.5188732
9939,0.9076945167412964,1.3573808964356702,0.5188732
9939,0.9076945167412964,1.3684224668466984,0.5188732
9939,0.9076945167412964,1.3794548287704487,0.5188732
9939,0.9076945167412964,1.3904752620572816,0.5188732
9939,0.9076945167412964,1.4014810143105123,0.5188732
9939,0.9076945167412964,1.4124693018162122,0.5188732
9939,0.9076945167412964,1.4234373105058131,0.5188732
9939,0.9076945167412964,1.4343821969513038,0.5188732
9939,0.9076945167412964,1.4453010893926415,0.5188732
9939,0.9076945167412964,1.4561910887971188,0.5188732
9939,0.9076945167412964,1.4670492699501654,0.5188732
9939,0.9076945167412964,1.4778726825773394,0.5188732
9939,0.9076945167412964,1.4886583524968786,0.5188732
9939,0.9076945167412964,1.499403282802446,0.5188732
9939,0.9076945167412964,1.5101044550755423,0.5188732
9939,0.9076945167412964,1.5207588306269262,0.5188732
9939,0.9076945167412964,1.5313633517666136,0.5188732
9939,0.9076945167412964,1.5419149431017098,0.5188732
9939,0.9076945167412964,1.5524105128614547,0.5188732
9939,0.9076945167412964,1.5628469542488483,0.5188732
9939,0.9076945167412964,1.5732211468180515,0.5188732
9939,0.9076945167412964,1.5835299578768776,0.5188732
9939,0.9076945167412964,1.593770243913537,0.5188732
9939,0.9076945167412964,1.6039388520469096,0.5188732
9939,0.9076945167412964,1.6140326214993663,0.5188732
9939,0.9076945167412964,1.6240483850913805,0.5188732
9939,0.9076945167412964,1.6339829707569753,0.5188732
9939,0.9076945167412964,1.6438332030790894,0.5188732
9939,0.9076945167412964,1.6535959048438351,0.5188732
9939,0.9076945167412964,1.6632678986127596,0.5188732
9939,0.9076945167412964,1.6728460083120231,0.5188732
9939,0.9076945167412964,1.6823270608374346,0.5188732
9939,0.9076945167412964,1.691707887674381,0.5188732
9939,0.9076945167412964,1.700985326531348,0.5188732
9939,0.9076945167412964,1.7101562229861889,0.5188732
9939,0.9076945167412964,1.719217432143738,0.5188732
9939,0.9076945167412964,1.7281658203037675,0.5188732
9939,0.9076945167412964,1.7369982666380754,0.5188732
9939,0.9076945167412964,1.745711664875402,0.5188732
9939,0.9076945167412964,1.754302924993101,0.5188732
9939,0.9076945167412964,1.762768974914227,0.5188732
9939,0.9076945167412964,1.7711067622087662,0.5188732
9939,0.9076945167412964,1.7793132557978144,0.5188732
9939,0.9076945167412964,1.7873854476593638,0.5188732
9939,0.9076945167412964,1.7953203545343657,0.5188732
9939,0.9076945167412964,1.8031150196318428,0.5188732
9939,0.9076945167412964,1.8107665143316396,0.5188732
9939,0.9076945167412964,1.818271939883544,0.5188732
9939,0.9076945167412964,1.8256284291013871,0.5188732
9939,0.9076945167412964,1.8328331480507947,0.5188732
9939,0.9076945167412964,1.839883297729241,0.5188732
9939,0.9076945167412964,1.8467761157370717,0.5188732
9939,0.9076945167412964,1.8535088779380164,0.5188732
9939,0.9076945167412964,1.8600789001080402,0.5188732
9939,0.9076945167412964,1.866483539570967,0.5188732
9939,0.9076945167412964,1.872720196819601,0.5188732
9939,0.9076945167412964,1.8787863171210342,0.5188732
9939,0.9076945167412964,1.88467939210469,0.5188732
9939,0.9076945167412964,1.8903969613318614,0.5188732
9939,0.9076945167412964,1.8959366138452638,0.5188732
9939,0.9076945167412964,1.9012959896974782,0.5188732
9939,0.9076945167412964,1.9064727814567346,0.5188732
9939,0.9076945167412964,1.9114647356888825,0.5188732
9939,0.9076945167412964,1.9162696544142375,0.5188732
9939,0.9076945167412964,1.920885396537933,0.5188732
9939,0.9076945167412964,1.9253098792526233,0.5188732
9939,0.9076945167412964,1.929541079412211,0.5188732
9939,0.9076945167412964,1.9335770348754244,0.5188732
9939,0.9076945167412964,1.9374158458179964,0.5188732
9939,0.9076945167412964,1.9410556760122772,0.5188732
9939,0.9076945167412964,1.944494754073115,0.5188732
9939,0.9076945167412964,1.9477313746688771,0.5188732
9939,0.9076945167412964,1.9507638996964582,0.5188732
9939,0.9076945167412964,1.9535907594192439,0.5188732
9939,0.9076945167412964,1.9562104535669453,0.5188732
9939,0.9076945167412964,1.9586215523962247,0.5188732
9939,0.9076945167412964,1.960822697711234,0.5188732
9939,0.9076945167412964,1.9628126038429994,0.5188732
9939,0.9076945167412964,1.9645900585866767,0.5188732
9939,0.9076945167412964,1.9661539240959685,0.5188732
9939,0.9076945167412964,1.9675031377336445,0.5188732
9939,0.9076945167412964,1.9686367128773974,0.5188732
9939,0.9076945167412964,1.9695537396803076,0.5188732
9939,0.9076945167412964,1.9702533857850437,0.5188732
9939,0.9076945167412964,1.9707348969912322,0.5188732
9939,0.9076945167412964,1.9709975978751553,0.5188732
9939,0.9076945167412964,1.9710408923612854,0.5188732
9939,0.9076945167412964,1.9708642642450163,0.5188732
9939,0.9076945167412964,1.9704672776659555,0.5188732
9939,0.9076945167412964,1.9698495775314562,0.5188732
9939,0.9076945167412964,1.9690108898897545,0.5188732
9939,0.9076945167412964,1.967951022252351,0.5188732
9939,0.9076945167412964,1.9666698638653144,0.5188732
9939,0.9076945167412964,1.9651673859291008,0.5188732
9939,0.9076945167412964,1.9634436417666716,0.5188732
9939,0.9076945167412964,1.9614987669396118,0.5188732
9939,0.9076945167412964,1.9593329793121,0.5188732
9939,0.9076945167412964,1.9569465790625935,0.5188732
9939,0.9076945167412964,1.954339948643115,0.5188732
9939,0.9076945167412964,1.9515135526860916,0.5188732
9939,0.9076945167412964,1.948467937858722,0.5188732
9939,0.9076945167412964,1.9452037326649811,0.5188732
9939,0.9076945167412964,1.9417216471953331,0.5188732
9939,0.9076945167412964,1.9380224728242417,0.5188732
9939,0.9076945167412964,1.9341070818557056,0.5188732
9939,0.9076945167412964,1.9299764271170992,0.5188732
9939,0.9076945167412964,1.9256315415015535,0.5188732
9939,0.9076945167412964,1.9210735374591221,0.5188732
9939,0.9076945167412964,1.9163036064373484,0.5188732
9939,0.9076945167412964,1.9113230182713623,0.5188732
9939,0.9076945167412964,1.906133120524228,0.5188732
9939,0.9076945167412964,1.9007353377778657,0.5188732
9939,0.9076945167412964,1.895131170875222,0.5188732
9939,0.9076945167412964,1.8893221961142563,0.5188732
9939,0.9076945167412964,1.8833100643943643,0.5188732
9939,0.9076945167412964,1.8770965003159423,0.5188732
9939,0.9076945167412964,1.8706833012338673,0.5188732
9939,0.9076945167412964,1.8640723362655593,0.5188732
9939,0.9076945167412964,1.8572655452545361,0.5188732
