emdb_id,threshold,f1_score,optimal_threshold,optimal_f1_score
0257,0.0,0.6325847409158502,0.393939393939394,0.9444640022088769
0257,0.010101010101010102,0.795686923518854,0.393939393939394,0.9444640022088769
0257,0.020202020202020204,0.8211660117683388,0.393939393939394,0.9444640022088769
0257,0.030303030303030304,0.8350664364190928,0.393939393939394,0.9444640022088769
0257,0.04040404040404041,0.8453785880958014,0.393939393939394,0.9444640022088769
0257,0.05050505050505051,0.8542856467892346,0.393939393939394,0.9444640022088769
0257,0.06060606060606061,0.8616519393821991,0.393939393939394,0.9444640022088769
0257,0.07070707070707072,0.8680207849800128,0.393939393939394,0.9444640022088769
0257,0.08080808080808081,0.8737057158855309,0.393939393939394,0.9444640022088769
0257,0.09090909090909091,0.8790120447048247,0.393939393939394,0.9444640022088769
0257,0.10101010101010102,0.8840294327839991,0.393939393939394,0.9444640022088769
0257,0.11111111111111112,0.888711611191949,0.393939393939394,0.9444640022088769
0257,0.12121212121212122,0.893052535514902,0.393939393939394,0.9444640022088769
0257,0.13131313131313133,0.8971232464101055,0.393939393939394,0.9444640022088769
0257,0.14141414141414144,0.9011105915728097,0.393939393939394,0.9444640022088769
0257,0.15151515151515152,0.9048556430446194,0.393939393939394,0.9444640022088769
0257,0.16161616161616163,0.9085734580174215,0.393939393939394,0.9444640022088769
0257,0.17171717171717174,0.911892862434461,0.393939393939394,0.9444640022088769
0257,0.18181818181818182,0.9149387755102041,0.393939393939394,0.9444640022088769
0257,0.19191919191919193,0.9178372886369555,0.393939393939394,0.9444640022088769
0257,0.20202020202020204,0.9205602950008718,0.393939393939394,0.9444640022088769
0257,0.21212121212121213,0.9231974108353169,0.393939393939394,0.9444640022088769
0257,0.22222222222222224,0.9255644777888492,0.393939393939394,0.9444640022088769
0257,0.23232323232323235,0.9276712597459913,0.393939393939394,0.9444640022088769
0257,0.24242424242424243,0.9298054454275737,0.393939393939394,0.9444640022088769
0257,0.25252525252525254,0.9318962052174142,0.393939393939394,0.9444640022088769
0257,0.26262626262626265,0.9336366431799921,0.393939393939394,0.9444640022088769
0257,0.27272727272727276,0.9352087529908375,0.393939393939394,0.9444640022088769
0257,0.2828282828282829,0.9367039283829037,0.393939393939394,0.9444640022088769
0257,0.29292929292929293,0.9381048494893868,0.393939393939394,0.9444640022088769
0257,0.30303030303030304,0.9394684816564297,0.393939393939394,0.9444640022088769
0257,0.31313131313131315,0.9404283531557727,0.393939393939394,0.9444640022088769
0257,0.32323232323232326,0.9413812489553771,0.393939393939394,0.9444640022088769
0257,0.33333333333333337,0.9422577869324534,0.393939393939394,0.9444640022088769
0257,0.3434343434343435,0.943040900685304,0.393939393939394,0.9444640022088769
0257,0.3535353535353536,0.9434911974082442,0.393939393939394,0.9444640022088769
0257,0.36363636363636365,0.9438842965311879,0.393939393939394,0.9444640022088769
0257,0.37373737373737376,0.944189222107477,0.393939393939394,0.9444640022088769
0257,0.38383838383838387,0.9443792561190045,0.393939393939394,0.9444640022088769
0257,0.393939393939394,0.9444640022088769,0.393939393939394,0.9444640022088769
0257,0.4040404040404041,0.9443722475536214,0.393939393939394,0.9444640022088769
0257,0.4141414141414142,0.9441040563731231,0.393939393939394,0.9444640022088769
0257,0.42424242424242425,0.9436849558630623,0.393939393939394,0.9444640022088769
0257,0.43434343434343436,0.9430390014076719,0.393939393939394,0.9444640022088769
0257,0.4444444444444445,0.942371197492514,0.393939393939394,0.9444640022088769
0257,0.4545454545454546,0.9414721408653255,0.393939393939394,0.9444640022088769
0257,0.4646464646464647,0.940509516507941,0.393939393939394,0.9444640022088769
0257,0.4747474747474748,0.939417875605645,0.393939393939394,0.9444640022088769
0257,0.48484848484848486,0.9383138579030176,0.393939393939394,0.9444640022088769
0257,0.494949494949495,0.9371584554164119,0.393939393939394,0.9444640022088769
0257,0.5050505050505051,0.9358183278714163,0.393939393939394,0.9444640022088769
0257,0.5151515151515152,0.9344650851130565,0.393939393939394,0.9444640022088769
0257,0.5252525252525253,0.9329292265023552,0.393939393939394,0.9444640022088769
0257,0.5353535353535354,0.9313524314734003,0.393939393939394,0.9444640022088769
0257,0.5454545454545455,0.9297144982828923,0.393939393939394,0.9444640022088769
0257,0.5555555555555556,0.9279331884355728,0.393939393939394,0.9444640022088769
0257,0.5656565656565657,0.9261634106229557,0.393939393939394,0.9444640022088769
0257,0.5757575757575758,0.9242400897626691,0.393939393939394,0.9444640022088769
0257,0.5858585858585859,0.9223601355380073,0.393939393939394,0.9444640022088769
0257,0.595959595959596,0.9202949675043526,0.393939393939394,0.9444640022088769
0257,0.6060606060606061,0.9182868279697676,0.393939393939394,0.9444640022088769
0257,0.6161616161616162,0.9159946667938225,0.393939393939394,0.9444640022088769
0257,0.6262626262626263,0.913740229111132,0.393939393939394,0.9444640022088769
0257,0.6363636363636365,0.9111878172588832,0.393939393939394,0.9444640022088769
0257,0.6464646464646465,0.9085871242218653,0.393939393939394,0.9444640022088769
0257,0.6565656565656566,0.9059052008511668,0.393939393939394,0.9444640022088769
0257,0.6666666666666667,0.9029528939554455,0.393939393939394,0.9444640022088769
0257,0.6767676767676768,0.8999700497922204,0.393939393939394,0.9444640022088769
0257,0.686868686868687,0.8965930703712892,0.393939393939394,0.9444640022088769
0257,0.696969696969697,0.8929761026324282,0.393939393939394,0.9444640022088769
0257,0.7070707070707072,0.8890746236974871,0.393939393939394,0.9444640022088769
0257,0.7171717171717172,0.8851129605799175,0.393939393939394,0.9444640022088769
0257,0.7272727272727273,0.8808987388738224,0.393939393939394,0.9444640022088769
0257,0.7373737373737375,0.8761393648389416,0.393939393939394,0.9444640022088769
0257,0.7474747474747475,0.8711070574890775,0.393939393939394,0.9444640022088769
0257,0.7575757575757577,0.8657622929797703,0.393939393939394,0.9444640022088769
0257,0.7676767676767677,0.8601333143126261,0.393939393939394,0.9444640022088769
0257,0.7777777777777778,0.8538800485264133,0.393939393939394,0.9444640022088769
0257,0.787878787878788,0.8471255519031382,0.393939393939394,0.9444640022088769
0257,0.797979797979798,0.8397414181350061,0.393939393939394,0.9444640022088769
0257,0.8080808080808082,0.8317977622815573,0.393939393939394,0.9444640022088769
0257,0.8181818181818182,0.8232297998442447,0.393939393939394,0.9444640022088769
0257,0.8282828282828284,0.8135230140546805,0.393939393939394,0.9444640022088769
0257,0.8383838383838385,0.8030084662010806,0.393939393939394,0.9444640022088769
0257,0.8484848484848485,0.7912596625565924,0.393939393939394,0.9444640022088769
0257,0.8585858585858587,0.7782944888974852,0.393939393939394,0.9444640022088769
0257,0.8686868686868687,0.7635154115273628,0.393939393939394,0.9444640022088769
0257,0.8787878787878789,0.7471105963849836,0.393939393939394,0.9444640022088769
0257,0.888888888888889,0.7280833136260522,0.393939393939394,0.9444640022088769
0257,0.8989898989898991,0.7061905504444098,0.393939393939394,0.9444640022088769
0257,0.9090909090909092,0.680446241934018,0.393939393939394,0.9444640022088769
0257,0.9191919191919192,0.6498668991572217,0.393939393939394,0.9444640022088769
0257,0.9292929292929294,0.6128135301705604,0.393939393939394,0.9444640022088769
0257,0.9393939393939394,0.5680184456801844,0.393939393939394,0.9444640022088769
0257,0.9494949494949496,0.512749587648933,0.393939393939394,0.9444640022088769
0257,0.9595959595959597,0.44197658725580424,0.393939393939394,0.9444640022088769
0257,0.9696969696969697,0.34656901966702447,0.393939393939394,0.9444640022088769
0257,0.9797979797979799,0.21058340626425234,0.393939393939394,0.9444640022088769
0257,0.98989898989899,0.053088443858819744,0.393939393939394,0.9444640022088769
0257,1.0,0.0,0.393939393939394,0.9444640022088769
4032,0.0,0.3897554426805807,0.29292929292929293,0.8590388277910362
4032,0.010101010101010102,0.4675143335025338,0.29292929292929293,0.8590388277910362
4032,0.020202020202020204,0.5254668418931996,0.29292929292929293,0.8590388277910362
4032,0.030303030303030304,0.5703580495491553,0.29292929292929293,0.8590388277910362
4032,0.04040404040404041,0.6086687937153903,0.29292929292929293,0.8590388277910362
4032,0.05050505050505051,0.6421069708062663,0.29292929292929293,0.8590388277910362
4032,0.06060606060606061,0.6711754596372359,0.29292929292929293,0.8590388277910362
4032,0.07070707070707072,0.6962280753817212,0.29292929292929293,0.8590388277910362
4032,0.08080808080808081,0.7185595374917286,0.29292929292929293,0.8590388277910362
4032,0.09090909090909091,0.7380058787385622,0.29292929292929293,0.8590388277910362
4032,0.10101010101010102,0.7554083080271426,0.29292929292929293,0.8590388277910362
4032,0.11111111111111112,0.7704329047971795,0.29292929292929293,0.8590388277910362
4032,0.12121212121212122,0.7835245978811705,0.29292929292929293,0.8590388277910362
4032,0.13131313131313133,0.7948860647551669,0.29292929292929293,0.8590388277910362
4032,0.14141414141414144,0.8051935547991155,0.29292929292929293,0.8590388277910362
4032,0.15151515151515152,0.8142050963017233,0.29292929292929293,0.8590388277910362
4032,0.16161616161616163,0.8219179399868218,0.29292929292929293,0.8590388277910362
4032,0.17171717171717174,0.8286332928026634,0.29292929292929293,0.8590388277910362
4032,0.18181818181818182,0.8342951794631993,0.29292929292929293,0.8590388277910362
4032,0.19191919191919193,0.839070291271194,0.29292929292929293,0.8590388277910362
4032,0.20202020202020204,0.8432013259132498,0.29292929292929293,0.8590388277910362
4032,0.21212121212121213,0.8468263328346957,0.29292929292929293,0.8590388277910362
4032,0.22222222222222224,0.8498153643654085,0.29292929292929293,0.8590388277910362
4032,0.23232323232323235,0.8523442214715287,0.29292929292929293,0.8590388277910362
4032,0.24242424242424243,0.8543590837782866,0.29292929292929293,0.8590388277910362
4032,0.25252525252525254,0.8558727674282924,0.29292929292929293,0.8590388277910362
4032,0.26262626262626265,0.8572326608456616,0.29292929292929293,0.8590388277910362
4032,0.27272727272727276,0.8580830345246931,0.29292929292929293,0.8590388277910362
4032,0.2828282828282829,0.8587772034159226,0.29292929292929293,0.8590388277910362
4032,0.29292929292929293,0.8590388277910362,0.29292929292929293,0.8590388277910362
4032,0.30303030303030304,0.8590069235636386,0.29292929292929293,0.8590388277910362
4032,0.31313131313131315,0.8588305001109808,0.29292929292929293,0.8590388277910362
4032,0.32323232323232326,0.8585220573174716,0.29292929292929293,0.8590388277910362
4032,0.33333333333333337,0.8581212889526565,0.29292929292929293,0.8590388277910362
4032,0.3434343434343435,0.857100731414622,0.29292929292929293,0.8590388277910362
4032,0.3535353535353536,0.8561611187635352,0.29292929292929293,0.8590388277910362
4032,0.36363636363636365,0.8549270400030184,0.29292929292929293,0.8590388277910362
4032,0.37373737373737376,0.8535061802376518,0.29292929292929293,0.8590388277910362
4032,0.38383838383838387,0.8518342721528037,0.29292929292929293,0.8590388277910362
4032,0.393939393939394,0.8501291197633698,0.29292929292929293,0.8590388277910362
4032,0.4040404040404041,0.8483397995629277,0.29292929292929293,0.8590388277910362
4032,0.4141414141414142,0.8463405288031678,0.29292929292929293,0.8590388277910362
4032,0.42424242424242425,0.8443342376771007,0.29292929292929293,0.8590388277910362
4032,0.43434343434343436,0.8421225466337499,0.29292929292929293,0.8590388277910362
4032,0.4444444444444445,0.8395538589394227,0.29292929292929293,0.8590388277910362
4032,0.4545454545454546,0.8370142180094787,0.29292929292929293,0.8590388277910362
4032,0.4646464646464647,0.8343228848336681,0.29292929292929293,0.8590388277910362
4032,0.4747474747474748,0.8312091874793069,0.29292929292929293,0.8590388277910362
4032,0.48484848484848486,0.8280887591638886,0.29292929292929293,0.8590388277910362
4032,0.494949494949495,0.8249484253618283,0.29292929292929293,0.8590388277910362
4032,0.5050505050505051,0.8216782438103953,0.29292929292929293,0.8590388277910362
4032,0.5151515151515152,0.8180599052927399,0.29292929292929293,0.8590388277910362
4032,0.5252525252525253,0.814098787253891,0.29292929292929293,0.8590388277910362
4032,0.5353535353535354,0.8099035192539864,0.29292929292929293,0.8590388277910362
4032,0.5454545454545455,0.8059094930585988,0.29292929292929293,0.8590388277910362
4032,0.5555555555555556,0.8017340992410199,0.29292929292929293,0.8590388277910362
4032,0.5656565656565657,0.7967728113536844,0.29292929292929293,0.8590388277910362
4032,0.5757575757575758,0.7920161576760519,0.29292929292929293,0.8590388277910362
4032,0.5858585858585859,0.7870421249292,0.29292929292929293,0.8590388277910362
4032,0.595959595959596,0.7817626130166246,0.29292929292929293,0.8590388277910362
4032,0.6060606060606061,0.7763626143215303,0.29292929292929293,0.8590388277910362
4032,0.6161616161616162,0.7703215622856233,0.29292929292929293,0.8590388277910362
4032,0.6262626262626263,0.7644378872313177,0.29292929292929293,0.8590388277910362
4032,0.6363636363636365,0.7582491259997127,0.29292929292929293,0.8590388277910362
4032,0.6464646464646465,0.7516981099012785,0.29292929292929293,0.8590388277910362
4032,0.6565656565656566,0.7448390197444421,0.29292929292929293,0.8590388277910362
4032,0.6666666666666667,0.7375219730463963,0.29292929292929293,0.8590388277910362
4032,0.6767676767676768,0.7298723936800231,0.29292929292929293,0.8590388277910362
4032,0.686868686868687,0.7219324028104732,0.29292929292929293,0.8590388277910362
4032,0.696969696969697,0.7133675364040526,0.29292929292929293,0.8590388277910362
4032,0.7070707070707072,0.7045601467433886,0.29292929292929293,0.8590388277910362
4032,0.7171717171717172,0.6954722279768892,0.29292929292929293,0.8590388277910362
4032,0.7272727272727273,0.6856003731663678,0.29292929292929293,0.8590388277910362
4032,0.7373737373737375,0.6753763999457105,0.29292929292929293,0.8590388277910362
4032,0.7474747474747475,0.6648307174596881,0.29292929292929293,0.8590388277910362
4032,0.7575757575757577,0.6531791356866257,0.29292929292929293,0.8590388277910362
4032,0.7676767676767677,0.641055227820167,0.29292929292929293,0.8590388277910362
4032,0.7777777777777778,0.6278730957318168,0.29292929292929293,0.8590388277910362
4032,0.787878787878788,0.6135582155049909,0.29292929292929293,0.8590388277910362
4032,0.797979797979798,0.5983790693922131,0.29292929292929293,0.8590388277910362
4032,0.8080808080808082,0.5822241758241758,0.29292929292929293,0.8590388277910362
4032,0.8181818181818182,0.5649981308126006,0.29292929292929293,0.8590388277910362
4032,0.8282828282828284,0.5466261636250738,0.29292929292929293,0.8590388277910362
4032,0.8383838383838385,0.5268234316750309,0.29292929292929293,0.8590388277910362
4032,0.8484848484848485,0.5051125395108085,0.29292929292929293,0.8590388277910362
4032,0.8585858585858587,0.4817182402745564,0.29292929292929293,0.8590388277910362
4032,0.8686868686868687,0.45474116062932096,0.29292929292929293,0.8590388277910362
4032,0.8787878787878789,0.4244913938953285,0.29292929292929293,0.8590388277910362
4032,0.888888888888889,0.39098195362441374,0.29292929292929293,0.8590388277910362
4032,0.8989898989898991,0.353617224013305,0.29292929292929293,0.8590388277910362
4032,0.9090909090909092,0.31253014719320266,0.29292929292929293,0.8590388277910362
4032,0.9191919191919192,0.2685971626627319,0.29292929292929293,0.8590388277910362
4032,0.9292929292929294,0.22393834568921203,0.29292929292929293,0.8590388277910362
4032,0.9393939393939394,0.1761122787019556,0.29292929292929293,0.8590388277910362
4032,0.9494949494949496,0.126908111343909,0.29292929292929293,0.8590388277910362
4032,0.9595959595959597,0.0833469454426658,0.29292929292929293,0.8590388277910362
4032,0.9696969696969697,0.04446327075513952,0.29292929292929293,0.8590388277910362
4032,0.9797979797979799,0.01736853036324659,0.29292929292929293,0.8590388277910362
4032,0.98989898989899,0.0038065263851821923,0.29292929292929293,0.8590388277910362
4032,1.0,0.0,0.29292929292929293,0.8590388277910362
4272,0.0,0.18206266712795097,0.9393939393939394,0.6402505029106096
4272,0.010101010101010102,0.30169960594167805,0.9393939393939394,0.6402505029106096
4272,0.020202020202020204,0.321309740776177,0.9393939393939394,0.6402505029106096
4272,0.030303030303030304,0.33233486352557,0.9393939393939394,0.6402505029106096
4272,0.04040404040404041,0.3407701419185863,0.9393939393939394,0.6402505029106096
4272,0.05050505050505051,0.34751357342801853,0.9393939393939394,0.6402505029106096
4272,0.06060606060606061,0.35304257095956165,0.9393939393939394,0.6402505029106096
4272,0.07070707070707072,0.35798057860698257,0.9393939393939394,0.6402505029106096
4272,0.08080808080808081,0.3623300619814409,0.9393939393939394,0.6402505029106096
4272,0.09090909090909091,0.36628008717924243,0.9393939393939394,0.6402505029106096
4272,0.10101010101010102,0.3698814335704394,0.9393939393939394,0.6402505029106096
4272,0.11111111111111112,0.37331249111837433,0.9393939393939394,0.6402505029106096
4272,0.12121212121212122,0.37644725952753577,0.9393939393939394,0.6402505029106096
4272,0.13131313131313133,0.37941427399846717,0.9393939393939394,0.6402505029106096
4272,0.14141414141414144,0.38221096779298885,0.9393939393939394,0.6402505029106096
4272,0.15151515151515152,0.3848390751542109,0.9393939393939394,0.6402505029106096
4272,0.16161616161616163,0.38737436495659305,0.9393939393939394,0.6402505029106096
4272,0.17171717171717174,0.38975155609937756,0.9393939393939394,0.6402505029106096
4272,0.18181818181818182,0.3922528224830137,0.9393939393939394,0.6402505029106096
4272,0.19191919191919193,0.3946369245372568,0.9393939393939394,0.6402505029106096
4272,0.20202020202020204,0.3969635711044185,0.9393939393939394,0.6402505029106096
4272,0.21212121212121213,0.3993870582731831,0.9393939393939394,0.6402505029106096
4272,0.22222222222222224,0.40159343970929184,0.9393939393939394,0.6402505029106096
4272,0.23232323232323235,0.4039551776065196,0.9393939393939394,0.6402505029106096
4272,0.24242424242424243,0.4062163649774596,0.9393939393939394,0.6402505029106096
4272,0.25252525252525254,0.4085346706978998,0.9393939393939394,0.6402505029106096
4272,0.26262626262626265,0.4107623723266181,0.9393939393939394,0.6402505029106096
4272,0.27272727272727276,0.4130279218433733,0.9393939393939394,0.6402505029106096
4272,0.2828282828282829,0.4153206629106608,0.9393939393939394,0.6402505029106096
4272,0.29292929292929293,0.4176961172376972,0.9393939393939394,0.6402505029106096
4272,0.30303030303030304,0.42016409619687833,0.9393939393939394,0.6402505029106096
4272,0.31313131313131315,0.4226187561642686,0.9393939393939394,0.6402505029106096
4272,0.32323232323232326,0.42506841406114315,0.9393939393939394,0.6402505029106096
4272,0.33333333333333337,0.4273262405986621,0.9393939393939394,0.6402505029106096
4272,0.3434343434343435,0.4295906746961026,0.9393939393939394,0.6402505029106096
4272,0.3535353535353536,0.43201148737585254,0.9393939393939394,0.6402505029106096
4272,0.36363636363636365,0.43428375923400514,0.9393939393939394,0.6402505029106096
4272,0.37373737373737376,0.43676247962114745,0.9393939393939394,0.6402505029106096
4272,0.38383838383838387,0.4391795337793769,0.9393939393939394,0.6402505029106096
4272,0.393939393939394,0.4415079119138617,0.9393939393939394,0.6402505029106096
4272,0.4040404040404041,0.44384297080651675,0.9393939393939394,0.6402505029106096
4272,0.4141414141414142,0.44603649185454136,0.9393939393939394,0.6402505029106096
4272,0.42424242424242425,0.44833760682687457,0.9393939393939394,0.6402505029106096
4272,0.43434343434343436,0.45098843035437736,0.9393939393939394,0.6402505029106096
4272,0.4444444444444445,0.453732698211936,0.9393939393939394,0.6402505029106096
4272,0.4545454545454546,0.45645117767241045,0.9393939393939394,0.6402505029106096
4272,0.4646464646464647,0.459186474741144,0.9393939393939394,0.6402505029106096
4272,0.4747474747474748,0.461967815707856,0.9393939393939394,0.6402505029106096
4272,0.48484848484848486,0.46477757929878744,0.9393939393939394,0.6402505029106096
4272,0.494949494949495,0.46788341109286846,0.9393939393939394,0.6402505029106096
4272,0.5050505050505051,0.4712381095049061,0.9393939393939394,0.6402505029106096
4272,0.5151515151515152,0.4746561059239615,0.9393939393939394,0.6402505029106096
4272,0.5252525252525253,0.47781907763254844,0.9393939393939394,0.6402505029106096
4272,0.5353535353535354,0.48108886056170075,0.9393939393939394,0.6402505029106096
4272,0.5454545454545455,0.484412523040615,0.9393939393939394,0.6402505029106096
4272,0.5555555555555556,0.4877116436390586,0.9393939393939394,0.6402505029106096
4272,0.5656565656565657,0.4911015032630162,0.9393939393939394,0.6402505029106096
4272,0.5757575757575758,0.4946347462165539,0.9393939393939394,0.6402505029106096
4272,0.5858585858585859,0.4980075470404576,0.9393939393939394,0.6402505029106096
4272,0.595959595959596,0.5016338268431699,0.9393939393939394,0.6402505029106096
4272,0.6060606060606061,0.5049658579107947,0.9393939393939394,0.6402505029106096
4272,0.6161616161616162,0.5084165511338823,0.9393939393939394,0.6402505029106096
4272,0.6262626262626263,0.511702719004648,0.9393939393939394,0.6402505029106096
4272,0.6363636363636365,0.5151222248077278,0.9393939393939394,0.6402505029106096
4272,0.6464646464646465,0.5182904439428141,0.9393939393939394,0.6402505029106096
4272,0.6565656565656566,0.5219139965248667,0.9393939393939394,0.6402505029106096
4272,0.6666666666666667,0.5255450729574519,0.9393939393939394,0.6402505029106096
4272,0.6767676767676768,0.5293942827423519,0.9393939393939394,0.6402505029106096
4272,0.686868686868687,0.5331995285570029,0.9393939393939394,0.6402505029106096
4272,0.696969696969697,0.5369374487155211,0.9393939393939394,0.6402505029106096
4272,0.7070707070707072,0.5410265730519791,0.9393939393939394,0.6402505029106096
4272,0.7171717171717172,0.5449896136938214,0.9393939393939394,0.6402505029106096
4272,0.7272727272727273,0.5491063586146769,0.9393939393939394,0.6402505029106096
4272,0.7373737373737375,0.5529737151566514,0.9393939393939394,0.6402505029106096
4272,0.7474747474747475,0.5569238835737587,0.9393939393939394,0.6402505029106096
4272,0.7575757575757577,0.5610455272395654,0.9393939393939394,0.6402505029106096
4272,0.7676767676767677,0.5652733816362909,0.9393939393939394,0.6402505029106096
4272,0.7777777777777778,0.5694989360572097,0.9393939393939394,0.6402505029106096
4272,0.787878787878788,0.5738546959372811,0.9393939393939394,0.6402505029106096
4272,0.797979797979798,0.5785543157606733,0.9393939393939394,0.6402505029106096
4272,0.8080808080808082,0.5833404339922744,0.9393939393939394,0.6402505029106096
4272,0.8181818181818182,0.58799549930081,0.9393939393939394,0.6402505029106096
4272,0.8282828282828284,0.5930609940444752,0.9393939393939394,0.6402505029106096
4272,0.8383838383838385,0.5982002349446993,0.9393939393939394,0.6402505029106096
4272,0.8484848484848485,0.6033015720700797,0.9393939393939394,0.6402505029106096
4272,0.8585858585858587,0.6084156944624365,0.9393939393939394,0.6402505029106096
4272,0.8686868686868687,0.6137835606562715,0.9393939393939394,0.6402505029106096
4272,0.8787878787878789,0.6190935009753671,0.9393939393939394,0.6402505029106096
4272,0.888888888888889,0.6236364149247837,0.9393939393939394,0.6402505029106096
4272,0.8989898989898991,0.628269619778599,0.9393939393939394,0.6402505029106096
4272,0.9090909090909092,0.6321962340623153,0.9393939393939394,0.6402505029106096
4272,0.9191919191919192,0.635253175267842,0.9393939393939394,0.6402505029106096
4272,0.9292929292929294,0.6380128583964613,0.9393939393939394,0.6402505029106096
4272,0.9393939393939394,0.6402505029106096,0.9393939393939394,0.6402505029106096
4272,0.9494949494949496,0.6393499157280177,0.9393939393939394,0.6402505029106096
4272,0.9595959595959597,0.6316222653175653,0.9393939393939394,0.6402505029106096
4272,0.9696969696969697,0.6099194517377954,0.9393939393939394,0.6402505029106096
4272,0.9797979797979799,0.5673202939148692,0.9393939393939394,0.6402505029106096
4272,0.98989898989899,0.4350271920047278,0.9393939393939394,0.6402505029106096
4272,1.0,0.013415732430669855,0.9393939393939394,0.6402505029106096
4288,0.0,0.4890998256490235,0.12121212121212122,0.8688086681610863
4288,0.010101010101010102,0.7038580371245434,0.12121212121212122,0.8688086681610863
4288,0.020202020202020204,0.773397738399856,0.12121212121212122,0.8688086681610863
4288,0.030303030303030304,0.8115724315272764,0.12121212121212122,0.8688086681610863
4288,0.04040404040404041,0.8334989523545058,0.12121212121212122,0.8688086681610863
4288,0.05050505050505051,0.8469705564288923,0.12121212121212122,0.8688086681610863
4288,0.06060606060606061,0.8551178749014797,0.12121212121212122,0.8688086681610863
4288,0.07070707070707072,0.860149493421602,0.12121212121212122,0.8688086681610863
4288,0.08080808080808081,0.863662179283142,0.12121212121212122,0.8688086681610863
4288,0.09090909090909091,0.8661753695180398,0.12121212121212122,0.8688086681610863
4288,0.10101010101010102,0.8679347092944826,0.12121212121212122,0.8688086681610863
4288,0.11111111111111112,0.8685528934451515,0.12121212121212122,0.8688086681610863
4288,0.12121212121212122,0.8688086681610863,0.12121212121212122,0.8688086681610863
4288,0.13131313131313133,0.8683176042951947,0.12121212121212122,0.8688086681610863
4288,0.14141414141414144,0.8672003713353906,0.12121212121212122,0.8688086681610863
4288,0.15151515151515152,0.8657187519608031,0.12121212121212122,0.8688086681610863
4288,0.16161616161616163,0.8636696974542487,0.12121212121212122,0.8688086681610863
4288,0.17171717171717174,0.8610108454186398,0.12121212121212122,0.8688086681610863
4288,0.18181818181818182,0.8577397370267172,0.12121212121212122,0.8688086681610863
4288,0.19191919191919193,0.8539434957132664,0.12121212121212122,0.8688086681610863
4288,0.20202020202020204,0.8491667554271009,0.12121212121212122,0.8688086681610863
4288,0.21212121212121213,0.843703352373082,0.12121212121212122,0.8688086681610863
4288,0.22222222222222224,0.8374663104499395,0.12121212121212122,0.8688086681610863
4288,0.23232323232323235,0.8306125362905145,0.12121212121212122,0.8688086681610863
4288,0.24242424242424243,0.8227822210725467,0.12121212121212122,0.8688086681610863
4288,0.25252525252525254,0.8147819358918428,0.12121212121212122,0.8688086681610863
4288,0.26262626262626265,0.8062720843983284,0.12121212121212122,0.8688086681610863
4288,0.27272727272727276,0.796739071303672,0.12121212121212122,0.8688086681610863
4288,0.2828282828282829,0.7861682001959436,0.12121212121212122,0.8688086681610863
4288,0.29292929292929293,0.7743677339348625,0.12121212121212122,0.8688086681610863
4288,0.30303030303030304,0.7622773575845856,0.12121212121212122,0.8688086681610863
4288,0.31313131313131315,0.7494249648453686,0.12121212121212122,0.8688086681610863
4288,0.32323232323232326,0.7351475901921698,0.12121212121212122,0.8688086681610863
4288,0.33333333333333337,0.7206392164875248,0.12121212121212122,0.8688086681610863
4288,0.3434343434343435,0.70622715592907,0.12121212121212122,0.8688086681610863
4288,0.3535353535353536,0.690943647183562,0.12121212121212122,0.8688086681610863
4288,0.36363636363636365,0.6755097600668367,0.12121212121212122,0.8688086681610863
4288,0.37373737373737376,0.6603895589051475,0.12121212121212122,0.8688086681610863
4288,0.38383838383838387,0.6455416806327154,0.12121212121212122,0.8688086681610863
4288,0.393939393939394,0.6304559975611825,0.12121212121212122,0.8688086681610863
4288,0.4040404040404041,0.6151260197470481,0.12121212121212122,0.8688086681610863
4288,0.4141414141414142,0.5998467659303431,0.12121212121212122,0.8688086681610863
4288,0.42424242424242425,0.5840216372106228,0.12121212121212122,0.8688086681610863
4288,0.43434343434343436,0.5675513213111034,0.12121212121212122,0.8688086681610863
4288,0.4444444444444445,0.5506023612330756,0.12121212121212122,0.8688086681610863
4288,0.4545454545454546,0.5336859591176095,0.12121212121212122,0.8688086681610863
4288,0.4646464646464647,0.5167221721584454,0.12121212121212122,0.8688086681610863
4288,0.4747474747474748,0.49945882082409887,0.12121212121212122,0.8688086681610863
4288,0.48484848484848486,0.48163551917501785,0.12121212121212122,0.8688086681610863
4288,0.494949494949495,0.4638905693625073,0.12121212121212122,0.8688086681610863
4288,0.5050505050505051,0.4468281667008827,0.12121212121212122,0.8688086681610863
4288,0.5151515151515152,0.42991794856892585,0.12121212121212122,0.8688086681610863
4288,0.5252525252525253,0.4132759886709325,0.12121212121212122,0.8688086681610863
4288,0.5353535353535354,0.39619776378968086,0.12121212121212122,0.8688086681610863
4288,0.5454545454545455,0.37906358530206236,0.12121212121212122,0.8688086681610863
4288,0.5555555555555556,0.3619924600251332,0.12121212121212122,0.8688086681610863
4288,0.5656565656565657,0.3449790359836667,0.12121212121212122,0.8688086681610863
4288,0.5757575757575758,0.3284228405368884,0.12121212121212122,0.8688086681610863
4288,0.5858585858585859,0.31146471484554783,0.12121212121212122,0.8688086681610863
4288,0.595959595959596,0.2943765347392749,0.12121212121212122,0.8688086681610863
4288,0.6060606060606061,0.2762286256546891,0.12121212121212122,0.8688086681610863
4288,0.6161616161616162,0.25824966116228254,0.12121212121212122,0.8688086681610863
4288,0.6262626262626263,0.24060633578987808,0.12121212121212122,0.8688086681610863
4288,0.6363636363636365,0.22295813008321305,0.12121212121212122,0.8688086681610863
4288,0.6464646464646465,0.2054691378257885,0.12121212121212122,0.8688086681610863
4288,0.6565656565656566,0.18868992104954005,0.12121212121212122,0.8688086681610863
4288,0.6666666666666667,0.1730904096073206,0.12121212121212122,0.8688086681610863
4288,0.6767676767676768,0.15852570509226532,0.12121212121212122,0.8688086681610863
4288,0.686868686868687,0.1449136559203159,0.12121212121212122,0.8688086681610863
4288,0.696969696969697,0.1316161138964672,0.12121212121212122,0.8688086681610863
4288,0.7070707070707072,0.1193623319747741,0.12121212121212122,0.8688086681610863
4288,0.7171717171717172,0.10720111862036823,0.12121212121212122,0.8688086681610863
4288,0.7272727272727273,0.09428030780875488,0.12121212121212122,0.8688086681610863
4288,0.7373737373737375,0.07983038394952194,0.12121212121212122,0.8688086681610863
4288,0.7474747474747475,0.06363090995790412,0.12121212121212122,0.8688086681610863
4288,0.7575757575757577,0.04722581312373959,0.12121212121212122,0.8688086681610863
4288,0.7676767676767677,0.031910070199027536,0.12121212121212122,0.8688086681610863
4288,0.7777777777777778,0.01999187322226737,0.12121212121212122,0.8688086681610863
4288,0.787878787878788,0.01121725666979135,0.12121212121212122,0.8688086681610863
4288,0.797979797979798,0.005819234100078153,0.12121212121212122,0.8688086681610863
4288,0.8080808080808082,0.0028452059865672432,0.12121212121212122,0.8688086681610863
4288,0.8181818181818182,0.0011908952091608952,0.12121212121212122,0.8688086681610863
4288,0.8282828282828284,0.00043417945378106766,0.12121212121212122,0.8688086681610863
4288,0.8383838383838385,0.0001059148127161324,0.12121212121212122,0.8688086681610863
4288,0.8484848484848485,5.296007075465452e-06,0.12121212121212122,0.8688086681610863
4288,0.8585858585858587,0.0,0.12121212121212122,0.8688086681610863
4288,0.8686868686868687,0.0,0.12121212121212122,0.8688086681610863
4288,0.8787878787878789,0.0,0.12121212121212122,0.8688086681610863
4288,0.888888888888889,0.0,0.12121212121212122,0.8688086681610863
4288,0.8989898989898991,0.0,0.12121212121212122,0.8688086681610863
4288,0.9090909090909092,0.0,0.12121212121212122,0.8688086681610863
4288,0.9191919191919192,0.0,0.12121212121212122,0.8688086681610863
4288,0.9292929292929294,0.0,0.12121212121212122,0.8688086681610863
4288,0.9393939393939394,0.0,0.12121212121212122,0.8688086681610863
4288,0.9494949494949496,0.0,0.12121212121212122,0.8688086681610863
4288,0.9595959595959597,0.0,0.12121212121212122,0.8688086681610863
4288,0.9696969696969697,0.0,0.12121212121212122,0.8688086681610863
4288,0.9797979797979799,0.0,0.12121212121212122,0.8688086681610863
4288,0.98989898989899,0.0,0.12121212121212122,0.8688086681610863
4288,1.0,0.0,0.12121212121212122,0.8688086681610863
4588,0.0,0.7095366115347328,0.29292929292929293,0.9522448712066591
4588,0.010101010101010102,0.8752862736085042,0.29292929292929293,0.9522448712066591
4588,0.020202020202020204,0.8962627738269153,0.29292929292929293,0.9522448712066591
4588,0.030303030303030304,0.9070135238568948,0.29292929292929293,0.9522448712066591
4588,0.04040404040404041,0.9142412193424879,0.29292929292929293,0.9522448712066591
4588,0.05050505050505051,0.9198027810474403,0.29292929292929293,0.9522448712066591
4588,0.06060606060606061,0.9241146336855909,0.29292929292929293,0.9522448712066591
4588,0.07070707070707072,0.9279135469007567,0.29292929292929293,0.9522448712066591
4588,0.08080808080808081,0.9309363299615863,0.29292929292929293,0.9522448712066591
4588,0.09090909090909091,0.9335840100938285,0.29292929292929293,0.9522448712066591
4588,0.10101010101010102,0.935833330193265,0.29292929292929293,0.9522448712066591
4588,0.11111111111111112,0.9378900692910489,0.29292929292929293,0.9522448712066591
4588,0.12121212121212122,0.9395260553306138,0.29292929292929293,0.9522448712066591
4588,0.13131313131313133,0.941159923465832,0.29292929292929293,0.9522448712066591
4588,0.14141414141414144,0.9426115589929391,0.29292929292929293,0.9522448712066591
4588,0.15151515151515152,0.9438933975827516,0.29292929292929293,0.9522448712066591
4588,0.16161616161616163,0.9450647359694057,0.29292929292929293,0.9522448712066591
4588,0.17171717171717174,0.946015930648203,0.29292929292929293,0.9522448712066591
4588,0.18181818181818182,0.9470179145660346,0.29292929292929293,0.9522448712066591
4588,0.19191919191919193,0.947865495986441,0.29292929292929293,0.9522448712066591
4588,0.20202020202020204,0.9486381413149719,0.29292929292929293,0.9522448712066591
4588,0.21212121212121213,0.9493068765179417,0.29292929292929293,0.9522448712066591
4588,0.22222222222222224,0.9499228597625401,0.29292929292929293,0.9522448712066591
4588,0.23232323232323235,0.9504977951362117,0.29292929292929293,0.9522448712066591
4588,0.24242424242424243,0.9509838292081844,0.29292929292929293,0.9522448712066591
4588,0.25252525252525254,0.9513900724536806,0.29292929292929293,0.9522448712066591
4588,0.26262626262626265,0.9517138362115598,0.29292929292929293,0.9522448712066591
4588,0.27272727272727276,0.9519907531361628,0.29292929292929293,0.9522448712066591
4588,0.2828282828282829,0.9521120347314995,0.29292929292929293,0.9522448712066591
4588,0.29292929292929293,0.9522448712066591,0.29292929292929293,0.9522448712066591
4588,0.30303030303030304,0.9521751921450374,0.29292929292929293,0.9522448712066591
4588,0.31313131313131315,0.9520836815018244,0.29292929292929293,0.9522448712066591
4588,0.32323232323232326,0.9519519044417196,0.29292929292929293,0.9522448712066591
4588,0.33333333333333337,0.9518366894015353,0.29292929292929293,0.9522448712066591
4588,0.3434343434343435,0.9515940106968858,0.29292929292929293,0.9522448712066591
4588,0.3535353535353536,0.9513239131818472,0.29292929292929293,0.9522448712066591
4588,0.36363636363636365,0.9509595109370826,0.29292929292929293,0.9522448712066591
4588,0.37373737373737376,0.950518035737344,0.29292929292929293,0.9522448712066591
4588,0.38383838383838387,0.9500340113371124,0.29292929292929293,0.9522448712066591
4588,0.393939393939394,0.9494373838046193,0.29292929292929293,0.9522448712066591
4588,0.4040404040404041,0.9488910137428052,0.29292929292929293,0.9522448712066591
4588,0.4141414141414142,0.9482647344939787,0.29292929292929293,0.9522448712066591
4588,0.42424242424242425,0.9475850850009747,0.29292929292929293,0.9522448712066591
4588,0.43434343434343436,0.9467627953843128,0.29292929292929293,0.9522448712066591
4588,0.4444444444444445,0.9459098272138229,0.29292929292929293,0.9522448712066591
4588,0.4545454545454546,0.9449685130445957,0.29292929292929293,0.9522448712066591
4588,0.4646464646464647,0.9439023001439792,0.29292929292929293,0.9522448712066591
4588,0.4747474747474748,0.9429662547057154,0.29292929292929293,0.9522448712066591
4588,0.48484848484848486,0.9419253833953891,0.29292929292929293,0.9522448712066591
4588,0.494949494949495,0.9407642686400995,0.29292929292929293,0.9522448712066591
4588,0.5050505050505051,0.9396514360795242,0.29292929292929293,0.9522448712066591
4588,0.5151515151515152,0.9384146541990507,0.29292929292929293,0.9522448712066591
4588,0.5252525252525253,0.9370897899147547,0.29292929292929293,0.9522448712066591
4588,0.5353535353535354,0.9356910129295215,0.29292929292929293,0.9522448712066591
4588,0.5454545454545455,0.934199469886899,0.29292929292929293,0.9522448712066591
4588,0.5555555555555556,0.9326078447373262,0.29292929292929293,0.9522448712066591
4588,0.5656565656565657,0.930954398039985,0.29292929292929293,0.9522448712066591
4588,0.5757575757575758,0.9292577997400665,0.29292929292929293,0.9522448712066591
4588,0.5858585858585859,0.9274480044264006,0.29292929292929293,0.9522448712066591
4588,0.595959595959596,0.925553201835529,0.29292929292929293,0.9522448712066591
4588,0.6060606060606061,0.9235821380637894,0.29292929292929293,0.9522448712066591
4588,0.6161616161616162,0.9214965376656181,0.29292929292929293,0.9522448712066591
4588,0.6262626262626263,0.9193383399320868,0.29292929292929293,0.9522448712066591
4588,0.6363636363636365,0.916998974109694,0.29292929292929293,0.9522448712066591
4588,0.6464646464646465,0.9147105339236216,0.29292929292929293,0.9522448712066591
4588,0.6565656565656566,0.9122385564706652,0.29292929292929293,0.9522448712066591
4588,0.6666666666666667,0.9097019149473108,0.29292929292929293,0.9522448712066591
4588,0.6767676767676768,0.9070077469704425,0.29292929292929293,0.9522448712066591
4588,0.686868686868687,0.9042023752805507,0.29292929292929293,0.9522448712066591
4588,0.696969696969697,0.90118409741192,0.29292929292929293,0.9522448712066591
4588,0.7070707070707072,0.8979922139403417,0.29292929292929293,0.9522448712066591
4588,0.7171717171717172,0.8947301248433657,0.29292929292929293,0.9522448712066591
4588,0.7272727272727273,0.8910722137613529,0.29292929292929293,0.9522448712066591
4588,0.7373737373737375,0.8872707391023411,0.29292929292929293,0.9522448712066591
4588,0.7474747474747475,0.8833072750361513,0.29292929292929293,0.9522448712066591
4588,0.7575757575757577,0.8791493653564856,0.29292929292929293,0.9522448712066591
4588,0.7676767676767677,0.8745831709965528,0.29292929292929293,0.9522448712066591
4588,0.7777777777777778,0.8696589371390973,0.29292929292929293,0.9522448712066591
4588,0.787878787878788,0.8642015217091992,0.29292929292929293,0.9522448712066591
4588,0.797979797979798,0.8581630425783338,0.29292929292929293,0.9522448712066591
4588,0.8080808080808082,0.8518565070500171,0.29292929292929293,0.9522448712066591
4588,0.8181818181818182,0.8448128681357544,0.29292929292929293,0.9522448712066591
4588,0.8282828282828284,0.8369054163198997,0.29292929292929293,0.9522448712066591
4588,0.8383838383838385,0.8281866875906331,0.29292929292929293,0.9522448712066591
4588,0.8484848484848485,0.8183532644331345,0.29292929292929293,0.9522448712066591
4588,0.8585858585858587,0.8075137201993488,0.29292929292929293,0.9522448712066591
4588,0.8686868686868687,0.7949203718899626,0.29292929292929293,0.9522448712066591
4588,0.8787878787878789,0.7804906376224336,0.29292929292929293,0.9522448712066591
4588,0.888888888888889,0.763690618364095,0.29292929292929293,0.9522448712066591
4588,0.8989898989898991,0.7435328554559515,0.29292929292929293,0.9522448712066591
4588,0.9090909090909092,0.7189294813297011,0.29292929292929293,0.9522448712066591
4588,0.9191919191919192,0.6876143958422055,0.29292929292929293,0.9522448712066591
4588,0.9292929292929294,0.6474003354405883,0.29292929292929293,0.9522448712066591
4588,0.9393939393939394,0.5968867877174424,0.29292929292929293,0.9522448712066591
4588,0.9494949494949496,0.5343207517120561,0.29292929292929293,0.9522448712066591
4588,0.9595959595959597,0.4528942496355662,0.29292929292929293,0.9522448712066591
4588,0.9696969696969697,0.34541706867818617,0.29292929292929293,0.9522448712066591
4588,0.9797979797979799,0.21669400314802822,0.29292929292929293,0.9522448712066591
4588,0.98989898989899,0.07822532377398857,0.29292929292929293,0.9522448712066591
4588,1.0,0.0,0.29292929292929293,0.9522448712066591
4589,0.0,0.7127167851215126,0.23232323232323235,0.9483802082935171
4589,0.010101010101010102,0.8881976458461374,0.23232323232323235,0.9483802082935171
4589,0.020202020202020204,0.9085083792872811,0.23232323232323235,0.9483802082935171
4589,0.030303030303030304,0.9186216443977192,0.23232323232323235,0.9483802082935171
4589,0.04040404040404041,0.9247506539391235,0.23232323232323235,0.9483802082935171
4589,0.05050505050505051,0.9291538103943715,0.23232323232323235,0.9483802082935171
4589,0.06060606060606061,0.9325712596985135,0.23232323232323235,0.9483802082935171
4589,0.07070707070707072,0.9352194001002916,0.23232323232323235,0.9483802082935171
4589,0.08080808080808081,0.9373295270464396,0.23232323232323235,0.9483802082935171
4589,0.09090909090909091,0.9391557739352658,0.23232323232323235,0.9483802082935171
4589,0.10101010101010102,0.9407767492626968,0.23232323232323235,0.9483802082935171
4589,0.11111111111111112,0.9421636348353218,0.23232323232323235,0.9483802082935171
4589,0.12121212121212122,0.943333713588501,0.23232323232323235,0.9483802082935171
4589,0.13131313131313133,0.9442603950595175,0.23232323232323235,0.9483802082935171
4589,0.14141414141414144,0.9451651281641977,0.23232323232323235,0.9483802082935171
4589,0.15151515151515152,0.9458578294358424,0.23232323232323235,0.9483802082935171
4589,0.16161616161616163,0.9465157506475531,0.23232323232323235,0.9483802082935171
4589,0.17171717171717174,0.9470597329921049,0.23232323232323235,0.9483802082935171
4589,0.18181818181818182,0.947506617898123,0.23232323232323235,0.9483802082935171
4589,0.19191919191919193,0.9478796879676602,0.23232323232323235,0.9483802082935171
4589,0.20202020202020204,0.9481456165666692,0.23232323232323235,0.9483802082935171
4589,0.21212121212121213,0.9482665218665514,0.23232323232323235,0.9483802082935171
4589,0.22222222222222224,0.9482895844299166,0.23232323232323235,0.9483802082935171
4589,0.23232323232323235,0.9483802082935171,0.23232323232323235,0.9483802082935171
4589,0.24242424242424243,0.9482293490015232,0.23232323232323235,0.9483802082935171
4589,0.25252525252525254,0.9480760890562814,0.23232323232323235,0.9483802082935171
4589,0.26262626262626265,0.9478655366956423,0.23232323232323235,0.9483802082935171
4589,0.27272727272727276,0.9475148625248565,0.23232323232323235,0.9483802082935171
4589,0.2828282828282829,0.9471738621181425,0.23232323232323235,0.9483802082935171
4589,0.29292929292929293,0.9467365719334224,0.23232323232323235,0.9483802082935171
4589,0.30303030303030304,0.9461716613506067,0.23232323232323235,0.9483802082935171
4589,0.31313131313131315,0.9455521124827289,0.23232323232323235,0.9483802082935171
4589,0.32323232323232326,0.9448887758597424,0.23232323232323235,0.9483802082935171
4589,0.33333333333333337,0.9442989789099532,0.23232323232323235,0.9483802082935171
4589,0.3434343434343435,0.9435505827578705,0.23232323232323235,0.9483802082935171
4589,0.3535353535353536,0.9427825140292686,0.23232323232323235,0.9483802082935171
4589,0.36363636363636365,0.9421608019168994,0.23232323232323235,0.9483802082935171
4589,0.37373737373737376,0.9412638879060223,0.23232323232323235,0.9483802082935171
4589,0.38383838383838387,0.9403222206173926,0.23232323232323235,0.9483802082935171
4589,0.393939393939394,0.9393616055511188,0.23232323232323235,0.9483802082935171
4589,0.4040404040404041,0.9383503491045627,0.23232323232323235,0.9483802082935171
4589,0.4141414141414142,0.937269889414814,0.23232323232323235,0.9483802082935171
4589,0.42424242424242425,0.9360955753383857,0.23232323232323235,0.9483802082935171
4589,0.43434343434343436,0.9348408330249087,0.23232323232323235,0.9483802082935171
4589,0.4444444444444445,0.9335991917902909,0.23232323232323235,0.9483802082935171
4589,0.4545454545454546,0.9323696919233971,0.23232323232323235,0.9483802082935171
4589,0.4646464646464647,0.9310858133086259,0.23232323232323235,0.9483802082935171
4589,0.4747474747474748,0.9296238263389806,0.23232323232323235,0.9483802082935171
4589,0.48484848484848486,0.9281806185832449,0.23232323232323235,0.9483802082935171
4589,0.494949494949495,0.9266573130348773,0.23232323232323235,0.9483802082935171
4589,0.5050505050505051,0.9250199357744779,0.23232323232323235,0.9483802082935171
4589,0.5151515151515152,0.9234518100915845,0.23232323232323235,0.9483802082935171
4589,0.5252525252525253,0.9216539599284417,0.23232323232323235,0.9483802082935171
4589,0.5353535353535354,0.9199227942722357,0.23232323232323235,0.9483802082935171
4589,0.5454545454545455,0.9182101450851587,0.23232323232323235,0.9483802082935171
4589,0.5555555555555556,0.9164074199741912,0.23232323232323235,0.9483802082935171
4589,0.5656565656565657,0.9144275453584279,0.23232323232323235,0.9483802082935171
4589,0.5757575757575758,0.9124349372892009,0.23232323232323235,0.9483802082935171
4589,0.5858585858585859,0.91041257960756,0.23232323232323235,0.9483802082935171
4589,0.595959595959596,0.9082117757817167,0.23232323232323235,0.9483802082935171
4589,0.6060606060606061,0.9059974608081255,0.23232323232323235,0.9483802082935171
4589,0.6161616161616162,0.9037495382086509,0.23232323232323235,0.9483802082935171
4589,0.6262626262626263,0.9014347906914798,0.23232323232323235,0.9483802082935171
4589,0.6363636363636365,0.898960375171984,0.23232323232323235,0.9483802082935171
4589,0.6464646464646465,0.8964961133029392,0.23232323232323235,0.9483802082935171
4589,0.6565656565656566,0.8937698082318288,0.23232323232323235,0.9483802082935171
4589,0.6666666666666667,0.8911419333834772,0.23232323232323235,0.9483802082935171
4589,0.6767676767676768,0.8883042960535762,0.23232323232323235,0.9483802082935171
4589,0.686868686868687,0.8852740064565144,0.23232323232323235,0.9483802082935171
4589,0.696969696969697,0.8820852167259433,0.23232323232323235,0.9483802082935171
4589,0.7070707070707072,0.878897347862865,0.23232323232323235,0.9483802082935171
4589,0.7171717171717172,0.8754642040372019,0.23232323232323235,0.9483802082935171
4589,0.7272727272727273,0.8717868675224997,0.23232323232323235,0.9483802082935171
4589,0.7373737373737375,0.8679354857257856,0.23232323232323235,0.9483802082935171
4589,0.7474747474747475,0.863718837554725,0.23232323232323235,0.9483802082935171
4589,0.7575757575757577,0.8592793623455661,0.23232323232323235,0.9483802082935171
4589,0.7676767676767677,0.854391614849384,0.23232323232323235,0.9483802082935171
4589,0.7777777777777778,0.8492453338329313,0.23232323232323235,0.9483802082935171
4589,0.787878787878788,0.843739334094413,0.23232323232323235,0.9483802082935171
4589,0.797979797979798,0.8376363509936813,0.23232323232323235,0.9483802082935171
4589,0.8080808080808082,0.8314871875748562,0.23232323232323235,0.9483802082935171
4589,0.8181818181818182,0.8246142237539655,0.23232323232323235,0.9483802082935171
4589,0.8282828282828284,0.8172192097513632,0.23232323232323235,0.9483802082935171
4589,0.8383838383838385,0.8090635028097648,0.23232323232323235,0.9483802082935171
4589,0.8484848484848485,0.7998898341391762,0.23232323232323235,0.9483802082935171
4589,0.8585858585858587,0.7895257664478101,0.23232323232323235,0.9483802082935171
4589,0.8686868686868687,0.7777109016119927,0.23232323232323235,0.9483802082935171
4589,0.8787878787878789,0.7645024183834982,0.23232323232323235,0.9483802082935171
4589,0.888888888888889,0.7488334062620772,0.23232323232323235,0.9483802082935171
4589,0.8989898989898991,0.7302061295787434,0.23232323232323235,0.9483802082935171
4589,0.9090909090909092,0.7072858701627135,0.23232323232323235,0.9483802082935171
4589,0.9191919191919192,0.6788662333542566,0.23232323232323235,0.9483802082935171
4589,0.9292929292929294,0.6420831143329465,0.23232323232323235,0.9483802082935171
4589,0.9393939393939394,0.5950284157203735,0.23232323232323235,0.9483802082935171
4589,0.9494949494949496,0.5308912199553977,0.23232323232323235,0.9483802082935171
4589,0.9595959595959597,0.4380641014893676,0.23232323232323235,0.9483802082935171
4589,0.9696969696969697,0.3161844922375117,0.23232323232323235,0.9483802082935171
4589,0.9797979797979799,0.17053629250022792,0.23232323232323235,0.9483802082935171
4589,0.98989898989899,0.025191040045223743,0.23232323232323235,0.9483802082935171
4589,1.0,0.0,0.23232323232323235,0.9483802082935171
4646,0.0,0.5696377838098782,0.4646464646464647,0.8724084647865211
4646,0.010101010101010102,0.6942210628675506,0.4646464646464647,0.8724084647865211
4646,0.020202020202020204,0.7409050796295227,0.4646464646464647,0.8724084647865211
4646,0.030303030303030304,0.7668858363884481,0.4646464646464647,0.8724084647865211
4646,0.04040404040404041,0.7833184375164293,0.4646464646464647,0.8724084647865211
4646,0.05050505050505051,0.7952082399359433,0.4646464646464647,0.8724084647865211
4646,0.06060606060606061,0.8041949815858768,0.4646464646464647,0.8724084647865211
4646,0.07070707070707072,0.8114236273244155,0.4646464646464647,0.8724084647865211
4646,0.08080808080808081,0.8175875504376076,0.4646464646464647,0.8724084647865211
4646,0.09090909090909091,0.8226771653543308,0.4646464646464647,0.8724084647865211
4646,0.10101010101010102,0.8267711722555529,0.4646464646464647,0.8724084647865211
4646,0.11111111111111112,0.8306773568732567,0.4646464646464647,0.8724084647865211
4646,0.12121212121212122,0.8343078899756142,0.4646464646464647,0.8724084647865211
4646,0.13131313131313133,0.8374912153200021,0.4646464646464647,0.8724084647865211
4646,0.14141414141414144,0.8403908794788274,0.4646464646464647,0.8724084647865211
4646,0.15151515151515152,0.8430302397876105,0.4646464646464647,0.8724084647865211
4646,0.16161616161616163,0.8451324842629191,0.4646464646464647,0.8724084647865211
4646,0.17171717171717174,0.8473461580902636,0.4646464646464647,0.8724084647865211
4646,0.18181818181818182,0.8493830567952468,0.4646464646464647,0.8724084647865211
4646,0.19191919191919193,0.8510492870197475,0.4646464646464647,0.8724084647865211
4646,0.20202020202020204,0.852744923396908,0.4646464646464647,0.8724084647865211
4646,0.21212121212121213,0.8545554980666221,0.4646464646464647,0.8724084647865211
4646,0.22222222222222224,0.8562368820109061,0.4646464646464647,0.8724084647865211
4646,0.23232323232323235,0.857566541074644,0.4646464646464647,0.8724084647865211
4646,0.24242424242424243,0.8590677800826197,0.4646464646464647,0.8724084647865211
4646,0.25252525252525254,0.8604733992754507,0.4646464646464647,0.8724084647865211
4646,0.26262626262626265,0.8617088672266161,0.4646464646464647,0.8724084647865211
4646,0.27272727272727276,0.8628519108402773,0.4646464646464647,0.8724084647865211
4646,0.2828282828282829,0.8638104041837147,0.4646464646464647,0.8724084647865211
4646,0.29292929292929293,0.8647944344912631,0.4646464646464647,0.8724084647865211
4646,0.30303030303030304,0.8658025508284354,0.4646464646464647,0.8724084647865211
4646,0.31313131313131315,0.8667310943413921,0.4646464646464647,0.8724084647865211
4646,0.32323232323232326,0.8676017593130102,0.4646464646464647,0.8724084647865211
4646,0.33333333333333337,0.8683616471724659,0.4646464646464647,0.8724084647865211
4646,0.3434343434343435,0.8691761891337169,0.4646464646464647,0.8724084647865211
4646,0.3535353535353536,0.8696737612660262,0.4646464646464647,0.8724084647865211
4646,0.36363636363636365,0.8702680320428087,0.4646464646464647,0.8724084647865211
4646,0.37373737373737376,0.8707045142727745,0.4646464646464647,0.8724084647865211
4646,0.38383838383838387,0.8711576718218571,0.4646464646464647,0.8724084647865211
4646,0.393939393939394,0.87149410416292,0.4646464646464647,0.8724084647865211
4646,0.4040404040404041,0.8716961108851581,0.4646464646464647,0.8724084647865211
4646,0.4141414141414142,0.8719838435397139,0.4646464646464647,0.8724084647865211
4646,0.42424242424242425,0.8721796350315447,0.4646464646464647,0.8724084647865211
4646,0.43434343434343436,0.8720782350810591,0.4646464646464647,0.8724084647865211
4646,0.4444444444444445,0.8721536943550834,0.4646464646464647,0.8724084647865211
4646,0.4545454545454546,0.8723784857497174,0.4646464646464647,0.8724084647865211
4646,0.4646464646464647,0.8724084647865211,0.4646464646464647,0.8724084647865211
4646,0.4747474747474748,0.872203024355182,0.4646464646464647,0.8724084647865211
4646,0.48484848484848486,0.8722097827202833,0.4646464646464647,0.8724084647865211
4646,0.494949494949495,0.8719641265597147,0.4646464646464647,0.8724084647865211
4646,0.5050505050505051,0.8718102117952274,0.4646464646464647,0.8724084647865211
4646,0.5151515151515152,0.8717108217332735,0.4646464646464647,0.8724084647865211
4646,0.5252525252525253,0.871546089700248,0.4646464646464647,0.8724084647865211
4646,0.5353535353535354,0.8709604417488911,0.4646464646464647,0.8724084647865211
4646,0.5454545454545455,0.8703260875739106,0.4646464646464647,0.8724084647865211
4646,0.5555555555555556,0.8697832001505793,0.4646464646464647,0.8724084647865211
4646,0.5656565656565657,0.869152616145881,0.4646464646464647,0.8724084647865211
4646,0.5757575757575758,0.8683984974948661,0.4646464646464647,0.8724084647865211
4646,0.5858585858585859,0.8675043327556327,0.4646464646464647,0.8724084647865211
4646,0.595959595959596,0.8667028416724459,0.4646464646464647,0.8724084647865211
4646,0.6060606060606061,0.8658673070869813,0.4646464646464647,0.8724084647865211
4646,0.6161616161616162,0.8647154423930072,0.4646464646464647,0.8724084647865211
4646,0.6262626262626263,0.8635446151673326,0.4646464646464647,0.8724084647865211
4646,0.6363636363636365,0.8623423007897157,0.4646464646464647,0.8724084647865211
4646,0.6464646464646465,0.8609073508256749,0.4646464646464647,0.8724084647865211
4646,0.6565656565656566,0.8593558566365652,0.4646464646464647,0.8724084647865211
4646,0.6666666666666667,0.8574767407977072,0.4646464646464647,0.8724084647865211
4646,0.6767676767676768,0.8552415761731434,0.4646464646464647,0.8724084647865211
4646,0.686868686868687,0.852707008787944,0.4646464646464647,0.8724084647865211
4646,0.696969696969697,0.8499549336225729,0.4646464646464647,0.8724084647865211
4646,0.7070707070707072,0.8468506114422664,0.4646464646464647,0.8724084647865211
4646,0.7171717171717172,0.8437443015518323,0.4646464646464647,0.8724084647865211
4646,0.7272727272727273,0.8403502936211619,0.4646464646464647,0.8724084647865211
4646,0.7373737373737375,0.8367853199070294,0.4646464646464647,0.8724084647865211
4646,0.7474747474747475,0.8330159849183445,0.4646464646464647,0.8724084647865211
4646,0.7575757575757577,0.8286680728958821,0.4646464646464647,0.8724084647865211
4646,0.7676767676767677,0.8244579960917701,0.4646464646464647,0.8724084647865211
4646,0.7777777777777778,0.8196389891696751,0.4646464646464647,0.8724084647865211
4646,0.787878787878788,0.814080612020728,0.4646464646464647,0.8724084647865211
4646,0.797979797979798,0.8082252406458876,0.4646464646464647,0.8724084647865211
4646,0.8080808080808082,0.8016747046808455,0.4646464646464647,0.8724084647865211
4646,0.8181818181818182,0.7947826776440116,0.4646464646464647,0.8724084647865211
4646,0.8282828282828284,0.7873560538952865,0.4646464646464647,0.8724084647865211
4646,0.8383838383838385,0.7790641047600815,0.4646464646464647,0.8724084647865211
4646,0.8484848484848485,0.7698362122732326,0.4646464646464647,0.8724084647865211
4646,0.8585858585858587,0.7596933727287979,0.4646464646464647,0.8724084647865211
4646,0.8686868686868687,0.7487564426303227,0.4646464646464647,0.8724084647865211
4646,0.8787878787878789,0.7364794437176895,0.4646464646464647,0.8724084647865211
4646,0.888888888888889,0.7226846131787913,0.4646464646464647,0.8724084647865211
4646,0.8989898989898991,0.7068943869882303,0.4646464646464647,0.8724084647865211
4646,0.9090909090909092,0.689146700049492,0.4646464646464647,0.8724084647865211
4646,0.9191919191919192,0.6683753097377861,0.4646464646464647,0.8724084647865211
4646,0.9292929292929294,0.6438390741375608,0.4646464646464647,0.8724084647865211
4646,0.9393939393939394,0.6145875832339016,0.4646464646464647,0.8724084647865211
4646,0.9494949494949496,0.5789964072801926,0.4646464646464647,0.8724084647865211
4646,0.9595959595959597,0.5317248891372902,0.4646464646464647,0.8724084647865211
4646,0.9696969696969697,0.46751997002367446,0.4646464646464647,0.8724084647865211
4646,0.9797979797979799,0.36815807609996737,0.4646464646464647,0.8724084647865211
4646,0.98989898989899,0.18666142676481404,0.4646464646464647,0.8724084647865211
4646,1.0,0.0008554129867244347,0.4646464646464647,0.8724084647865211
4746,0.0,0.7101723959446095,0.6060606060606061,0.9542710536563762
4746,0.010101010101010102,0.8501823699991627,0.6060606060606061,0.9542710536563762
4746,0.020202020202020204,0.8699376794691659,0.6060606060606061,0.9542710536563762
4746,0.030303030303030304,0.8796070270782733,0.6060606060606061,0.9542710536563762
4746,0.04040404040404041,0.8860847512245866,0.6060606060606061,0.9542710536563762
4746,0.05050505050505051,0.891047252359232,0.6060606060606061,0.9542710536563762
4746,0.06060606060606061,0.8950519461317886,0.6060606060606061,0.9542710536563762
4746,0.07070707070707072,0.8983767566207942,0.6060606060606061,0.9542710536563762
4746,0.08080808080808081,0.9011770347168973,0.6060606060606061,0.9542710536563762
4746,0.09090909090909091,0.903744125267798,0.6060606060606061,0.9542710536563762
4746,0.10101010101010102,0.9060832976600431,0.6060606060606061,0.9542710536563762
4746,0.11111111111111112,0.9082208663312094,0.6060606060606061,0.9542710536563762
4746,0.12121212121212122,0.9103791144788828,0.6060606060606061,0.9542710536563762
4746,0.13131313131313133,0.9123808674190047,0.6060606060606061,0.9542710536563762
4746,0.14141414141414144,0.9141497808108191,0.6060606060606061,0.9542710536563762
4746,0.15151515151515152,0.9158173528705125,0.6060606060606061,0.9542710536563762
4746,0.16161616161616163,0.9175189593577464,0.6060606060606061,0.9542710536563762
4746,0.17171717171717174,0.9190632826491805,0.6060606060606061,0.9542710536563762
4746,0.18181818181818182,0.9204866191178331,0.6060606060606061,0.9542710536563762
4746,0.19191919191919193,0.9218371138227389,0.6060606060606061,0.9542710536563762
4746,0.20202020202020204,0.9231935237535269,0.6060606060606061,0.9542710536563762
4746,0.21212121212121213,0.9244723144626628,0.6060606060606061,0.9542710536563762
4746,0.22222222222222224,0.925718412092425,0.6060606060606061,0.9542710536563762
4746,0.23232323232323235,0.9269467013102266,0.6060606060606061,0.9542710536563762
4746,0.24242424242424243,0.9281951464449636,0.6060606060606061,0.9542710536563762
4746,0.25252525252525254,0.9293654887986208,0.6060606060606061,0.9542710536563762
4746,0.26262626262626265,0.9305159692359124,0.6060606060606061,0.9542710536563762
4746,0.27272727272727276,0.9316786300506193,0.6060606060606061,0.9542710536563762
4746,0.2828282828282829,0.9327509104288922,0.6060606060606061,0.9542710536563762
4746,0.29292929292929293,0.9338317963491751,0.6060606060606061,0.9542710536563762
4746,0.30303030303030304,0.9348918454685726,0.6060606060606061,0.9542710536563762
4746,0.31313131313131315,0.9359149935460924,0.6060606060606061,0.9542710536563762
4746,0.32323232323232326,0.9368617333776087,0.6060606060606061,0.9542710536563762
4746,0.33333333333333337,0.937855650874903,0.6060606060606061,0.9542710536563762
4746,0.3434343434343435,0.9388120435018076,0.6060606060606061,0.9542710536563762
4746,0.3535353535353536,0.9397449258537773,0.6060606060606061,0.9542710536563762
4746,0.36363636363636365,0.9406126472060393,0.6060606060606061,0.9542710536563762
4746,0.37373737373737376,0.9415474122946597,0.6060606060606061,0.9542710536563762
4746,0.38383838383838387,0.9424249003639521,0.6060606060606061,0.9542710536563762
4746,0.393939393939394,0.9432653909597873,0.6060606060606061,0.9542710536563762
4746,0.4040404040404041,0.9441068613035237,0.6060606060606061,0.9542710536563762
4746,0.4141414141414142,0.9449468378048519,0.6060606060606061,0.9542710536563762
4746,0.42424242424242425,0.9457295933513625,0.6060606060606061,0.9542710536563762
4746,0.43434343434343436,0.9464832507150939,0.6060606060606061,0.9542710536563762
4746,0.4444444444444445,0.9472768935810635,0.6060606060606061,0.9542710536563762
4746,0.4545454545454546,0.9480063008241942,0.6060606060606061,0.9542710536563762
4746,0.4646464646464647,0.948656717307297,0.6060606060606061,0.9542710536563762
4746,0.4747474747474748,0.9493388997602984,0.6060606060606061,0.9542710536563762
4746,0.48484848484848486,0.9499735105968821,0.6060606060606061,0.9542710536563762
4746,0.494949494949495,0.9506063892612627,0.6060606060606061,0.9542710536563762
4746,0.5050505050505051,0.9511645638517763,0.6060606060606061,0.9542710536563762
4746,0.5151515151515152,0.9517094501688536,0.6060606060606061,0.9542710536563762
4746,0.5252525252525253,0.9521541429877051,0.6060606060606061,0.9542710536563762
4746,0.5353535353535354,0.9526421087135898,0.6060606060606061,0.9542710536563762
4746,0.5454545454545455,0.9530675728820776,0.6060606060606061,0.9542710536563762
4746,0.5555555555555556,0.9534512496757944,0.6060606060606061,0.9542710536563762
4746,0.5656565656565657,0.9537051346150933,0.6060606060606061,0.9542710536563762
4746,0.5757575757575758,0.9539832224647735,0.6060606060606061,0.9542710536563762
4746,0.5858585858585859,0.9541340353486617,0.6060606060606061,0.9542710536563762
4746,0.595959595959596,0.9542634956023618,0.6060606060606061,0.9542710536563762
4746,0.6060606060606061,0.9542710536563762,0.6060606060606061,0.9542710536563762
4746,0.6161616161616162,0.954232122676122,0.6060606060606061,0.9542710536563762
4746,0.6262626262626263,0.9541060005321266,0.6060606060606061,0.9542710536563762
4746,0.6363636363636365,0.9539353913566708,0.6060606060606061,0.9542710536563762
4746,0.6464646464646465,0.953688627495683,0.6060606060606061,0.9542710536563762
4746,0.6565656565656566,0.953289801792009,0.6060606060606061,0.9542710536563762
4746,0.6666666666666667,0.9527854612097189,0.6060606060606061,0.9542710536563762
4746,0.6767676767676768,0.9522133561760753,0.6060606060606061,0.9542710536563762
4746,0.686868686868687,0.9515054954629756,0.6060606060606061,0.9542710536563762
4746,0.696969696969697,0.9506573943703172,0.6060606060606061,0.9542710536563762
4746,0.7070707070707072,0.9496643534001575,0.6060606060606061,0.9542710536563762
4746,0.7171717171717172,0.9484221396376603,0.6060606060606061,0.9542710536563762
4746,0.7272727272727273,0.9470988605787322,0.6060606060606061,0.9542710536563762
4746,0.7373737373737375,0.9456105611603753,0.6060606060606061,0.9542710536563762
4746,0.7474747474747475,0.943874198301918,0.6060606060606061,0.9542710536563762
4746,0.7575757575757577,0.941810907331606,0.6060606060606061,0.9542710536563762
4746,0.7676767676767677,0.9394668170901055,0.6060606060606061,0.9542710536563762
4746,0.7777777777777778,0.9367536154662189,0.6060606060606061,0.9542710536563762
4746,0.787878787878788,0.9335977780196478,0.6060606060606061,0.9542710536563762
4746,0.797979797979798,0.9301042548794769,0.6060606060606061,0.9542710536563762
4746,0.8080808080808082,0.9257510799576169,0.6060606060606061,0.9542710536563762
4746,0.8181818181818182,0.9210615230691007,0.6060606060606061,0.9542710536563762
4746,0.8282828282828284,0.9155030879667975,0.6060606060606061,0.9542710536563762
4746,0.8383838383838385,0.9088245624840817,0.6060606060606061,0.9542710536563762
4746,0.8484848484848485,0.9007618841240684,0.6060606060606061,0.9542710536563762
4746,0.8585858585858587,0.890999573053297,0.6060606060606061,0.9542710536563762
4746,0.8686868686868687,0.8788183030986535,0.6060606060606061,0.9542710536563762
4746,0.8787878787878789,0.8638518214773356,0.6060606060606061,0.9542710536563762
4746,0.888888888888889,0.8449627208742673,0.6060606060606061,0.9542710536563762
4746,0.8989898989898991,0.8210217933419425,0.6060606060606061,0.9542710536563762
4746,0.9090909090909092,0.7885351008822172,0.6060606060606061,0.9542710536563762
4746,0.9191919191919192,0.744422541957591,0.6060606060606061,0.9542710536563762
4746,0.9292929292929294,0.6852393565659665,0.6060606060606061,0.9542710536563762
4746,0.9393939393939394,0.6069889094528886,0.6060606060606061,0.9542710536563762
4746,0.9494949494949496,0.5030097403613543,0.6060606060606061,0.9542710536563762
4746,0.9595959595959597,0.3976770083164394,0.6060606060606061,0.9542710536563762
4746,0.9696969696969697,0.28553241817384484,0.6060606060606061,0.9542710536563762
4746,0.9797979797979799,0.1580887235546543,0.6060606060606061,0.9542710536563762
4746,0.98989898989899,0.035430905925308724,0.6060606060606061,0.9542710536563762
4746,1.0,0.00018296984873975643,0.6060606060606061,0.9542710536563762
7009,0.0,0.6874330329633683,0.494949494949495,0.9397464466014529
7009,0.010101010101010102,0.881674960390958,0.494949494949495,0.9397464466014529
7009,0.020202020202020204,0.9005361894650071,0.494949494949495,0.9397464466014529
7009,0.030303030303030304,0.9082069710599107,0.494949494949495,0.9397464466014529
7009,0.04040404040404041,0.912075841199793,0.494949494949495,0.9397464466014529
7009,0.05050505050505051,0.9148383561220905,0.494949494949495,0.9397464466014529
7009,0.06060606060606061,0.9170516004735266,0.494949494949495,0.9397464466014529
7009,0.07070707070707072,0.9189680641121575,0.494949494949495,0.9397464466014529
7009,0.08080808080808081,0.9206182102823979,0.494949494949495,0.9397464466014529
7009,0.09090909090909091,0.9220268011589059,0.494949494949495,0.9397464466014529
7009,0.10101010101010102,0.9234056240557532,0.494949494949495,0.9397464466014529
7009,0.11111111111111112,0.9247126605146233,0.494949494949495,0.9397464466014529
7009,0.12121212121212122,0.9259273028240252,0.494949494949495,0.9397464466014529
7009,0.13131313131313133,0.9271014847846326,0.494949494949495,0.9397464466014529
7009,0.14141414141414144,0.9281471576371993,0.494949494949495,0.9397464466014529
7009,0.15151515151515152,0.9290677891092907,0.494949494949495,0.9397464466014529
7009,0.16161616161616163,0.9298925849745058,0.494949494949495,0.9397464466014529
7009,0.17171717171717174,0.9306668456079135,0.494949494949495,0.9397464466014529
7009,0.18181818181818182,0.9315060909178988,0.494949494949495,0.9397464466014529
7009,0.19191919191919193,0.9321595746577472,0.494949494949495,0.9397464466014529
7009,0.20202020202020204,0.9327480970560922,0.494949494949495,0.9397464466014529
7009,0.21212121212121213,0.9332601763718918,0.494949494949495,0.9397464466014529
7009,0.22222222222222224,0.9338086655181684,0.494949494949495,0.9397464466014529
7009,0.23232323232323235,0.9342199770158972,0.494949494949495,0.9397464466014529
7009,0.24242424242424243,0.9346571544509055,0.494949494949495,0.9397464466014529
7009,0.25252525252525254,0.9351539937433158,0.494949494949495,0.9397464466014529
7009,0.26262626262626265,0.9355819851052902,0.494949494949495,0.9397464466014529
7009,0.27272727272727276,0.9358772857183054,0.494949494949495,0.9397464466014529
7009,0.2828282828282829,0.9363161339038509,0.494949494949495,0.9397464466014529
7009,0.29292929292929293,0.9366312825044079,0.494949494949495,0.9397464466014529
7009,0.30303030303030304,0.9369916275798795,0.494949494949495,0.9397464466014529
7009,0.31313131313131315,0.9373046463795811,0.494949494949495,0.9397464466014529
7009,0.32323232323232326,0.9376330828165494,0.494949494949495,0.9397464466014529
7009,0.33333333333333337,0.9378725271510586,0.494949494949495,0.9397464466014529
7009,0.3434343434343435,0.9381740179867023,0.494949494949495,0.9397464466014529
7009,0.3535353535353536,0.9384004926329355,0.494949494949495,0.9397464466014529
7009,0.36363636363636365,0.9385825677859286,0.494949494949495,0.9397464466014529
7009,0.37373737373737376,0.9387917996115519,0.494949494949495,0.9397464466014529
7009,0.38383838383838387,0.9389247391203605,0.494949494949495,0.9397464466014529
7009,0.393939393939394,0.93904871870204,0.494949494949495,0.9397464466014529
7009,0.4040404040404041,0.9391368422785916,0.494949494949495,0.9397464466014529
7009,0.4141414141414142,0.9392175867686786,0.494949494949495,0.9397464466014529
7009,0.42424242424242425,0.9393665756776135,0.494949494949495,0.9397464466014529
7009,0.43434343434343436,0.9395086475382679,0.494949494949495,0.9397464466014529
7009,0.4444444444444445,0.9394682067489971,0.494949494949495,0.9397464466014529
7009,0.4545454545454546,0.939554771729003,0.494949494949495,0.9397464466014529
7009,0.4646464646464647,0.9396310578426263,0.494949494949495,0.9397464466014529
7009,0.4747474747474748,0.9397039716922408,0.494949494949495,0.9397464466014529
7009,0.48484848484848486,0.9397188807148151,0.494949494949495,0.9397464466014529
7009,0.494949494949495,0.9397464466014529,0.494949494949495,0.9397464466014529
7009,0.5050505050505051,0.9396191097136488,0.494949494949495,0.9397464466014529
7009,0.5151515151515152,0.9393822483360846,0.494949494949495,0.9397464466014529
7009,0.5252525252525253,0.9390478927526922,0.494949494949495,0.9397464466014529
7009,0.5353535353535354,0.9387610709451373,0.494949494949495,0.9397464466014529
7009,0.5454545454545455,0.9384003805381896,0.494949494949495,0.9397464466014529
7009,0.5555555555555556,0.9379756347295574,0.494949494949495,0.9397464466014529
7009,0.5656565656565657,0.9375672215108835,0.494949494949495,0.9397464466014529
7009,0.5757575757575758,0.9370636851237353,0.494949494949495,0.9397464466014529
7009,0.5858585858585859,0.9363722941494428,0.494949494949495,0.9397464466014529
7009,0.595959595959596,0.935640412314364,0.494949494949495,0.9397464466014529
7009,0.6060606060606061,0.9348270684477582,0.494949494949495,0.9397464466014529
7009,0.6161616161616162,0.9338786639400136,0.494949494949495,0.9397464466014529
7009,0.6262626262626263,0.9325291631115133,0.494949494949495,0.9397464466014529
7009,0.6363636363636365,0.9312413414538516,0.494949494949495,0.9397464466014529
7009,0.6464646464646465,0.9298560404232022,0.494949494949495,0.9397464466014529
7009,0.6565656565656566,0.9283680943921749,0.494949494949495,0.9397464466014529
7009,0.6666666666666667,0.9266273127055188,0.494949494949495,0.9397464466014529
7009,0.6767676767676768,0.9246252250858916,0.494949494949495,0.9397464466014529
7009,0.686868686868687,0.9224265651753475,0.494949494949495,0.9397464466014529
7009,0.696969696969697,0.92013432682929,0.494949494949495,0.9397464466014529
7009,0.7070707070707072,0.9175545953103054,0.494949494949495,0.9397464466014529
7009,0.7171717171717172,0.9148117448058818,0.494949494949495,0.9397464466014529
7009,0.7272727272727273,0.9117703487519101,0.494949494949495,0.9397464466014529
7009,0.7373737373737375,0.9081913662863237,0.494949494949495,0.9397464466014529
7009,0.7474747474747475,0.9043276806012555,0.494949494949495,0.9397464466014529
7009,0.7575757575757577,0.8999470303761301,0.494949494949495,0.9397464466014529
7009,0.7676767676767677,0.8951200269443534,0.494949494949495,0.9397464466014529
7009,0.7777777777777778,0.8894244834840274,0.494949494949495,0.9397464466014529
7009,0.787878787878788,0.8831052235351329,0.494949494949495,0.9397464466014529
7009,0.797979797979798,0.8760326295630626,0.494949494949495,0.9397464466014529
7009,0.8080808080808082,0.8680599425273707,0.494949494949495,0.9397464466014529
7009,0.8181818181818182,0.8590891882436946,0.494949494949495,0.9397464466014529
7009,0.8282828282828284,0.8482979331180431,0.494949494949495,0.9397464466014529
7009,0.8383838383838385,0.8356058026956131,0.494949494949495,0.9397464466014529
7009,0.8484848484848485,0.8200828923417708,0.494949494949495,0.9397464466014529
7009,0.8585858585858587,0.8009109868856267,0.494949494949495,0.9397464466014529
7009,0.8686868686868687,0.777585487584406,0.494949494949495,0.9397464466014529
7009,0.8787878787878789,0.7490950697448795,0.494949494949495,0.9397464466014529
7009,0.888888888888889,0.71010322959611,0.494949494949495,0.9397464466014529
7009,0.8989898989898991,0.6584860134024672,0.494949494949495,0.9397464466014529
7009,0.9090909090909092,0.5975967894100216,0.494949494949495,0.9397464466014529
7009,0.9191919191919192,0.5250069990978941,0.494949494949495,0.9397464466014529
7009,0.9292929292929294,0.43043840949114837,0.494949494949495,0.9397464466014529
7009,0.9393939393939394,0.30802994725685695,0.494949494949495,0.9397464466014529
7009,0.9494949494949496,0.17671127518843255,0.494949494949495,0.9397464466014529
7009,0.9595959595959597,0.05574509964733863,0.494949494949495,0.9397464466014529
7009,0.9696969696969697,0.003587534580548994,0.494949494949495,0.9397464466014529
7009,0.9797979797979799,6.749032990116885e-05,0.494949494949495,0.9397464466014529
7009,0.98989898989899,0.0,0.494949494949495,0.9397464466014529
7009,1.0,0.0,0.494949494949495,0.9397464466014529
7133,0.0,0.22620816592671178,0.3434343434343435,0.6776385072806885
7133,0.010101010101010102,0.35681523534203763,0.3434343434343435,0.6776385072806885
7133,0.020202020202020204,0.39080036734644275,0.3434343434343435,0.6776385072806885
7133,0.030303030303030304,0.4153585198884453,0.3434343434343435,0.6776385072806885
7133,0.04040404040404041,0.43579535878465947,0.3434343434343435,0.6776385072806885
7133,0.05050505050505051,0.4538559526477184,0.3434343434343435,0.6776385072806885
7133,0.06060606060606061,0.4698542176486582,0.3434343434343435,0.6776385072806885
7133,0.07070707070707072,0.48475785015019557,0.3434343434343435,0.6776385072806885
7133,0.08080808080808081,0.49832903911961945,0.3434343434343435,0.6776385072806885
7133,0.09090909090909091,0.5113916171611119,0.3434343434343435,0.6776385072806885
7133,0.10101010101010102,0.5239482177824479,0.3434343434343435,0.6776385072806885
7133,0.11111111111111112,0.5355995594787969,0.3434343434343435,0.6776385072806885
7133,0.12121212121212122,0.5468077120619494,0.3434343434343435,0.6776385072806885
7133,0.13131313131313133,0.557921260479966,0.3434343434343435,0.6776385072806885
7133,0.14141414141414144,0.568045652764658,0.3434343434343435,0.6776385072806885
7133,0.15151515151515152,0.5779801455989411,0.3434343434343435,0.6776385072806885
7133,0.16161616161616163,0.5875376220687265,0.3434343434343435,0.6776385072806885
7133,0.17171717171717174,0.5963943730534981,0.3434343434343435,0.6776385072806885
7133,0.18181818181818182,0.6046347262390415,0.3434343434343435,0.6776385072806885
7133,0.19191919191919193,0.6126342052220919,0.3434343434343435,0.6776385072806885
7133,0.20202020202020204,0.6205521119447239,0.3434343434343435,0.6776385072806885
7133,0.21212121212121213,0.6280681985942099,0.3434343434343435,0.6776385072806885
7133,0.22222222222222224,0.6351856067831234,0.3434343434343435,0.6776385072806885
7133,0.23232323232323235,0.6416548622256842,0.3434343434343435,0.6776385072806885
7133,0.24242424242424243,0.6477028843470198,0.3434343434343435,0.6776385072806885
7133,0.25252525252525254,0.6533921178135317,0.3434343434343435,0.6776385072806885
7133,0.26262626262626265,0.6585444181285376,0.3434343434343435,0.6776385072806885
7133,0.27272727272727276,0.6629938418135056,0.3434343434343435,0.6776385072806885
7133,0.2828282828282829,0.6671154235171841,0.3434343434343435,0.6776385072806885
7133,0.29292929292929293,0.670562287774757,0.3434343434343435,0.6776385072806885
7133,0.30303030303030304,0.6730477489768076,0.3434343434343435,0.6776385072806885
7133,0.31313131313131315,0.675290602610221,0.3434343434343435,0.6776385072806885
7133,0.32323232323232326,0.6765837919908901,0.3434343434343435,0.6776385072806885
7133,0.33333333333333337,0.6775340267251773,0.3434343434343435,0.6776385072806885
7133,0.3434343434343435,0.6776385072806885,0.3434343434343435,0.6776385072806885
7133,0.3535353535353536,0.6771658002791319,0.3434343434343435,0.6776385072806885
7133,0.36363636363636365,0.6763961908540819,0.3434343434343435,0.6776385072806885
7133,0.37373737373737376,0.6743994630940472,0.3434343434343435,0.6776385072806885
7133,0.38383838383838387,0.6720102790521195,0.3434343434343435,0.6776385072806885
7133,0.393939393939394,0.6686659708735727,0.3434343434343435,0.6776385072806885
7133,0.4040404040404041,0.6647230845368247,0.3434343434343435,0.6776385072806885
7133,0.4141414141414142,0.6595986299165536,0.3434343434343435,0.6776385072806885
7133,0.42424242424242425,0.6548987732511429,0.3434343434343435,0.6776385072806885
7133,0.43434343434343436,0.6488423479681045,0.3434343434343435,0.6776385072806885
7133,0.4444444444444445,0.6425126224834766,0.3434343434343435,0.6776385072806885
7133,0.4545454545454546,0.6352059624537946,0.3434343434343435,0.6776385072806885
7133,0.4646464646464647,0.6264320387105373,0.3434343434343435,0.6776385072806885
7133,0.4747474747474748,0.6176187386180478,0.3434343434343435,0.6776385072806885
7133,0.48484848484848486,0.6086134722993466,0.3434343434343435,0.6776385072806885
7133,0.494949494949495,0.5976441886173903,0.3434343434343435,0.6776385072806885
7133,0.5050505050505051,0.584815526646151,0.3434343434343435,0.6776385072806885
7133,0.5151515151515152,0.571757200083857,0.3434343434343435,0.6776385072806885
7133,0.5252525252525253,0.5581137629505643,0.3434343434343435,0.6776385072806885
7133,0.5353535353535354,0.5432091505189803,0.3434343434343435,0.6776385072806885
7133,0.5454545454545455,0.5274035003596259,0.3434343434343435,0.6776385072806885
7133,0.5555555555555556,0.5105748853344082,0.3434343434343435,0.6776385072806885
7133,0.5656565656565657,0.49406072365884296,0.3434343434343435,0.6776385072806885
7133,0.5757575757575758,0.4766616204164107,0.3434343434343435,0.6776385072806885
7133,0.5858585858585859,0.4587558376551332,0.3434343434343435,0.6776385072806885
7133,0.595959595959596,0.44130580313193235,0.3434343434343435,0.6776385072806885
7133,0.6060606060606061,0.4234763341253104,0.3434343434343435,0.6776385072806885
7133,0.6161616161616162,0.4041357211714708,0.3434343434343435,0.6776385072806885
7133,0.6262626262626263,0.38519561361738547,0.3434343434343435,0.6776385072806885
7133,0.6363636363636365,0.3662319623427734,0.3434343434343435,0.6776385072806885
7133,0.6464646464646465,0.34698633749314023,0.3434343434343435,0.6776385072806885
7133,0.6565656565656566,0.32685444581985074,0.3434343434343435,0.6776385072806885
7133,0.6666666666666667,0.306876051763288,0.3434343434343435,0.6776385072806885
7133,0.6767676767676768,0.2859807088346973,0.3434343434343435,0.6776385072806885
7133,0.686868686868687,0.26627921935420407,0.3434343434343435,0.6776385072806885
7133,0.696969696969697,0.24644142450448514,0.3434343434343435,0.6776385072806885
7133,0.7070707070707072,0.22698112767396836,0.3434343434343435,0.6776385072806885
7133,0.7171717171717172,0.2089397171214709,0.3434343434343435,0.6776385072806885
7133,0.7272727272727273,0.19094188759785616,0.3434343434343435,0.6776385072806885
7133,0.7373737373737375,0.17250243772715182,0.3434343434343435,0.6776385072806885
7133,0.7474747474747475,0.1540994831830706,0.3434343434343435,0.6776385072806885
7133,0.7575757575757577,0.13647822576658813,0.3434343434343435,0.6776385072806885
7133,0.7676767676767677,0.11880149812734081,0.3434343434343435,0.6776385072806885
7133,0.7777777777777778,0.10158121705797796,0.3434343434343435,0.6776385072806885
7133,0.787878787878788,0.08502731869548986,0.3434343434343435,0.6776385072806885
7133,0.797979797979798,0.06973560366218876,0.3434343434343435,0.6776385072806885
7133,0.8080808080808082,0.05649172104088194,0.3434343434343435,0.6776385072806885
7133,0.8181818181818182,0.044998785691982096,0.3434343434343435,0.6776385072806885
7133,0.8282828282828284,0.036614269283050435,0.3434343434343435,0.6776385072806885
7133,0.8383838383838385,0.02863970169895052,0.3434343434343435,0.6776385072806885
7133,0.8484848484848485,0.021978794240888288,0.3434343434343435,0.6776385072806885
7133,0.8585858585858587,0.01563477724408408,0.3434343434343435,0.6776385072806885
7133,0.8686868686868687,0.009899589874133785,0.3434343434343435,0.6776385072806885
7133,0.8787878787878789,0.005757256357339617,0.3434343434343435,0.6776385072806885
7133,0.888888888888889,0.0024841193796799033,0.3434343434343435,0.6776385072806885
7133,0.8989898989898991,0.0007636366865271401,0.3434343434343435,0.6776385072806885
7133,0.9090909090909092,0.00017764198035279696,0.3434343434343435,0.6776385072806885
7133,0.9191919191919192,1.7765618199099283e-05,0.3434343434343435,0.6776385072806885
7133,0.9292929292929294,0.0,0.3434343434343435,0.6776385072806885
7133,0.9393939393939394,0.0,0.3434343434343435,0.6776385072806885
7133,0.9494949494949496,0.0,0.3434343434343435,0.6776385072806885
7133,0.9595959595959597,0.0,0.3434343434343435,0.6776385072806885
7133,0.9696969696969697,0.0,0.3434343434343435,0.6776385072806885
7133,0.9797979797979799,0.0,0.3434343434343435,0.6776385072806885
7133,0.98989898989899,0.0,0.3434343434343435,0.6776385072806885
7133,1.0,0.0,0.3434343434343435,0.6776385072806885
7882,0.0,0.5620520558279893,0.26262626262626265,0.8781474760877492
7882,0.010101010101010102,0.7283434547101703,0.26262626262626265,0.8781474760877492
7882,0.020202020202020204,0.7609878797798203,0.26262626262626265,0.8781474760877492
7882,0.030303030303030304,0.7828702463905113,0.26262626262626265,0.8781474760877492
7882,0.04040404040404041,0.7985470786718321,0.26262626262626265,0.8781474760877492
7882,0.05050505050505051,0.8108179801070451,0.26262626262626265,0.8781474760877492
7882,0.06060606060606061,0.8207966090291329,0.26262626262626265,0.8781474760877492
7882,0.07070707070707072,0.8291155056281875,0.26262626262626265,0.8781474760877492
7882,0.08080808080808081,0.8361506298584601,0.26262626262626265,0.8781474760877492
7882,0.09090909090909091,0.8420786776168538,0.26262626262626265,0.8781474760877492
7882,0.10101010101010102,0.8472830623139368,0.26262626262626265,0.8781474760877492
7882,0.11111111111111112,0.8517649751129928,0.26262626262626265,0.8781474760877492
7882,0.12121212121212122,0.8556642663612637,0.26262626262626265,0.8781474760877492
7882,0.13131313131313133,0.858999648823559,0.26262626262626265,0.8781474760877492
7882,0.14141414141414144,0.8620977475786699,0.26262626262626265,0.8781474760877492
7882,0.15151515151515152,0.8650696269732231,0.26262626262626265,0.8781474760877492
7882,0.16161616161616163,0.8675953065611709,0.26262626262626265,0.8781474760877492
7882,0.17171717171717174,0.8698115748365911,0.26262626262626265,0.8781474760877492
7882,0.18181818181818182,0.8717717018952147,0.26262626262626265,0.8781474760877492
7882,0.19191919191919193,0.8733930068871885,0.26262626262626265,0.8781474760877492
7882,0.20202020202020204,0.8746571689776017,0.26262626262626265,0.8781474760877492
7882,0.21212121212121213,0.875750952271391,0.26262626262626265,0.8781474760877492
7882,0.22222222222222224,0.8765839003458903,0.26262626262626265,0.8781474760877492
7882,0.23232323232323235,0.8772763911384086,0.26262626262626265,0.8781474760877492
7882,0.24242424242424243,0.8777270487194351,0.26262626262626265,0.8781474760877492
7882,0.25252525252525254,0.877929350508664,0.26262626262626265,0.8781474760877492
7882,0.26262626262626265,0.8781474760877492,0.26262626262626265,0.8781474760877492
7882,0.27272727272727276,0.8780365457241414,0.26262626262626265,0.8781474760877492
7882,0.2828282828282829,0.8779251430069914,0.26262626262626265,0.8781474760877492
7882,0.29292929292929293,0.8777058974063839,0.26262626262626265,0.8781474760877492
7882,0.30303030303030304,0.8773728007982183,0.26262626262626265,0.8781474760877492
7882,0.31313131313131315,0.8768552715867918,0.26262626262626265,0.8781474760877492
7882,0.32323232323232326,0.8762833675564683,0.26262626262626265,0.8781474760877492
7882,0.33333333333333337,0.8754776346538712,0.26262626262626265,0.8781474760877492
7882,0.3434343434343435,0.8745165281383492,0.26262626262626265,0.8781474760877492
7882,0.3535353535353536,0.873572103508867,0.26262626262626265,0.8781474760877492
7882,0.36363636363636365,0.8724708447624957,0.26262626262626265,0.8781474760877492
7882,0.37373737373737376,0.8712849122929747,0.26262626262626265,0.8781474760877492
7882,0.38383838383838387,0.8700362872600774,0.26262626262626265,0.8781474760877492
7882,0.393939393939394,0.8686055976826127,0.26262626262626265,0.8781474760877492
7882,0.4040404040404041,0.8670604965856628,0.26262626262626265,0.8781474760877492
7882,0.4141414141414142,0.8655140032301872,0.26262626262626265,0.8781474760877492
7882,0.42424242424242425,0.8636537088186494,0.26262626262626265,0.8781474760877492
7882,0.43434343434343436,0.8617287572348156,0.26262626262626265,0.8781474760877492
7882,0.4444444444444445,0.8597309345510924,0.26262626262626265,0.8781474760877492
7882,0.4545454545454546,0.8574375070604056,0.26262626262626265,0.8781474760877492
7882,0.4646464646464647,0.85503724508487,0.26262626262626265,0.8781474760877492
7882,0.4747474747474748,0.8525831556228339,0.26262626262626265,0.8781474760877492
7882,0.48484848484848486,0.8498292125011265,0.26262626262626265,0.8781474760877492
7882,0.494949494949495,0.8467843545682163,0.26262626262626265,0.8781474760877492
7882,0.5050505050505051,0.8434314620179446,0.26262626262626265,0.8781474760877492
7882,0.5151515151515152,0.8399566011246536,0.26262626262626265,0.8781474760877492
7882,0.5252525252525253,0.8362783282316512,0.26262626262626265,0.8781474760877492
7882,0.5353535353535354,0.832396299308662,0.26262626262626265,0.8781474760877492
7882,0.5454545454545455,0.8281516946464925,0.26262626262626265,0.8781474760877492
7882,0.5555555555555556,0.8236744473941918,0.26262626262626265,0.8781474760877492
7882,0.5656565656565657,0.81895064574451,0.26262626262626265,0.8781474760877492
7882,0.5757575757575758,0.8141952571251306,0.26262626262626265,0.8781474760877492
7882,0.5858585858585859,0.8089944834010063,0.26262626262626265,0.8781474760877492
7882,0.595959595959596,0.8033418751486012,0.26262626262626265,0.8781474760877492
7882,0.6060606060606061,0.7975064208200826,0.26262626262626265,0.8781474760877492
7882,0.6161616161616162,0.7912664597712543,0.26262626262626265,0.8781474760877492
7882,0.6262626262626263,0.7847675061715071,0.26262626262626265,0.8781474760877492
7882,0.6363636363636365,0.7778938715616275,0.26262626262626265,0.8781474760877492
7882,0.6464646464646465,0.7708651503954895,0.26262626262626265,0.8781474760877492
7882,0.6565656565656566,0.7637298943180988,0.26262626262626265,0.8781474760877492
7882,0.6666666666666667,0.7560867566783174,0.26262626262626265,0.8781474760877492
7882,0.6767676767676768,0.7483636312767104,0.26262626262626265,0.8781474760877492
7882,0.686868686868687,0.7405696537884852,0.26262626262626265,0.8781474760877492
7882,0.696969696969697,0.7326187647360255,0.26262626262626265,0.8781474760877492
7882,0.7070707070707072,0.724367113948088,0.26262626262626265,0.8781474760877492
7882,0.7171717171717172,0.7159518277760892,0.26262626262626265,0.8781474760877492
7882,0.7272727272727273,0.707501984210473,0.26262626262626265,0.8781474760877492
7882,0.7373737373737375,0.698653708113861,0.26262626262626265,0.8781474760877492
7882,0.7474747474747475,0.6893034646265651,0.26262626262626265,0.8781474760877492
7882,0.7575757575757577,0.6793881110051486,0.26262626262626265,0.8781474760877492
7882,0.7676767676767677,0.669356300046874,0.26262626262626265,0.8781474760877492
7882,0.7777777777777778,0.6590349001558367,0.26262626262626265,0.8781474760877492
7882,0.787878787878788,0.6482662621684516,0.26262626262626265,0.8781474760877492
7882,0.797979797979798,0.6372833657459039,0.26262626262626265,0.8781474760877492
7882,0.8080808080808082,0.6257929232423954,0.26262626262626265,0.8781474760877492
7882,0.8181818181818182,0.6140698739941266,0.26262626262626265,0.8781474760877492
7882,0.8282828282828284,0.6020374350283555,0.26262626262626265,0.8781474760877492
7882,0.8383838383838385,0.5896366885050626,0.26262626262626265,0.8781474760877492
7882,0.8484848484848485,0.5765671903363094,0.26262626262626265,0.8781474760877492
7882,0.8585858585858587,0.5632981978808338,0.26262626262626265,0.8781474760877492
7882,0.8686868686868687,0.5490481625798664,0.26262626262626265,0.8781474760877492
7882,0.8787878787878789,0.5332338357958974,0.26262626262626265,0.8781474760877492
7882,0.888888888888889,0.5156723658105082,0.26262626262626265,0.8781474760877492
7882,0.8989898989898991,0.4953522013648973,0.26262626262626265,0.8781474760877492
7882,0.9090909090909092,0.472680904882933,0.26262626262626265,0.8781474760877492
7882,0.9191919191919192,0.44829783760154074,0.26262626262626265,0.8781474760877492
7882,0.9292929292929294,0.4201228178380843,0.26262626262626265,0.8781474760877492
7882,0.9393939393939394,0.3888173752593635,0.26262626262626265,0.8781474760877492
7882,0.9494949494949496,0.35093147995386464,0.26262626262626265,0.8781474760877492
7882,0.9595959595959597,0.3053317401469542,0.26262626262626265,0.8781474760877492
7882,0.9696969696969697,0.2512562814070352,0.26262626262626265,0.8781474760877492
7882,0.9797979797979799,0.18131482476344557,0.26262626262626265,0.8781474760877492
7882,0.98989898989899,0.08041000149905168,0.26262626262626265,0.8781474760877492
7882,1.0,0.003497838706251596,0.26262626262626265,0.8781474760877492
8702,0.0,0.5066242866829317,0.5252525252525253,0.9218673965936739
8702,0.010101010101010102,0.6756141671005499,0.5252525252525253,0.9218673965936739
8702,0.020202020202020204,0.719864872283525,0.5252525252525253,0.9218673965936739
8702,0.030303030303030304,0.7456045920232689,0.5252525252525253,0.9218673965936739
8702,0.04040404040404041,0.7624771480804389,0.5252525252525253,0.9218673965936739
8702,0.05050505050505051,0.774219274990954,0.5252525252525253,0.9218673965936739
8702,0.06060606060606061,0.783216678711074,0.5252525252525253,0.9218673965936739
8702,0.07070707070707072,0.7904603441104017,0.5252525252525253,0.9218673965936739
8702,0.08080808080808081,0.7964435485009662,0.5252525252525253,0.9218673965936739
8702,0.09090909090909091,0.8020907875358075,0.5252525252525253,0.9218673965936739
8702,0.10101010101010102,0.8071837000858088,0.5252525252525253,0.9218673965936739
8702,0.11111111111111112,0.8119007216555406,0.5252525252525253,0.9218673965936739
8702,0.12121212121212122,0.8164135934757738,0.5252525252525253,0.9218673965936739
8702,0.13131313131313133,0.8208662609550001,0.5252525252525253,0.9218673965936739
8702,0.14141414141414144,0.8250646851687679,0.5252525252525253,0.9218673965936739
8702,0.15151515151515152,0.8290280001632928,0.5252525252525253,0.9218673965936739
8702,0.16161616161616163,0.8328929760930474,0.5252525252525253,0.9218673965936739
8702,0.17171717171717174,0.8367697929186971,0.5252525252525253,0.9218673965936739
8702,0.18181818181818182,0.8408309321892328,0.5252525252525253,0.9218673965936739
8702,0.19191919191919193,0.8448655555542683,0.5252525252525253,0.9218673965936739
8702,0.20202020202020204,0.8488264157491943,0.5252525252525253,0.9218673965936739
8702,0.21212121212121213,0.8526905414804008,0.5252525252525253,0.9218673965936739
8702,0.22222222222222224,0.8564349793202154,0.5252525252525253,0.9218673965936739
8702,0.23232323232323235,0.8600882397831511,0.5252525252525253,0.9218673965936739
8702,0.24242424242424243,0.8637240102822871,0.5252525252525253,0.9218673965936739
8702,0.25252525252525254,0.8673115165371824,0.5252525252525253,0.9218673965936739
8702,0.26262626262626265,0.8707280189067094,0.5252525252525253,0.9218673965936739
8702,0.27272727272727276,0.8739489095729897,0.5252525252525253,0.9218673965936739
8702,0.2828282828282829,0.8770315548547144,0.5252525252525253,0.9218673965936739
8702,0.29292929292929293,0.8799122691325098,0.5252525252525253,0.9218673965936739
8702,0.30303030303030304,0.8825717915513357,0.5252525252525253,0.9218673965936739
8702,0.31313131313131315,0.8852421795854202,0.5252525252525253,0.9218673965936739
8702,0.32323232323232326,0.887941527157588,0.5252525252525253,0.9218673965936739
8702,0.33333333333333337,0.8903717303346123,0.5252525252525253,0.9218673965936739
8702,0.3434343434343435,0.8927544082720776,0.5252525252525253,0.9218673965936739
8702,0.3535353535353536,0.8950032773660063,0.5252525252525253,0.9218673965936739
8702,0.36363636363636365,0.8970001406599867,0.5252525252525253,0.9218673965936739
8702,0.37373737373737376,0.8988994165290035,0.5252525252525253,0.9218673965936739
8702,0.38383838383838387,0.9006414277849617,0.5252525252525253,0.9218673965936739
8702,0.393939393939394,0.9024160458806751,0.5252525252525253,0.9218673965936739
8702,0.4040404040404041,0.9041507461354028,0.5252525252525253,0.9218673965936739
8702,0.4141414141414142,0.9059996981414884,0.5252525252525253,0.9218673965936739
8702,0.42424242424242425,0.9080245742363079,0.5252525252525253,0.9218673965936739
8702,0.43434343434343436,0.9099062823215457,0.5252525252525253,0.9218673965936739
8702,0.4444444444444445,0.9118697895990473,0.5252525252525253,0.9218673965936739
8702,0.4545454545454546,0.9138300449015334,0.5252525252525253,0.9218673965936739
8702,0.4646464646464647,0.9156505887675098,0.5252525252525253,0.9218673965936739
8702,0.4747474747474748,0.9172735997243395,0.5252525252525253,0.9218673965936739
8702,0.48484848484848486,0.9186206560532053,0.5252525252525253,0.9218673965936739
8702,0.494949494949495,0.919707393538274,0.5252525252525253,0.9218673965936739
8702,0.5050505050505051,0.9207628521324239,0.5252525252525253,0.9218673965936739
8702,0.5151515151515152,0.9214867338420767,0.5252525252525253,0.9218673965936739
8702,0.5252525252525253,0.9218673965936739,0.5252525252525253,0.9218673965936739
8702,0.5353535353535354,0.9218222714345853,0.5252525252525253,0.9218673965936739
8702,0.5454545454545455,0.9214244436813762,0.5252525252525253,0.9218673965936739
8702,0.5555555555555556,0.9205856498130414,0.5252525252525253,0.9218673965936739
8702,0.5656565656565657,0.9194106342088405,0.5252525252525253,0.9218673965936739
8702,0.5757575757575758,0.9178523205259622,0.5252525252525253,0.9218673965936739
8702,0.5858585858585859,0.9159519628150506,0.5252525252525253,0.9218673965936739
8702,0.595959595959596,0.9136264954962274,0.5252525252525253,0.9218673965936739
8702,0.6060606060606061,0.911056181898073,0.5252525252525253,0.9218673965936739
8702,0.6161616161616162,0.9081504476925509,0.5252525252525253,0.9218673965936739
8702,0.6262626262626263,0.9049582124453297,0.5252525252525253,0.9218673965936739
8702,0.6363636363636365,0.9014874739039667,0.5252525252525253,0.9218673965936739
8702,0.6464646464646465,0.8978470742608649,0.5252525252525253,0.9218673965936739
8702,0.6565656565656566,0.8940022180410426,0.5252525252525253,0.9218673965936739
8702,0.6666666666666667,0.8896492301177467,0.5252525252525253,0.9218673965936739
8702,0.6767676767676768,0.8849868539091701,0.5252525252525253,0.9218673965936739
8702,0.686868686868687,0.8799818120489231,0.5252525252525253,0.9218673965936739
8702,0.696969696969697,0.8748010919213064,0.5252525252525253,0.9218673965936739
8702,0.7070707070707072,0.8692915847037238,0.5252525252525253,0.9218673965936739
8702,0.7171717171717172,0.8631939655693874,0.5252525252525253,0.9218673965936739
8702,0.7272727272727273,0.8568175487359181,0.5252525252525253,0.9218673965936739
8702,0.7373737373737375,0.8502841522853997,0.5252525252525253,0.9218673965936739
8702,0.7474747474747475,0.8429973238180196,0.5252525252525253,0.9218673965936739
8702,0.7575757575757577,0.8350788678857931,0.5252525252525253,0.9218673965936739
8702,0.7676767676767677,0.8266041522925422,0.5252525252525253,0.9218673965936739
8702,0.7777777777777778,0.8174752797828795,0.5252525252525253,0.9218673965936739
8702,0.787878787878788,0.8073824538995769,0.5252525252525253,0.9218673965936739
8702,0.797979797979798,0.7965236179527075,0.5252525252525253,0.9218673965936739
8702,0.8080808080808082,0.7843511854792042,0.5252525252525253,0.9218673965936739
8702,0.8181818181818182,0.7711959999208426,0.5252525252525253,0.9218673965936739
8702,0.8282828282828284,0.756562113772255,0.5252525252525253,0.9218673965936739
8702,0.8383838383838385,0.7404703205006637,0.5252525252525253,0.9218673965936739
8702,0.8484848484848485,0.7230676450930634,0.5252525252525253,0.9218673965936739
8702,0.8585858585858587,0.7042014606947462,0.5252525252525253,0.9218673965936739
8702,0.8686868686868687,0.6832002470630206,0.5252525252525253,0.9218673965936739
8702,0.8787878787878789,0.6596143657178609,0.5252525252525253,0.9218673965936739
8702,0.888888888888889,0.6323940020682524,0.5252525252525253,0.9218673965936739
8702,0.8989898989898991,0.6010957267413283,0.5252525252525253,0.9218673965936739
8702,0.9090909090909092,0.5658100723387994,0.5252525252525253,0.9218673965936739
8702,0.9191919191919192,0.5244282495085582,0.5252525252525253,0.9218673965936739
8702,0.9292929292929294,0.4775631040920954,0.5252525252525253,0.9218673965936739
8702,0.9393939393939394,0.42612955906369077,0.5252525252525253,0.9218673965936739
8702,0.9494949494949496,0.37174538750281855,0.5252525252525253,0.9218673965936739
8702,0.9595959595959597,0.3129209593632366,0.5252525252525253,0.9218673965936739
8702,0.9696969696969697,0.2351724154483858,0.5252525252525253,0.9218673965936739
8702,0.9797979797979799,0.13147154035311678,0.5252525252525253,0.9218673965936739
8702,0.98989898989899,0.027711839829862195,0.5252525252525253,0.9218673965936739
8702,1.0,0.0010233353110558317,0.5252525252525253,0.9218673965936739
8958,0.0,0.5923563416269504,0.595959595959596,0.805843011053589
8958,0.010101010101010102,0.7191761832464189,0.595959595959596,0.805843011053589
8958,0.020202020202020204,0.7339265650981978,0.595959595959596,0.805843011053589
8958,0.030303030303030304,0.74237158609145,0.595959595959596,0.805843011053589
8958,0.04040404040404041,0.7489025219036424,0.595959595959596,0.805843011053589
8958,0.05050505050505051,0.753943947370856,0.595959595959596,0.805843011053589
8958,0.06060606060606061,0.7580572327717439,0.595959595959596,0.805843011053589
8958,0.07070707070707072,0.7615971237166973,0.595959595959596,0.805843011053589
8958,0.08080808080808081,0.7645072383335373,0.595959595959596,0.805843011053589
8958,0.09090909090909091,0.7672555503070383,0.595959595959596,0.805843011053589
8958,0.10101010101010102,0.7696576453513192,0.595959595959596,0.805843011053589
8958,0.11111111111111112,0.7721348956844812,0.595959595959596,0.805843011053589
8958,0.12121212121212122,0.7744400816861396,0.595959595959596,0.805843011053589
8958,0.13131313131313133,0.776300378256946,0.595959595959596,0.805843011053589
8958,0.14141414141414144,0.7782135664106543,0.595959595959596,0.805843011053589
8958,0.15151515151515152,0.7801493201292046,0.595959595959596,0.805843011053589
8958,0.16161616161616163,0.7818040661846767,0.595959595959596,0.805843011053589
8958,0.17171717171717174,0.7833367407537215,0.595959595959596,0.805843011053589
8958,0.18181818181818182,0.784841529520926,0.595959595959596,0.805843011053589
8958,0.19191919191919193,0.7862496693218894,0.595959595959596,0.805843011053589
8958,0.20202020202020204,0.7878162309352129,0.595959595959596,0.805843011053589
8958,0.21212121212121213,0.7889418738257153,0.595959595959596,0.805843011053589
8958,0.22222222222222224,0.7897246181846956,0.595959595959596,0.805843011053589
8958,0.23232323232323235,0.7908668277507926,0.595959595959596,0.805843011053589
8958,0.24242424242424243,0.7918396193547744,0.595959595959596,0.805843011053589
8958,0.25252525252525254,0.7927925229165418,0.595959595959596,0.805843011053589
8958,0.26262626262626265,0.7936649408654376,0.595959595959596,0.805843011053589
8958,0.27272727272727276,0.794179671024884,0.595959595959596,0.805843011053589
8958,0.2828282828282829,0.7947048545547012,0.595959595959596,0.805843011053589
8958,0.29292929292929293,0.7953662884354155,0.595959595959596,0.805843011053589
8958,0.30303030303030304,0.7961938907794522,0.595959595959596,0.805843011053589
8958,0.31313131313131315,0.7969262648938008,0.595959595959596,0.805843011053589
8958,0.32323232323232326,0.797717895165809,0.595959595959596,0.805843011053589
8958,0.33333333333333337,0.7982570405447514,0.595959595959596,0.805843011053589
8958,0.3434343434343435,0.7990470579194098,0.595959595959596,0.805843011053589
8958,0.3535353535353536,0.799599218990854,0.595959595959596,0.805843011053589
8958,0.36363636363636365,0.8001813675733328,0.595959595959596,0.805843011053589
8958,0.37373737373737376,0.8007110633394139,0.595959595959596,0.805843011053589
8958,0.38383838383838387,0.801007373935754,0.595959595959596,0.805843011053589
8958,0.393939393939394,0.8015114816470369,0.595959595959596,0.805843011053589
8958,0.4040404040404041,0.8020141574837626,0.595959595959596,0.805843011053589
8958,0.4141414141414142,0.8027800003137697,0.595959595959596,0.805843011053589
8958,0.42424242424242425,0.8033045713236643,0.595959595959596,0.805843011053589
8958,0.43434343434343436,0.8037283818065073,0.595959595959596,0.805843011053589
8958,0.4444444444444445,0.8039861846066098,0.595959595959596,0.805843011053589
8958,0.4545454545454546,0.8042988643409416,0.595959595959596,0.805843011053589
8958,0.4646464646464647,0.804607603822652,0.595959595959596,0.805843011053589
8958,0.4747474747474748,0.8049431484545988,0.595959595959596,0.805843011053589
8958,0.48484848484848486,0.8050204632625512,0.595959595959596,0.805843011053589
8958,0.494949494949495,0.8050928564515609,0.595959595959596,0.805843011053589
8958,0.5050505050505051,0.8053302245753792,0.595959595959596,0.805843011053589
8958,0.5151515151515152,0.8053748002058895,0.595959595959596,0.805843011053589
8958,0.5252525252525253,0.8052618985469415,0.595959595959596,0.805843011053589
8958,0.5353535353535354,0.8054084740766618,0.595959595959596,0.805843011053589
8958,0.5454545454545455,0.8057030449481914,0.595959595959596,0.805843011053589
8958,0.5555555555555556,0.8058249756559148,0.595959595959596,0.805843011053589
8958,0.5656565656565657,0.805720503996509,0.595959595959596,0.805843011053589
8958,0.5757575757575758,0.8055874537476215,0.595959595959596,0.805843011053589
8958,0.5858585858585859,0.805806793167823,0.595959595959596,0.805843011053589
8958,0.595959595959596,0.805843011053589,0.595959595959596,0.805843011053589
8958,0.6060606060606061,0.805550243540277,0.595959595959596,0.805843011053589
8958,0.6161616161616162,0.8054296084395248,0.595959595959596,0.805843011053589
8958,0.6262626262626263,0.8052083866164242,0.595959595959596,0.805843011053589
8958,0.6363636363636365,0.8044775095995611,0.595959595959596,0.805843011053589
8958,0.6464646464646465,0.8036218020533503,0.595959595959596,0.805843011053589
8958,0.6565656565656566,0.8026961775272333,0.595959595959596,0.805843011053589
8958,0.6666666666666667,0.8012225663433994,0.595959595959596,0.805843011053589
8958,0.6767676767676768,0.7994036134011577,0.595959595959596,0.805843011053589
8958,0.686868686868687,0.7976908546309428,0.595959595959596,0.805843011053589
8958,0.696969696969697,0.7955348043514328,0.595959595959596,0.805843011053589
8958,0.7070707070707072,0.7933447475645332,0.595959595959596,0.805843011053589
8958,0.7171717171717172,0.7910841419087385,0.595959595959596,0.805843011053589
8958,0.7272727272727273,0.7882854808943212,0.595959595959596,0.805843011053589
8958,0.7373737373737375,0.7849063046911683,0.595959595959596,0.805843011053589
8958,0.7474747474747475,0.7818808650282996,0.595959595959596,0.805843011053589
8958,0.7575757575757577,0.7783038159802693,0.595959595959596,0.805843011053589
8958,0.7676767676767677,0.7744263115112863,0.595959595959596,0.805843011053589
8958,0.7777777777777778,0.7703950565854336,0.595959595959596,0.805843011053589
8958,0.787878787878788,0.7660783689072952,0.595959595959596,0.805843011053589
8958,0.797979797979798,0.7611275582443042,0.595959595959596,0.805843011053589
8958,0.8080808080808082,0.7557809858239043,0.595959595959596,0.805843011053589
8958,0.8181818181818182,0.7493242310044789,0.595959595959596,0.805843011053589
8958,0.8282828282828284,0.7425377603300286,0.595959595959596,0.805843011053589
8958,0.8383838383838385,0.7336915846891371,0.595959595959596,0.805843011053589
8958,0.8484848484848485,0.7240978359005226,0.595959595959596,0.805843011053589
8958,0.8585858585858587,0.7132500000000002,0.595959595959596,0.805843011053589
8958,0.8686868686868687,0.7004863998644576,0.595959595959596,0.805843011053589
8958,0.8787878787878789,0.6853942278655757,0.595959595959596,0.805843011053589
8958,0.888888888888889,0.6699239956568948,0.595959595959596,0.805843011053589
8958,0.8989898989898991,0.652254468806493,0.595959595959596,0.805843011053589
8958,0.9090909090909092,0.6311416768595232,0.595959595959596,0.805843011053589
8958,0.9191919191919192,0.6065820538416441,0.595959595959596,0.805843011053589
8958,0.9292929292929294,0.5788300104931793,0.595959595959596,0.805843011053589
8958,0.9393939393939394,0.5424024044537039,0.595959595959596,0.805843011053589
8958,0.9494949494949496,0.4909677825434077,0.595959595959596,0.805843011053589
8958,0.9595959595959597,0.4157592517908241,0.595959595959596,0.805843011053589
8958,0.9696969696969697,0.3015311153786267,0.595959595959596,0.805843011053589
8958,0.9797979797979799,0.16577264055661545,0.595959595959596,0.805843011053589
8958,0.98989898989899,0.022719849018255724,0.595959595959596,0.805843011053589
8958,1.0,0.0005871990604815032,0.595959595959596,0.805843011053589
8960,0.0,0.5996974052976092,0.595959595959596,0.8161891953125378
8960,0.010101010101010102,0.7082559400864823,0.595959595959596,0.8161891953125378
8960,0.020202020202020204,0.7207333900387487,0.595959595959596,0.8161891953125378
8960,0.030303030303030304,0.7285220215916691,0.595959595959596,0.8161891953125378
8960,0.04040404040404041,0.7345071698055038,0.595959595959596,0.8161891953125378
8960,0.05050505050505051,0.7393396563232485,0.595959595959596,0.8161891953125378
8960,0.06060606060606061,0.7436589356774932,0.595959595959596,0.8161891953125378
8960,0.07070707070707072,0.7476529786548719,0.595959595959596,0.8161891953125378
8960,0.08080808080808081,0.7511835335831356,0.595959595959596,0.8161891953125378
8960,0.09090909090909091,0.75436543047251,0.595959595959596,0.8161891953125378
8960,0.10101010101010102,0.7569479857215706,0.595959595959596,0.8161891953125378
8960,0.11111111111111112,0.7593632509399247,0.595959595959596,0.8161891953125378
8960,0.12121212121212122,0.7613830632539548,0.595959595959596,0.8161891953125378
8960,0.13131313131313133,0.7632716819788555,0.595959595959596,0.8161891953125378
8960,0.14141414141414144,0.7651801583454516,0.595959595959596,0.8161891953125378
8960,0.15151515151515152,0.7668287543561066,0.595959595959596,0.8161891953125378
8960,0.16161616161616163,0.768486681135741,0.595959595959596,0.8161891953125378
8960,0.17171717171717174,0.7700628479666115,0.595959595959596,0.8161891953125378
8960,0.18181818181818182,0.7715272526619117,0.595959595959596,0.8161891953125378
8960,0.19191919191919193,0.7731357725043868,0.595959595959596,0.8161891953125378
8960,0.20202020202020204,0.774726540011514,0.595959595959596,0.8161891953125378
8960,0.21212121212121213,0.7763436335960993,0.595959595959596,0.8161891953125378
8960,0.22222222222222224,0.7777685841000861,0.595959595959596,0.8161891953125378
8960,0.23232323232323235,0.7794017562206397,0.595959595959596,0.8161891953125378
8960,0.24242424242424243,0.7809733131860584,0.595959595959596,0.8161891953125378
8960,0.25252525252525254,0.7824925047810729,0.595959595959596,0.8161891953125378
8960,0.26262626262626265,0.784095620599974,0.595959595959596,0.8161891953125378
8960,0.27272727272727276,0.7856119821745832,0.595959595959596,0.8161891953125378
8960,0.2828282828282829,0.7870928601220946,0.595959595959596,0.8161891953125378
8960,0.29292929292929293,0.7884496733351928,0.595959595959596,0.8161891953125378
8960,0.30303030303030304,0.7896760301292404,0.595959595959596,0.8161891953125378
8960,0.31313131313131315,0.7911274787053535,0.595959595959596,0.8161891953125378
8960,0.32323232323232326,0.7924090480598199,0.595959595959596,0.8161891953125378
8960,0.33333333333333337,0.7932897793636329,0.595959595959596,0.8161891953125378
8960,0.3434343434343435,0.7943469994721234,0.595959595959596,0.8161891953125378
8960,0.3535353535353536,0.7955808716842545,0.595959595959596,0.8161891953125378
8960,0.36363636363636365,0.7966458291031783,0.595959595959596,0.8161891953125378
8960,0.37373737373737376,0.7975703762795194,0.595959595959596,0.8161891953125378
8960,0.38383838383838387,0.7984334203655353,0.595959595959596,0.8161891953125378
8960,0.393939393939394,0.799185805764006,0.595959595959596,0.8161891953125378
8960,0.4040404040404041,0.8001666045553193,0.595959595959596,0.8161891953125378
8960,0.4141414141414142,0.8010966089612138,0.595959595959596,0.8161891953125378
8960,0.42424242424242425,0.8020911127707243,0.595959595959596,0.8161891953125378
8960,0.43434343434343436,0.8032004828238092,0.595959595959596,0.8161891953125378
8960,0.4444444444444445,0.8041853645928495,0.595959595959596,0.8161891953125378
8960,0.4545454545454546,0.8051599273098373,0.595959595959596,0.8161891953125378
8960,0.4646464646464647,0.8064530637210808,0.595959595959596,0.8161891953125378
8960,0.4747474747474748,0.8076429320507721,0.595959595959596,0.8161891953125378
8960,0.48484848484848486,0.8089713070814631,0.595959595959596,0.8161891953125378
8960,0.494949494949495,0.8098286695404399,0.595959595959596,0.8161891953125378
8960,0.5050505050505051,0.8107530040298521,0.595959595959596,0.8161891953125378
8960,0.5151515151515152,0.8117002334142134,0.595959595959596,0.8161891953125378
8960,0.5252525252525253,0.8124391352333961,0.595959595959596,0.8161891953125378
8960,0.5353535353535354,0.8131657087452862,0.595959595959596,0.8161891953125378
8960,0.5454545454545455,0.8139042245072032,0.595959595959596,0.8161891953125378
8960,0.5555555555555556,0.8143952424260988,0.595959595959596,0.8161891953125378
8960,0.5656565656565657,0.8151036361482885,0.595959595959596,0.8161891953125378
8960,0.5757575757575758,0.8155283379304761,0.595959595959596,0.8161891953125378
8960,0.5858585858585859,0.8159502441315003,0.595959595959596,0.8161891953125378
8960,0.595959595959596,0.8161891953125378,0.595959595959596,0.8161891953125378
8960,0.6060606060606061,0.8161466715789881,0.595959595959596,0.8161891953125378
8960,0.6161616161616162,0.8161867643543879,0.595959595959596,0.8161891953125378
8960,0.6262626262626263,0.8155957359090641,0.595959595959596,0.8161891953125378
8960,0.6363636363636365,0.8147306542840912,0.595959595959596,0.8161891953125378
8960,0.6464646464646465,0.8140777446979826,0.595959595959596,0.8161891953125378
8960,0.6565656565656566,0.8130430215633019,0.595959595959596,0.8161891953125378
8960,0.6666666666666667,0.8115715874941483,0.595959595959596,0.8161891953125378
8960,0.6767676767676768,0.8098088610225503,0.595959595959596,0.8161891953125378
8960,0.686868686868687,0.8085751164487346,0.595959595959596,0.8161891953125378
8960,0.696969696969697,0.8065820365680114,0.595959595959596,0.8161891953125378
8960,0.7070707070707072,0.8040975761181676,0.595959595959596,0.8161891953125378
8960,0.7171717171717172,0.8012910424803034,0.595959595959596,0.8161891953125378
8960,0.7272727272727273,0.7985307563767066,0.595959595959596,0.8161891953125378
8960,0.7373737373737375,0.7953525581592485,0.595959595959596,0.8161891953125378
8960,0.7474747474747475,0.7919691251777333,0.595959595959596,0.8161891953125378
8960,0.7575757575757577,0.7876378309561314,0.595959595959596,0.8161891953125378
8960,0.7676767676767677,0.7829970318329112,0.595959595959596,0.8161891953125378
8960,0.7777777777777778,0.7780595545238005,0.595959595959596,0.8161891953125378
8960,0.787878787878788,0.7722248170636774,0.595959595959596,0.8161891953125378
8960,0.797979797979798,0.7658651197823569,0.595959595959596,0.8161891953125378
8960,0.8080808080808082,0.758499940311404,0.595959595959596,0.8161891953125378
8960,0.8181818181818182,0.7502158869788489,0.595959595959596,0.8161891953125378
8960,0.8282828282828284,0.7413780030446018,0.595959595959596,0.8161891953125378
8960,0.8383838383838385,0.7319204357092115,0.595959595959596,0.8161891953125378
8960,0.8484848484848485,0.7213886614324936,0.595959595959596,0.8161891953125378
8960,0.8585858585858587,0.7100622915440455,0.595959595959596,0.8161891953125378
8960,0.8686868686868687,0.6967049770012659,0.595959595959596,0.8161891953125378
8960,0.8787878787878789,0.6822787168565169,0.595959595959596,0.8161891953125378
8960,0.888888888888889,0.6643834712488947,0.595959595959596,0.8161891953125378
8960,0.8989898989898991,0.643058355563701,0.595959595959596,0.8161891953125378
8960,0.9090909090909092,0.6153091678459836,0.595959595959596,0.8161891953125378
8960,0.9191919191919192,0.5815925092545547,0.595959595959596,0.8161891953125378
8960,0.9292929292929294,0.5357180718147537,0.595959595959596,0.8161891953125378
8960,0.9393939393939394,0.4786976154638359,0.595959595959596,0.8161891953125378
8960,0.9494949494949496,0.3976966019010578,0.595959595959596,0.8161891953125378
8960,0.9595959595959597,0.2857450996252258,0.595959595959596,0.8161891953125378
8960,0.9696969696969697,0.15062169029930364,0.595959595959596,0.8161891953125378
8960,0.9797979797979799,0.02764185589406714,0.595959595959596,0.8161891953125378
8960,0.98989898989899,4.1959949228461434e-05,0.595959595959596,0.8161891953125378
8960,1.0,0.0,0.595959595959596,0.8161891953125378
9934,0.0,0.5707983957620485,0.48484848484848486,0.9401447350454933
9934,0.010101010101010102,0.730321468098634,0.48484848484848486,0.9401447350454933
9934,0.020202020202020204,0.7629046485127713,0.48484848484848486,0.9401447350454933
9934,0.030303030303030304,0.7830620462822481,0.48484848484848486,0.9401447350454933
9934,0.04040404040404041,0.7980497803574542,0.48484848484848486,0.9401447350454933
9934,0.05050505050505051,0.8103007040969762,0.48484848484848486,0.9401447350454933
9934,0.06060606060606061,0.8209345687509062,0.48484848484848486,0.9401447350454933
9934,0.07070707070707072,0.8304405846897778,0.48484848484848486,0.9401447350454933
9934,0.08080808080808081,0.8394970831912753,0.48484848484848486,0.9401447350454933
9934,0.09090909090909091,0.8478987323572911,0.48484848484848486,0.9401447350454933
9934,0.10101010101010102,0.8556058370154598,0.48484848484848486,0.9401447350454933
9934,0.11111111111111112,0.8629080937516169,0.48484848484848486,0.9401447350454933
9934,0.12121212121212122,0.8695809118930997,0.48484848484848486,0.9401447350454933
9934,0.13131313131313133,0.875555818535247,0.48484848484848486,0.9401447350454933
9934,0.14141414141414144,0.8810316571296137,0.48484848484848486,0.9401447350454933
9934,0.15151515151515152,0.8863660357187706,0.48484848484848486,0.9401447350454933
9934,0.16161616161616163,0.8912492059373518,0.48484848484848486,0.9401447350454933
9934,0.17171717171717174,0.8956684939645162,0.48484848484848486,0.9401447350454933
9934,0.18181818181818182,0.8996881873229365,0.48484848484848486,0.9401447350454933
9934,0.19191919191919193,0.9033645557066886,0.48484848484848486,0.9401447350454933
9934,0.20202020202020204,0.9066958607551686,0.48484848484848486,0.9401447350454933
9934,0.21212121212121213,0.91003599662424,0.48484848484848486,0.9401447350454933
9934,0.22222222222222224,0.9129290580903484,0.48484848484848486,0.9401447350454933
9934,0.23232323232323235,0.9155749180971439,0.48484848484848486,0.9401447350454933
9934,0.24242424242424243,0.918072048233672,0.48484848484848486,0.9401447350454933
9934,0.25252525252525254,0.9203181300524615,0.48484848484848486,0.9401447350454933
9934,0.26262626262626265,0.9222112557822605,0.48484848484848486,0.9401447350454933
9934,0.27272727272727276,0.9241285335870644,0.48484848484848486,0.9401447350454933
9934,0.2828282828282829,0.9258025817430182,0.48484848484848486,0.9401447350454933
9934,0.29292929292929293,0.927441386509174,0.48484848484848486,0.9401447350454933
9934,0.30303030303030304,0.9289040862010092,0.48484848484848486,0.9401447350454933
9934,0.31313131313131315,0.9302098840002093,0.48484848484848486,0.9401447350454933
9934,0.32323232323232326,0.9313922324170688,0.48484848484848486,0.9401447350454933
9934,0.33333333333333337,0.9324279899344304,0.48484848484848486,0.9401447350454933
9934,0.3434343434343435,0.9335182479301991,0.48484848484848486,0.9401447350454933
9934,0.3535353535353536,0.9344286723740944,0.48484848484848486,0.9401447350454933
9934,0.36363636363636365,0.9353664208038054,0.48484848484848486,0.9401447350454933
9934,0.37373737373737376,0.9361878449701554,0.48484848484848486,0.9401447350454933
9934,0.38383838383838387,0.9369098774822084,0.48484848484848486,0.9401447350454933
9934,0.393939393939394,0.9374422464886472,0.48484848484848486,0.9401447350454933
9934,0.4040404040404041,0.9379509309247165,0.48484848484848486,0.9401447350454933
9934,0.4141414141414142,0.9384275586035218,0.48484848484848486,0.9401447350454933
9934,0.42424242424242425,0.9389330439771629,0.48484848484848486,0.9401447350454933
9934,0.43434343434343436,0.9393077654127961,0.48484848484848486,0.9401447350454933
9934,0.4444444444444445,0.9396195568667219,0.48484848484848486,0.9401447350454933
9934,0.4545454545454546,0.9398518292141921,0.48484848484848486,0.9401447350454933
9934,0.4646464646464647,0.9399759118001297,0.48484848484848486,0.9401447350454933
9934,0.4747474747474748,0.9401094097864553,0.48484848484848486,0.9401447350454933
9934,0.48484848484848486,0.9401447350454933,0.48484848484848486,0.9401447350454933
9934,0.494949494949495,0.9401184044514898,0.48484848484848486,0.9401447350454933
9934,0.5050505050505051,0.9400621156748532,0.48484848484848486,0.9401447350454933
9934,0.5151515151515152,0.9398301725657797,0.48484848484848486,0.9401447350454933
9934,0.5252525252525253,0.9395053031879292,0.48484848484848486,0.9401447350454933
9934,0.5353535353535354,0.9391964218408423,0.48484848484848486,0.9401447350454933
9934,0.5454545454545455,0.9388631441092026,0.48484848484848486,0.9401447350454933
9934,0.5555555555555556,0.9383161715888351,0.48484848484848486,0.9401447350454933
9934,0.5656565656565657,0.9377624332807465,0.48484848484848486,0.9401447350454933
9934,0.5757575757575758,0.9370895781706948,0.48484848484848486,0.9401447350454933
9934,0.5858585858585859,0.9363982122246008,0.48484848484848486,0.9401447350454933
9934,0.595959595959596,0.9355687408186952,0.48484848484848486,0.9401447350454933
9934,0.6060606060606061,0.9346520844535439,0.48484848484848486,0.9401447350454933
9934,0.6161616161616162,0.93360563903276,0.48484848484848486,0.9401447350454933
9934,0.6262626262626263,0.932536962443231,0.48484848484848486,0.9401447350454933
9934,0.6363636363636365,0.9313354478836269,0.48484848484848486,0.9401447350454933
9934,0.6464646464646465,0.9300311179229949,0.48484848484848486,0.9401447350454933
9934,0.6565656565656566,0.928633050721404,0.48484848484848486,0.9401447350454933
9934,0.6666666666666667,0.9272322204326593,0.48484848484848486,0.9401447350454933
9934,0.6767676767676768,0.9256497310314427,0.48484848484848486,0.9401447350454933
9934,0.686868686868687,0.9240054604980944,0.48484848484848486,0.9401447350454933
9934,0.696969696969697,0.9221440552656798,0.48484848484848486,0.9401447350454933
9934,0.7070707070707072,0.9203012841943795,0.48484848484848486,0.9401447350454933
9934,0.7171717171717172,0.9182199885070621,0.48484848484848486,0.9401447350454933
9934,0.7272727272727273,0.9162329628935978,0.48484848484848486,0.9401447350454933
9934,0.7373737373737375,0.9140402472889109,0.48484848484848486,0.9401447350454933
9934,0.7474747474747475,0.9117807084827364,0.48484848484848486,0.9401447350454933
9934,0.7575757575757577,0.9092046938892359,0.48484848484848486,0.9401447350454933
9934,0.7676767676767677,0.9066646358652883,0.48484848484848486,0.9401447350454933
9934,0.7777777777777778,0.9037888834211376,0.48484848484848486,0.9401447350454933
9934,0.787878787878788,0.9008400918812648,0.48484848484848486,0.9401447350454933
9934,0.797979797979798,0.8975623461017392,0.48484848484848486,0.9401447350454933
9934,0.8080808080808082,0.8940687275715878,0.48484848484848486,0.9401447350454933
9934,0.8181818181818182,0.8902511607382417,0.48484848484848486,0.9401447350454933
9934,0.8282828282828284,0.8861156452625832,0.48484848484848486,0.9401447350454933
9934,0.8383838383838385,0.8817389080820842,0.48484848484848486,0.9401447350454933
9934,0.8484848484848485,0.8768777565300054,0.48484848484848486,0.9401447350454933
9934,0.8585858585858587,0.8713845846023877,0.48484848484848486,0.9401447350454933
9934,0.8686868686868687,0.8654944440561886,0.48484848484848486,0.9401447350454933
9934,0.8787878787878789,0.8591652895467811,0.48484848484848486,0.9401447350454933
9934,0.888888888888889,0.8518267268470852,0.48484848484848486,0.9401447350454933
9934,0.8989898989898991,0.8437203448241416,0.48484848484848486,0.9401447350454933
9934,0.9090909090909092,0.8342793637723366,0.48484848484848486,0.9401447350454933
9934,0.9191919191919192,0.8230296472750859,0.48484848484848486,0.9401447350454933
9934,0.9292929292929294,0.8100951142518396,0.48484848484848486,0.9401447350454933
9934,0.9393939393939394,0.7936923334009717,0.48484848484848486,0.9401447350454933
9934,0.9494949494949496,0.7724281260824386,0.48484848484848486,0.9401447350454933
9934,0.9595959595959597,0.7438928412558676,0.48484848484848486,0.9401447350454933
9934,0.9696969696969697,0.7021875934542625,0.48484848484848486,0.9401447350454933
9934,0.9797979797979799,0.6317690632695009,0.48484848484848486,0.9401447350454933
9934,0.98989898989899,0.4622266117300275,0.48484848484848486,0.9401447350454933
9934,1.0,0.0016205808816059115,0.48484848484848486,0.9401447350454933
9939,0.0,0.5996185590740193,0.6666666666666667,0.9425048005120545
9939,0.010101010101010102,0.763540197461213,0.6666666666666667,0.9425048005120545
9939,0.020202020202020204,0.7946508131465866,0.6666666666666667,0.9425048005120545
9939,0.030303030303030304,0.8120726713592246,0.6666666666666667,0.9425048005120545
9939,0.04040404040404041,0.8240463907104412,0.6666666666666667,0.9425048005120545
9939,0.05050505050505051,0.8336551730775941,0.6666666666666667,0.9425048005120545
9939,0.06060606060606061,0.8418416752221907,0.6666666666666667,0.9425048005120545
9939,0.07070707070707072,0.8487879218507284,0.6666666666666667,0.9425048005120545
9939,0.08080808080808081,0.8548492771398006,0.6666666666666667,0.9425048005120545
9939,0.09090909090909091,0.8601563130482286,0.6666666666666667,0.9425048005120545
9939,0.10101010101010102,0.8651034193381613,0.6666666666666667,0.9425048005120545
9939,0.11111111111111112,0.8698447539960495,0.6666666666666667,0.9425048005120545
9939,0.12121212121212122,0.8741761639720823,0.6666666666666667,0.9425048005120545
9939,0.13131313131313133,0.8781391409527699,0.6666666666666667,0.9425048005120545
9939,0.14141414141414144,0.8819508915097403,0.6666666666666667,0.9425048005120545
9939,0.15151515151515152,0.885587015435221,0.6666666666666667,0.9425048005120545
9939,0.16161616161616163,0.889007589872124,0.6666666666666667,0.9425048005120545
9939,0.17171717171717174,0.8920965848390616,0.6666666666666667,0.9425048005120545
9939,0.18181818181818182,0.8951458646149787,0.6666666666666667,0.9425048005120545
9939,0.19191919191919193,0.8979483792442572,0.6666666666666667,0.9425048005120545
9939,0.20202020202020204,0.900530388322346,0.6666666666666667,0.9425048005120545
9939,0.21212121212121213,0.9028418390120517,0.6666666666666667,0.9425048005120545
9939,0.22222222222222224,0.9051074639093228,0.6666666666666667,0.9425048005120545
9939,0.23232323232323235,0.9071586092354679,0.6666666666666667,0.9425048005120545
9939,0.24242424242424243,0.9091700564325329,0.6666666666666667,0.9425048005120545
9939,0.25252525252525254,0.91104869037278,0.6666666666666667,0.9425048005120545
9939,0.26262626262626265,0.9128108660789065,0.6666666666666667,0.9425048005120545
9939,0.27272727272727276,0.9145277985556268,0.6666666666666667,0.9425048005120545
9939,0.2828282828282829,0.9161013014234735,0.6666666666666667,0.9425048005120545
9939,0.29292929292929293,0.917606650379228,0.6666666666666667,0.9425048005120545
9939,0.30303030303030304,0.9190157397998933,0.6666666666666667,0.9425048005120545
9939,0.31313131313131315,0.9203974789332963,0.6666666666666667,0.9425048005120545
9939,0.32323232323232326,0.9215898004730914,0.6666666666666667,0.9425048005120545
9939,0.33333333333333337,0.9227659363696482,0.6666666666666667,0.9425048005120545
9939,0.3434343434343435,0.9238623471574435,0.6666666666666667,0.9425048005120545
9939,0.3535353535353536,0.9249802537195545,0.6666666666666667,0.9425048005120545
9939,0.36363636363636365,0.9260524669138178,0.6666666666666667,0.9425048005120545
9939,0.37373737373737376,0.9271058118830965,0.6666666666666667,0.9425048005120545
9939,0.38383838383838387,0.9281011161169339,0.6666666666666667,0.9425048005120545
9939,0.393939393939394,0.9289974834653805,0.6666666666666667,0.9425048005120545
9939,0.4040404040404041,0.9299339418574569,0.6666666666666667,0.9425048005120545
9939,0.4141414141414142,0.9308373731905442,0.6666666666666667,0.9425048005120545
9939,0.42424242424242425,0.931717181600985,0.6666666666666667,0.9425048005120545
9939,0.43434343434343436,0.9324799808349589,0.6666666666666667,0.9425048005120545
9939,0.4444444444444445,0.9332975201653586,0.6666666666666667,0.9425048005120545
9939,0.4545454545454546,0.9340243777527399,0.6666666666666667,0.9425048005120545
9939,0.4646464646464647,0.9347297918445072,0.6666666666666667,0.9425048005120545
9939,0.4747474747474748,0.9354266701747461,0.6666666666666667,0.9425048005120545
9939,0.48484848484848486,0.9361489496349152,0.6666666666666667,0.9425048005120545
9939,0.494949494949495,0.9368239661022079,0.6666666666666667,0.9425048005120545
9939,0.5050505050505051,0.9373788420920657,0.6666666666666667,0.9425048005120545
9939,0.5151515151515152,0.937906458059601,0.6666666666666667,0.9425048005120545
9939,0.5252525252525253,0.9383368082247084,0.6666666666666667,0.9425048005120545
9939,0.5353535353535354,0.9387556667317657,0.6666666666666667,0.9425048005120545
9939,0.5454545454545455,0.939297434936758,0.6666666666666667,0.9425048005120545
9939,0.5555555555555556,0.9397785001070519,0.6666666666666667,0.9425048005120545
9939,0.5656565656565657,0.9402572364287795,0.6666666666666667,0.9425048005120545
9939,0.5757575757575758,0.9406424814926473,0.6666666666666667,0.9425048005120545
9939,0.5858585858585859,0.9408850874346897,0.6666666666666667,0.9425048005120545
9939,0.595959595959596,0.9411662500420361,0.6666666666666667,0.9425048005120545
9939,0.6060606060606061,0.9415296395570389,0.6666666666666667,0.9425048005120545
9939,0.6161616161616162,0.9417642233987026,0.6666666666666667,0.9425048005120545
9939,0.6262626262626263,0.9420080597629448,0.6666666666666667,0.9425048005120545
9939,0.6363636363636365,0.9421881358231223,0.6666666666666667,0.9425048005120545
9939,0.6464646464646465,0.9422626776987769,0.6666666666666667,0.9425048005120545
9939,0.6565656565656566,0.942443582505574,0.6666666666666667,0.9425048005120545
9939,0.6666666666666667,0.9425048005120545,0.6666666666666667,0.9425048005120545
9939,0.6767676767676768,0.9423935374687944,0.6666666666666667,0.9425048005120545
9939,0.686868686868687,0.9422611076732231,0.6666666666666667,0.9425048005120545
9939,0.696969696969697,0.9420085554571839,0.6666666666666667,0.9425048005120545
9939,0.7070707070707072,0.9417641381529058,0.6666666666666667,0.9425048005120545
9939,0.7171717171717172,0.9414448077895038,0.6666666666666667,0.9425048005120545
9939,0.7272727272727273,0.9408426870576413,0.6666666666666667,0.9425048005120545
9939,0.7373737373737375,0.9402805913007719,0.6666666666666667,0.9425048005120545
9939,0.7474747474747475,0.9395555400644237,0.6666666666666667,0.9425048005120545
9939,0.7575757575757577,0.9386286322015749,0.6666666666666667,0.9425048005120545
9939,0.7676767676767677,0.9377074772953513,0.6666666666666667,0.9425048005120545
9939,0.7777777777777778,0.9365240964915884,0.6666666666666667,0.9425048005120545
9939,0.787878787878788,0.9350479171605126,0.6666666666666667,0.9425048005120545
9939,0.797979797979798,0.9335439670867519,0.6666666666666667,0.9425048005120545
9939,0.8080808080808082,0.9317290528780453,0.6666666666666667,0.9425048005120545
9939,0.8181818181818182,0.9296050425802992,0.6666666666666667,0.9425048005120545
9939,0.8282828282828284,0.9270944693491926,0.6666666666666667,0.9425048005120545
9939,0.8383838383838385,0.9242983524015752,0.6666666666666667,0.9425048005120545
9939,0.8484848484848485,0.9210094356606551,0.6666666666666667,0.9425048005120545
9939,0.8585858585858587,0.9173702990786462,0.6666666666666667,0.9425048005120545
9939,0.8686868686868687,0.9129948728629271,0.6666666666666667,0.9425048005120545
9939,0.8787878787878789,0.9077881177918501,0.6666666666666667,0.9425048005120545
9939,0.888888888888889,0.9016548132602696,0.6666666666666667,0.9425048005120545
9939,0.8989898989898991,0.8939823764215601,0.6666666666666667,0.9425048005120545
9939,0.9090909090909092,0.8851321788425077,0.6666666666666667,0.9425048005120545
9939,0.9191919191919192,0.8738863070326341,0.6666666666666667,0.9425048005120545
9939,0.9292929292929294,0.8596968645824682,0.6666666666666667,0.9425048005120545
9939,0.9393939393939394,0.8412616287746878,0.6666666666666667,0.9425048005120545
9939,0.9494949494949496,0.816933191940615,0.6666666666666667,0.9425048005120545
9939,0.9595959595959597,0.7832648398231591,0.6666666666666667,0.9425048005120545
9939,0.9696969696969697,0.7307619186896754,0.6666666666666667,0.9425048005120545
9939,0.9797979797979799,0.6342961781558273,0.6666666666666667,0.9425048005120545
9939,0.98989898989899,0.384604447676519,0.6666666666666667,0.9425048005120545
9939,1.0,0.001447866703968943,0.6666666666666667,0.9425048005120545
